{"type":"FeatureCollection","features":[{"type":"Feature","properties":{"code":"01","nom":"Ain"},"geometry":{"type":"Polygon","coordinates":[[[4.780213475718984,46.176677022719375],[4.7945808953124605,46.21831635025701],[4.807756868341096,46.23696871115128],[4.810994882268941,46.25992151697563],[4.825956808265179,46.27478753204555],[4.831827095028622,46.29688694217226],[4.852756157390729,46.328199775494426],[4.851457022538043,46.35626925172072],[4.8882077017045455,46.40298160185766],[4.891817622919295,46.43991436571944],[4.915786922554027,46.465410523692164],[4.915557341962093,46.48894113481689],[4.935598865656449,46.514228992728945],[5.004307716480809,46.51041518184386],[5.027777929725955,46.49358075779722],[5.056433075236103,46.48392614751307],[5.107377093416356,46.49191576160186],[5.137248163610305,46.509322673438184],[5.172664602566099,46.513447365613864],[5.201145471995378,46.50821850614692],[5.215064143095116,46.46835927312158],[5.25581668314639,46.451923595866475],[5.310560613770375,46.446766420719875],[5.319500329420964,46.430811362520714],[5.298803013245869,46.41268163222961],[5.341420750039618,46.40179770821096],[5.375550503997551,46.380228055197534],[5.373462288620209,46.35223630468514],[5.401973542783007,46.33904473846451],[5.425824019124199,46.33893598335614],[5.437795113853317,46.31511297122548],[5.466922894957274,46.32326983579511],[5.475143359983399,46.314983312313444],[5.4568376845310524,46.27447818647901],[5.4730553115738125,46.26506376332347],[5.5202584619727855,46.264154428816624],[5.542037828826235,46.27020190870743],[5.566359117801653,46.29405393089148],[5.597401953530867,46.29717016200506],[5.617647005041448,46.32909642404822],[5.649352566100887,46.33949973060812],[5.6845818644582415,46.31092471469043],[5.714717731644379,46.30876884774591],[5.715004075499846,46.281794854191894],[5.725183003095842,46.26072920479395],[5.76565366968616,46.26829459697285],[5.849846074176259,46.26206360332615],[5.878362837898188,46.26923930243743],[5.894626274200642,46.286605180505944],[5.908938421371525,46.283951620059554],[5.918004636082658,46.30919342038628],[5.94141074779852,46.309447376328514],[5.983619269600146,46.36236225578993],[6.029516385230691,46.38681597881577],[6.06400848181829,46.41622698893153],[6.098192550862728,46.4087886309623],[6.169741660312734,46.36793686221589],[6.121274356078805,46.31370764747048],[6.119369631480403,46.29490719406557],[6.102638404712805,46.28506396607944],[6.124247271884754,46.25101201647218],[6.101761179926224,46.23748787561317],[6.088183203547555,46.24681497717057],[6.033127717153324,46.23799614420531],[6.0025553835169445,46.220910810001136],[5.978439780731028,46.216958336715976],[5.963675623254598,46.19696085882454],[5.992165784426486,46.18661733755954],[5.956063159932633,46.13208943594269],[5.922266804802187,46.13147760862653],[5.8924200086063525,46.118482302607056],[5.883180329915085,46.08491752032048],[5.855667958392184,46.08676688670444],[5.832300912634432,46.10599585856304],[5.8114184967701625,46.07842009259869],[5.806996561909532,46.043829800018194],[5.812398928975968,46.02398062317354],[5.809643351753076,45.98979960381866],[5.834025839734275,45.972026538215985],[5.831226413621035,45.93845957829322],[5.8285402770414905,45.909296035615355],[5.80366973107069,45.85558153164841],[5.786777683247082,45.80940611504179],[5.77937453777779,45.76217553185385],[5.783495254205752,45.74431423922736],[5.756676853365063,45.70873356110276],[5.704119379498135,45.710926329459184],[5.708336503736496,45.683064766572876],[5.687058475150925,45.66816731077608],[5.689187102194641,45.64850161239945],[5.659528303353562,45.638682809874865],[5.623748035268078,45.61326832676418],[5.602655500360425,45.651527036877965],[5.586411372003499,45.66707375970352],[5.552743866622332,45.67988793690172],[5.5757522584808825,45.69178828956468],[5.5455415978088505,45.71359345746488],[5.52567323556446,45.71672537840989],[5.516232131684801,45.73225264077732],[5.482525465260449,45.754586398783026],[5.457406410775327,45.78099315590627],[5.422469140800665,45.80730767616671],[5.434944676804955,45.831093776494285],[5.413134793996487,45.85221987973304],[5.351020842949957,45.883709517437694],[5.329298728282268,45.86357404303832],[5.302019342914551,45.84764710800802],[5.288915017040864,45.81112188995001],[5.266894883868229,45.78936901099017],[5.221074288749879,45.76845271626348],[5.191532760208242,45.771688000938774],[5.176892976082814,45.7934833284559],[5.1603687442585455,45.80231368825673],[5.101067478338776,45.81337808264365],[5.044790298055403,45.8117360670572],[5.013451311336389,45.80505705540713],[4.963083585101699,45.81097052424602],[4.918340642420571,45.80702873296715],[4.916119464335568,45.84545668995466],[4.9012173780094885,45.86033670744545],[4.909016569606379,45.87410386475139],[4.88382693945437,45.879994069300665],[4.88069852397936,45.897169382005984],[4.8480352687938995,45.91297548186924],[4.805177333218323,45.89632861459743],[4.805862172264801,45.921565090394125],[4.7885556818887975,45.92396575312498],[4.771751698096339,45.939227157903346],[4.737325990745241,45.938166671490364],[4.729096921230878,45.94909221230217],[4.754510768697905,45.972272809968736],[4.74583632453276,46.03479022524953],[4.739924532383598,46.044545739209596],[4.76168298760261,46.068835281873454],[4.74842216438804,46.092116678231136],[4.7974461577782055,46.14070125939972],[4.802383406855843,46.15689004179432],[4.780213475718984,46.176677022719375]]]}},{"type":"Feature","properties":{"code":"02","nom":"Aisne"},"geometry":{"type":"Polygon","coordinates":[[[4.047972977986833,49.40564229475753],[4.039913351175735,49.397396867183815],[4.035496373111564,49.359904159430094],[4.0127284202980995,49.358299141243386],[3.9949400464231957,49.37789993445056],[3.9613090288565647,49.37734494086453],[3.9252301838116423,49.40757795776365],[3.898159524095673,49.39324676616779],[3.864856156264051,49.40533685972032],[3.837686516500783,49.39565820991326],[3.8563548292895904,49.381163036761194],[3.84805797975596,49.36391735212325],[3.8224705767098395,49.35696565512036],[3.777534921928809,49.35581577743615],[3.7422207217091263,49.33651301919691],[3.6989371212574853,49.33195284253632],[3.643938967409509,49.31271547683784],[3.6573162286122742,49.291023347068474],[3.65525456317135,49.26285133857558],[3.670777136423702,49.23959850877529],[3.662544752146768,49.20897792079391],[3.697104870697589,49.20547444963648],[3.704392046963459,49.181373023469],[3.725444039996693,49.173515945092305],[3.7511478237665794,49.17770096615194],[3.7487650521863713,49.15708155419203],[3.701623868432638,49.14308771135046],[3.6838349064164695,49.15449185807903],[3.6534402301896542,49.14869065051608],[3.622246623748466,49.151103693376655],[3.6103983127772716,49.13550196815309],[3.6117958918993924,49.11808793409194],[3.6390535019551273,49.08130605737889],[3.5877067932472952,49.059394631367105],[3.587608670612347,49.03381324798993],[3.647726454659581,49.04140800760242],[3.663950657450056,49.03730898527378],[3.678113179313511,49.01690766636074],[3.665158653762439,49.00563193481009],[3.6387510313501172,49.002277384044845],[3.620658549289589,48.9659439788058],[3.591558411237313,48.96037176960385],[3.601964878227183,48.94505940416911],[3.5744431375994288,48.93901643224886],[3.5738538398044097,48.92148321270002],[3.528576443116953,48.91214102895302],[3.5083215469627684,48.890402602371054],[3.4851874436586847,48.851908494372864],[3.4607105852412756,48.83944139457446],[3.452232416190477,48.856291455303484],[3.404630766733507,48.86387236235099],[3.380474508825688,48.874761432854626],[3.3828132392962247,48.88874725594759],[3.3663472431751384,48.922836905893014],[3.3302994547269797,48.908706088642376],[3.3130758740800688,48.9212163651494],[3.3047494707754015,48.94876427894454],[3.2678460373508416,48.938331129104206],[3.2518351589230496,48.97236625695047],[3.229176905886298,48.98841784600257],[3.1682883590774806,49.01667270236993],[3.1818268776645002,49.060865198640144],[3.1535840813505853,49.08328424779814],[3.16523032905892,49.09965085798759],[3.1361260876735515,49.10736575572267],[3.1039032023368676,49.10783847337312],[3.071884293834167,49.117554218816146],[3.0924779533731277,49.12879682562634],[3.0943242330142073,49.14204789992474],[3.1396578896700365,49.15257695363476],[3.1213530433372445,49.1615694736916],[3.116850461379955,49.18929161278119],[3.1027108891029056,49.19726093786907],[3.057604302772935,49.19731791616205],[3.0499603800932262,49.20875690532957],[3.0004940244510117,49.21363093492948],[3.00241402574711,49.187810905489094],[2.967751163640478,49.19164549413419],[2.970646337718828,49.21429263146397],[2.958587991995842,49.226138012652044],[3.0027869375627287,49.23569244874083],[3.023604722971875,49.21655041441553],[3.0397940574425517,49.22840404055804],[3.025849635470415,49.25992627182155],[3.0351669019132688,49.2871713469825],[2.981004000749905,49.29790832703466],[2.964603145483289,49.32192389525919],[3.001513216421808,49.34001503161223],[3.042914962956999,49.333571302660516],[3.0747246045970944,49.34897187029861],[3.076780341252717,49.371262738908456],[3.0925346575940007,49.37534154439133],[3.1005059556280803,49.439314058331185],[3.131884455784113,49.43177892295364],[3.1626441754771344,49.440639681268124],[3.1605832452848968,49.451589762665364],[3.1070854783285102,49.46823138703083],[3.1212810029381983,49.493670908120365],[3.096325086537241,49.51789625444081],[3.121165955043159,49.520974573583764],[3.1314803354793224,49.54337765179183],[3.126982208375892,49.573038994477],[3.139814891208892,49.57623313724928],[3.1220112456372937,49.60374206640511],[3.093575310755229,49.622548596683885],[3.1127661529868123,49.63132972837916],[3.09777622468101,49.65668309123162],[3.115636640843051,49.66498825414465],[3.1184031553047866,49.705968560150744],[3.0937519856623417,49.75705197896964],[3.0627453563551175,49.78264211542407],[3.0859749674446215,49.792016685972655],[3.078694114076548,49.82241521578422],[3.0558889248241528,49.83168131148238],[3.085506495983628,49.84381936000555],[3.0835290437648006,49.86638777885566],[3.1200543249509205,49.88428837261846],[3.117968662907868,49.91427637798353],[3.1515239055114135,49.94267027284344],[3.1768373814163575,49.98520439643777],[3.1613946355055402,49.996049271243585],[3.1729557922769542,50.011311964972776],[3.2026122838195157,50.01743710744522],[3.2306551064640994,50.03198300751153],[3.2801740988851327,50.015182550806884],[3.3371140096429532,50.017096007517154],[3.3529820989914247,50.03586832624208],[3.3989075840823038,50.03475745860893],[3.4282376399201713,50.022065913063614],[3.490663196296732,50.0188947701039],[3.507141600307539,50.03577661902003],[3.5286139046189744,50.03818286664185],[3.542755355797365,50.05391998941126],[3.5671883147756422,50.053261540953365],[3.6006637298781827,50.039925849470826],[3.6136399192005855,50.025418579177284],[3.6623093500340085,50.03911432468407],[3.6657493008457873,50.05473310262326],[3.715184685025503,50.06927463596353],[3.7463798889650586,50.05360423497288],[3.797523254135232,50.048396124718515],[3.815827444952555,50.03904215991495],[3.8356719382516733,50.048312733420666],[3.8820101104438387,50.03303286775057],[3.903385572183311,50.01801137888116],[3.9895472401156926,50.0413469883853],[3.9947330894398947,50.02553192166869],[3.9794498952640214,50.00299190781123],[4.01304088648856,49.98566024631078],[4.056699209471129,49.98542604488944],[4.08712850474961,49.9691875854119],[4.140895251736092,49.97875959899442],[4.172395207394802,49.977078597853904],[4.197110124342558,49.967721269218174],[4.195936343936246,49.955694802056996],[4.233164134987158,49.95775092391093],[4.21718238978302,49.914797372341994],[4.255701120243194,49.903213511956004],[4.248762948257405,49.85675363902506],[4.223593846602414,49.834105951164844],[4.214274015003939,49.806111475699495],[4.22667738196626,49.79303047019303],[4.207560089429096,49.78109084313398],[4.23820210581484,49.76742183396235],[4.246884569202133,49.75481606841705],[4.2279892494042794,49.74364073426544],[4.224711511604635,49.72720226620408],[4.19124300715433,49.71625657729972],[4.1846168956423835,49.698824907960066],[4.144181836797769,49.68854487089986],[4.127021546188527,49.677921251343555],[4.124516370102426,49.64959154766928],[4.09574589252208,49.62909455245626],[4.06432322371496,49.636967655409364],[4.041982613790211,49.629809951188015],[4.031390794494156,49.614289972299225],[4.076570889635557,49.57112749860688],[4.05829151546324,49.55254908076985],[4.076010833621256,49.53978341932618],[4.077307045795324,49.52519351384014],[4.040711745102368,49.508534657206816],[4.042374740120512,49.4686932052203],[4.057558677988911,49.45118663443426],[4.037664843009763,49.43826214170175],[4.047972977986833,49.40564229475753]]]}},{"type":"Feature","properties":{"code":"03","nom":"Allier"},"geometry":{"type":"Polygon","coordinates":[[[3.0320681893946824,46.794911188525944],[3.049065356287102,46.75807894189366],[3.0839363013486563,46.73762859045693],[3.129775813721409,46.72720423640006],[3.1631563644760856,46.69354021702288],[3.197261486410674,46.679926344970944],[3.2155498733945853,46.68289184476865],[3.2697920192933188,46.71674092868996],[3.3009216002863893,46.7163033886406],[3.3139717258866157,46.688751593416065],[3.3467088070518343,46.68441634541089],[3.366446289777872,46.69126127383442],[3.3877607382601562,46.71481835659156],[3.43414613166678,46.711906018109566],[3.432977086126445,46.69334363262723],[3.453772658174005,46.68414192059341],[3.4473359853067485,46.66355627140273],[3.45529917195652,46.65239553162601],[3.4885699471242644,46.6601824726314],[3.523959952566555,46.685994912475735],[3.546479370174174,46.67829016254972],[3.5601217846433015,46.68944384651715],[3.550392218815862,46.715864672081594],[3.5773110866449174,46.71485003618856],[3.598004570548422,46.72398257750036],[3.575688644059658,46.74951576942387],[3.629423683496518,46.74945902193754],[3.6379005417614154,46.707208771712054],[3.651395777587073,46.70281985671478],[3.6689793976266167,46.67350816429054],[3.6969523102437005,46.66058216583623],[3.712149662452129,46.6336280503392],[3.7138789586356697,46.613996147529015],[3.732377738592808,46.60491072152218],[3.743101843011838,46.56549988100001],[3.731542528360726,46.54958181729057],[3.741846977514427,46.539511127662195],[3.767456276915371,46.53900905290684],[3.8017563441985818,46.51989955458826],[3.8340059039329697,46.53113227681354],[3.839759641886244,46.51756472437794],[3.864628432284858,46.509716167248044],[3.861780077410741,46.492069790934515],[3.8904705648097098,46.48125092995184],[3.9189689867502246,46.49606391967711],[3.957937642803863,46.48975562185932],[3.9980416518372484,46.46546757106011],[3.988140931065446,46.43545798547263],[3.996095243061049,46.42738316091883],[3.9772154801510964,46.399224593839804],[3.991608290169238,46.36963488772235],[3.9866257932147806,46.3191937873956],[3.9501794500141676,46.32060215408413],[3.947724671420121,46.303449323036666],[3.913568325901341,46.29667714620525],[3.8995333931893303,46.27590543921817],[3.8778066858099134,46.275939918983156],[3.8690933059580366,46.263723494024156],[3.8048868330812957,46.25485708711847],[3.802699984915529,46.23850996581434],[3.768246928941596,46.237829248308365],[3.7902842093787883,46.210905673837914],[3.7907469501208273,46.18453497582482],[3.8078602164262896,46.16159515953333],[3.789761994058612,46.15485133205715],[3.8025614332413635,46.11032928945375],[3.8218816515656036,46.08798379604504],[3.806993754653765,46.061272645914705],[3.80676406021388,46.04562293029198],[3.8283904088914604,45.99948536067427],[3.8237895718712145,45.98735259327228],[3.778005233789911,45.97179985823387],[3.741274273248646,45.96600368355748],[3.7088966387640045,45.97378446779926],[3.693841059729285,45.94949142878095],[3.6940178008729885,45.930732356412385],[3.6767635131618666,45.95805976115134],[3.6413068945873417,45.96461484273165],[3.601439901652659,46.015082558028055],[3.5413270581913245,46.01519652019095],[3.5346371071845772,46.02237834647508],[3.4813683084812777,46.01371105761674],[3.4678828897234224,46.02374515995011],[3.4535928570638426,46.063794720194835],[3.433106873763625,46.06115526638401],[3.419029561174583,46.07429245580498],[3.3829420706213997,46.06480264969235],[3.36764567175092,46.05430839581729],[3.332766798825711,46.05497440619716],[3.2810346944765536,46.065929354622334],[3.233650605398404,46.06355148384772],[3.2145108831873523,46.07494451930903],[3.1831200731258975,46.074513260697124],[3.166531859715606,46.065677976513406],[3.1280978125696843,46.07140098569798],[3.099793609402441,46.09490520389922],[3.0906232146771364,46.11452555946364],[3.0480765097735856,46.10031481550088],[3.0164792061121424,46.102448954980474],[2.9937709582935033,46.123728525772805],[2.971756635840471,46.1217801298987],[2.942765231308341,46.168549525458715],[2.911139505619457,46.17743500340432],[2.920103043246808,46.19098495139527],[2.9133683342305123,46.21076365100903],[2.936482510275278,46.221710765741776],[2.9371457775851466,46.24291746827498],[2.89131100728084,46.253562623561876],[2.838238654032007,46.25133842004792],[2.8186225286604203,46.23256980947683],[2.8229846867516923,46.21982582951188],[2.810275114252155,46.196212623621854],[2.786781773175518,46.19864733659311],[2.732404782173034,46.22305265922885],[2.720917952533929,46.21130971383818],[2.7305652928970168,46.19609671226358],[2.715881178634498,46.17955498592873],[2.6774585186785225,46.1727617979065],[2.675536737103756,46.155809042125064],[2.6552891559950393,46.12604206490928],[2.6406912317167386,46.118477661719005],[2.5653790586982073,46.143032182829025],[2.55979833292496,46.1733665543973],[2.5280462333006355,46.186332427553644],[2.5158528050357227,46.23696126598014],[2.4917957849327936,46.24786046438832],[2.47709210519503,46.26936080025225],[2.4807602356876792,46.28101200577568],[2.443031552582666,46.294998578986906],[2.421342247531783,46.28462476459887],[2.4204617595913738,46.310131437621955],[2.3918607677139923,46.329982476677515],[2.3704814292505856,46.312630811170784],[2.3549021067976903,46.32568201768989],[2.3230243720211274,46.32927925675375],[2.302749949603141,46.35441622497473],[2.3233435644763096,46.36652595580878],[2.2847885229424363,46.38630891270082],[2.2810476101300576,46.42040537318101],[2.2857578150118907,46.45351915029325],[2.3054653620681904,46.47543251470377],[2.3520035556502914,46.512211347274814],[2.368300280591156,46.518434763382956],[2.4454932330861086,46.520050656829746],[2.482928804775826,46.532697444644036],[2.4991214173027565,46.52128856511456],[2.5286102816734966,46.52948202499876],[2.536652020779054,46.51969984591659],[2.6098613959683155,46.55013821923558],[2.6011237640888596,46.590178123200815],[2.577951915975513,46.60379087601659],[2.5966478252098466,46.637219569816494],[2.5721840644866165,46.65944372206644],[2.5977652900203827,46.66465075679083],[2.623913816878901,46.656626585968894],[2.647884573027338,46.688911012473135],[2.701686181879871,46.72775447664072],[2.7144961054529793,46.74448968334189],[2.737293702840373,46.74315745422507],[2.758717331696372,46.71770479874165],[2.791229376607484,46.73345369143159],[2.827616388160227,46.73528787880108],[2.9097996708207035,46.77934846021115],[2.9081337416117115,46.78790090388258],[2.9599146908207157,46.8038765767733],[3.0320681893946824,46.794911188525944]]]}},{"type":"Feature","properties":{"code":"04","nom":"Alpes-de-Haute-Provence"},"geometry":{"type":"Polygon","coordinates":[[[5.676037325543462,44.19143313185896],[5.692087450380134,44.186483371831564],[5.713913055297651,44.19926568716529],[5.755494196596879,44.210207765237854],[5.776514541341646,44.2055259364244],[5.795385785142977,44.21345893688929],[5.8285720679377535,44.20066569733914],[5.909305399486612,44.19046630820442],[5.9147400564445745,44.203427232845094],[5.881793583616446,44.210998662542806],[5.860019043661206,44.245092101540315],[5.826655362130932,44.26251076006967],[5.823911889045941,44.27890195531252],[5.848477759938248,44.30072259452234],[5.877120986906842,44.28879843672459],[5.880129754573656,44.271011382120214],[5.913194557888511,44.248711120610594],[5.912998227051449,44.26831617376552],[5.9255909605950015,44.30855111867347],[5.896099604509158,44.31861879667804],[5.937356413024749,44.35935610859397],[5.9536703829504924,44.395059266699214],[5.977799438785809,44.40736292380458],[6.020374443332653,44.42005811336259],[6.026308275440297,44.434642097388625],[6.072442979890107,44.45207608038503],[6.079694848017664,44.475530907704965],[6.1160166804432015,44.47546505487432],[6.155615049010709,44.46195982298558],[6.156254785052348,44.44210331855112],[6.173565741653668,44.43954286595121],[6.228221718294849,44.381700391997015],[6.241680881439521,44.38485438747808],[6.262494510552066,44.41224966674437],[6.236135472030146,44.46144449835514],[6.262825636989673,44.46549564526641],[6.293492428153158,44.48092732291776],[6.323106052174982,44.46382948496176],[6.33862266220802,44.47283907420384],[6.348272978050237,44.49809023202587],[6.332395681132657,44.50999616152816],[6.3573108201414845,44.52263889176314],[6.39880869108101,44.4941562144314],[6.411180249066938,44.47096856265119],[6.433358303001146,44.472514470120075],[6.462013547991893,44.46247217356771],[6.4693180033119155,44.45131246990398],[6.533276938209056,44.45197395122282],[6.547366766497952,44.44676331416215],[6.63229969332171,44.44691502790709],[6.643650285023153,44.487759305292435],[6.6684970592870565,44.500299753706706],[6.680922896471837,44.54102548605375],[6.701153206618136,44.538996840218914],[6.737180942222513,44.55253559808428],[6.766943196052187,44.586952404898014],[6.799941325461042,44.604244109554145],[6.853900769395612,44.61475859917988],[6.85814264425923,44.62805845533632],[6.880124364018876,44.62999271969987],[6.914488202179287,44.65949945810214],[6.948335091404861,44.65481629914676],[6.962336081450481,44.62657915489668],[6.948379982167533,44.61745199059853],[6.932733186254122,44.59270863771759],[6.9319953299582595,44.572724638567955],[6.913213082531437,44.558826349687266],[6.8760332305264455,44.550160873365996],[6.854013487274841,44.529129653944196],[6.865674424523799,44.4950039431701],[6.881970580210891,44.477261501575526],[6.906339114831614,44.46684649800382],[6.911101127447187,44.45236482780562],[6.937139400716047,44.43887286300481],[6.937079169120725,44.42969968048132],[6.892869620487909,44.42078067903776],[6.896507825430464,44.374299547914674],[6.88742990090296,44.36104783803612],[6.856147812069906,44.342952907783264],[6.839688603111202,44.34616952567193],[6.811873213958045,44.33221347515919],[6.796090992510113,44.3161057075123],[6.7863504827742736,44.28849643698575],[6.762927060646822,44.279037241415196],[6.759092155836728,44.26206489740905],[6.724182328511966,44.249467455280936],[6.718344217584288,44.21071074917548],[6.686536427072904,44.16925393086098],[6.705499890845224,44.144466155776314],[6.707586373017441,44.124473345545944],[6.736610415319581,44.10225823836325],[6.7552927685949316,44.078606159081765],[6.74580308295055,44.04269169406513],[6.795850869439254,44.00702405029123],[6.838726887709297,43.98970431437945],[6.849124623100394,43.95555833887359],[6.875468351966293,43.95281563358485],[6.884040903481558,43.93530101735706],[6.913088787529998,43.92796536503886],[6.941753698705185,43.89697361215048],[6.884610185550847,43.88912075689405],[6.876620003660876,43.89859537972932],[6.830709312232406,43.91836301148648],[6.804290312432095,43.910790628356104],[6.781621637708193,43.883549262987735],[6.748392415086803,43.87167747871268],[6.697323345466608,43.87365480225297],[6.698718605090542,43.85521098299028],[6.677914955878909,43.850959763474634],[6.667938865272228,43.83092697652154],[6.703701880641647,43.822825820470534],[6.70606421451232,43.80841245654836],[6.641524167665496,43.795472444882115],[6.636395800176684,43.788950567095455],[6.619973007874097,43.80550530861199],[6.585317018818273,43.80050767551297],[6.558904687579015,43.7841955441722],[6.52476198332243,43.80636597788804],[6.482076253327453,43.791074426311035],[6.4388083985564,43.797745193516654],[6.4144280526034985,43.79159445843418],[6.413483066219063,43.760360418472196],[6.3835404106739695,43.73442775895217],[6.356960735074889,43.73636766488724],[6.3267516313932,43.74662594026461],[6.262893011516566,43.781882078680276],[6.254215459954332,43.800433718328094],[6.212407106246491,43.79839605677458],[6.188517764066482,43.776267312514086],[6.182886008281907,43.76217559136371],[6.140796857826169,43.73769553098114],[6.1036091865345306,43.73722227951302],[6.077305911948532,43.70817081210753],[6.036131813943926,43.69416334085516],[6.039033980651841,43.67892716093395],[6.021735021476141,43.66827944245308],[6.005007067617743,43.68778786403108],[5.987939406703312,43.69505659267458],[5.98543773624429,43.71396312876724],[5.9564454360651595,43.719401124766904],[5.937998300025333,43.73057120981495],[5.937716232260396,43.75023611335413],[5.903517180339531,43.751432620885154],[5.901533390582641,43.73289106389851],[5.849146371217722,43.72025525749223],[5.8278752703448715,43.748065843473604],[5.781343238677484,43.75565738832376],[5.757332977582704,43.72940911375532],[5.7491639540055255,43.7405464918297],[5.7184242970991175,43.75512132052309],[5.713394551246806,43.77950341891952],[5.684551176087874,43.78850163078797],[5.674483353980397,43.807360446333846],[5.654445137414141,43.82511098585937],[5.627700103254839,43.830927143331614],[5.574599751241474,43.83029407148107],[5.54452228126406,43.81819693654997],[5.549174903324726,43.8514199844283],[5.573186434978607,43.86492031403171],[5.6064371876892,43.91613043943877],[5.579927197959687,43.925980406162694],[5.558844627129812,43.942576073587574],[5.544991957929805,43.93905484015686],[5.51208954255573,43.94600228564646],[5.508647939314863,43.959839793825395],[5.518062394104204,43.99011201336662],[5.543633878090188,44.02596177811475],[5.544598165016952,44.06989191567907],[5.5026367853279545,44.06343920865494],[5.498787806458752,44.11571934778835],[5.540435810430644,44.13221365213216],[5.551327343869811,44.14979115926589],[5.582976621063447,44.15762325973775],[5.564374392120529,44.17090170649433],[5.576187167563138,44.18804165094906],[5.609572963808623,44.18817112634557],[5.63959354437225,44.16758605191366],[5.6316731817286305,44.15136802990124],[5.67860502821166,44.14608869344783],[5.68271535182101,44.16321640945639],[5.646965152793732,44.166291647187435],[5.651592585237082,44.18957707724826],[5.676037325543462,44.19143313185896]]]}},{"type":"Feature","properties":{"code":"05","nom":"Hautes-Alpes"},"geometry":{"type":"Polygon","coordinates":[[[6.260566197557925,45.12684791386632],[6.299216785815758,45.10855211143577],[6.3312977067397425,45.11812379084807],[6.362935515883446,45.10449356656247],[6.373529600716985,45.08414824428705],[6.364877554955543,45.07017079687575],[6.393914586674507,45.06181851097421],[6.438596097282185,45.06258355349038],[6.451799595532319,45.05172052616644],[6.486234598441578,45.05607309559144],[6.480384256020366,45.09079271505677],[6.510979894458294,45.10875068557236],[6.529708447474563,45.09856919735164],[6.55601396596344,45.104195104315984],[6.57653069592537,45.12309720037721],[6.615550094957373,45.12147775227429],[6.6299873381374725,45.1093269281999],[6.627487761756953,45.10121505030452],[6.662113977091666,45.07163521564911],[6.658833037991113,45.0522106577603],[6.672439472064712,45.02142288028361],[6.7256836969428715,45.02150040053337],[6.743421512935462,45.015920279449546],[6.751188313816809,44.99755867124376],[6.7376342538806036,44.99148903315492],[6.763468605707418,44.971219657081626],[6.753079854453953,44.94296106206407],[6.750709573838057,44.90565221939063],[6.771184461028274,44.90344432994035],[6.805918328309796,44.87664147794964],[6.863241048677118,44.850610814016996],[6.913770297405167,44.84542283675211],[6.933687243037528,44.862026072008646],[6.972609983994274,44.84623344849374],[7.0067737788907705,44.839315967633134],[7.018283625506064,44.81230540654565],[6.9995712397492555,44.78944471324736],[7.024748601836657,44.76238093071902],[7.024189433792721,44.74131576508321],[7.043683920015221,44.71814050323442],[7.06578600052752,44.71360743394211],[7.077108800206922,44.68091750917342],[7.059729404484276,44.67996132818681],[7.023734517020338,44.6913011223226],[6.98622673933706,44.68808002657876],[6.957471911814601,44.66982246847716],[6.948335091404861,44.65481629914676],[6.914488202179287,44.65949945810214],[6.880124364018876,44.62999271969987],[6.85814264425923,44.62805845533632],[6.853900769395612,44.61475859917988],[6.799941325461042,44.604244109554145],[6.766943196052187,44.586952404898014],[6.737180942222513,44.55253559808428],[6.701153206618136,44.538996840218914],[6.680922896471837,44.54102548605375],[6.6684970592870565,44.500299753706706],[6.643650285023153,44.487759305292435],[6.63229969332171,44.44691502790709],[6.547366766497952,44.44676331416215],[6.533276938209056,44.45197395122282],[6.4693180033119155,44.45131246990398],[6.462013547991893,44.46247217356771],[6.433358303001146,44.472514470120075],[6.411180249066938,44.47096856265119],[6.39880869108101,44.4941562144314],[6.3573108201414845,44.52263889176314],[6.332395681132657,44.50999616152816],[6.348272978050237,44.49809023202587],[6.33862266220802,44.47283907420384],[6.323106052174982,44.46382948496176],[6.293492428153158,44.48092732291776],[6.262825636989673,44.46549564526641],[6.236135472030146,44.46144449835514],[6.262494510552066,44.41224966674437],[6.241680881439521,44.38485438747808],[6.228221718294849,44.381700391997015],[6.173565741653668,44.43954286595121],[6.156254785052348,44.44210331855112],[6.155615049010709,44.46195982298558],[6.1160166804432015,44.47546505487432],[6.079694848017664,44.475530907704965],[6.072442979890107,44.45207608038503],[6.026308275440297,44.434642097388625],[6.020374443332653,44.42005811336259],[5.977799438785809,44.40736292380458],[5.9536703829504924,44.395059266699214],[5.937356413024749,44.35935610859397],[5.896099604509158,44.31861879667804],[5.9255909605950015,44.30855111867347],[5.912998227051449,44.26831617376552],[5.913194557888511,44.248711120610594],[5.880129754573656,44.271011382120214],[5.877120986906842,44.28879843672459],[5.848477759938248,44.30072259452234],[5.823911889045941,44.27890195531252],[5.826655362130932,44.26251076006967],[5.860019043661206,44.245092101540315],[5.881793583616446,44.210998662542806],[5.9147400564445745,44.203427232845094],[5.909305399486612,44.19046630820442],[5.8285720679377535,44.20066569733914],[5.795385785142977,44.21345893688929],[5.776514541341646,44.2055259364244],[5.755494196596879,44.210207765237854],[5.713913055297651,44.19926568716529],[5.692087450380134,44.186483371831564],[5.676037325543462,44.19143313185896],[5.681311859737585,44.23289466958045],[5.672996044869041,44.23984311301397],[5.676206589256276,44.27551099308782],[5.647509019416229,44.27247769824454],[5.631970064900461,44.284721309902835],[5.637756422122977,44.29968616697366],[5.608077262744189,44.30850908328983],[5.617135908418277,44.332475894185805],[5.5373670436986435,44.333525718131106],[5.521782790630088,44.34931163553876],[5.4930715607447445,44.33717752081172],[5.46941457400079,44.35149029453098],[5.46065693964672,44.36832054562284],[5.434953500862137,44.36911743294876],[5.443026623183156,44.391237330733084],[5.418530667075709,44.424947370319],[5.447194165800079,44.431852481873705],[5.4764897049095795,44.41972379409436],[5.498303440849121,44.43732497621575],[5.464433745418449,44.44788666870274],[5.458727518186473,44.46614393059478],[5.4798758917737445,44.49123966897652],[5.516510011697751,44.49138247772147],[5.562404689872195,44.47485185176209],[5.603651238319425,44.465544996850255],[5.6163088106464185,44.47271206540212],[5.629785093116038,44.5011871029685],[5.664504139914002,44.501894032401594],[5.627373773874302,44.53458025973445],[5.5972487980667855,44.543273727979226],[5.617737322579476,44.583133580603594],[5.643926214041127,44.60972161106435],[5.641715054881292,44.65107468886509],[5.726039426074854,44.63939834273572],[5.753939211901072,44.662713661324155],[5.790619766631355,44.65329030204328],[5.799407769469486,44.67394966436931],[5.825802514085463,44.68569233800322],[5.82711625324567,44.70028877822114],[5.801469996094522,44.706778512869995],[5.82777670542201,44.7400904212036],[5.846789359515513,44.75162114202083],[5.888833543818295,44.74880281266777],[5.900145988864039,44.75831810886521],[5.92220546362268,44.75408063667132],[5.9801466158902254,44.78117807160656],[5.977781702799108,44.79098097178422],[5.94951924784745,44.80453012289717],[5.979181680039922,44.81858485233257],[6.004863991929379,44.82044164675532],[6.030210546238997,44.838096097754196],[6.056880845755912,44.81648809334095],[6.111944264637026,44.844104598030206],[6.128361780211359,44.86189793671716],[6.1707886083957675,44.85422409321522],[6.196382213093447,44.85897725265292],[6.25054409332542,44.85265497741959],[6.269405725021001,44.87047437006196],[6.300679811301804,44.87347754001874],[6.336319027358193,44.84836943493937],[6.354685212537601,44.85597093285778],[6.350781709377172,44.88120395797154],[6.358440638759468,44.89205674340702],[6.354621853701313,44.92359576979837],[6.3588400606704845,44.941284471463],[6.3289997583261135,44.94731911410858],[6.3285028218875325,44.969718924476524],[6.3148150406516885,44.98018487183722],[6.321848392012048,45.000080059582814],[6.300180534522452,45.00397824625707],[6.251755823777455,44.99669933009644],[6.203927022398643,45.012469165084845],[6.2200801563699395,45.06536793621533],[6.243017832342709,45.06906387836911],[6.229388123209472,45.108750055807405],[6.260566197557925,45.12684791386632]]]}},{"type":"Feature","properties":{"code":"06","nom":"Alpes-Maritimes"},"geometry":{"type":"Polygon","coordinates":[[[6.88742990090296,44.36104783803612],[6.922569034715827,44.35073334653868],[6.92647211225925,44.334749781019966],[6.960525832743343,44.31085198397747],[6.955859859005885,44.2970594542236],[6.9934468208164935,44.280891427852495],[6.99712995413101,44.251997804252646],[7.008054894297459,44.236431060527],[7.038841660238861,44.22372981024312],[7.070224944864906,44.23297997575481],[7.112226619139014,44.21733524158766],[7.141050183667786,44.2010003780328],[7.1597495198014025,44.20620545858123],[7.2033866897276635,44.184792768493224],[7.218868901675846,44.1689469810721],[7.237041234869469,44.174339231954],[7.24856917472652,44.158515503110245],[7.280317813440188,44.141181126207165],[7.340417586180365,44.145649028908274],[7.358475305086881,44.11815061891558],[7.388931942608855,44.12479464638471],[7.4268012934594045,44.117564036132904],[7.429927081340899,44.127804524896916],[7.459974202378207,44.125692456404565],[7.505741191835109,44.143652395337554],[7.5567970945239376,44.14692262748108],[7.577148887227901,44.15289005329537],[7.614555274657836,44.14967082474187],[7.645064338759674,44.17790074590103],[7.68458536705161,44.17401845696774],[7.670852285754872,44.15374050304116],[7.667154197554274,44.13343096570642],[7.67452067122969,44.117978351966265],[7.715741685167259,44.082768394074186],[7.714078792245614,44.06542948835954],[7.700025563701426,44.04078903341254],[7.664986572845552,44.03066821354587],[7.670204633842334,43.998475578585406],[7.652699330334664,43.97484454446134],[7.610194650987026,43.95513695471592],[7.596854299346449,43.95652880599456],[7.572900090571807,43.9377923733289],[7.559929417388958,43.914446448952816],[7.559218845189717,43.897294632318086],[7.511282181839372,43.88226017750882],[7.495202515535623,43.862291505445505],[7.518300877134688,43.80329700642123],[7.530159376168468,43.78804906400435],[7.490212035782315,43.767197668733566],[7.475918505385493,43.750796761738144],[7.4597300454166495,43.76004177050826],[7.412274588246639,43.7343884782676],[7.413235194461564,43.72476923386886],[7.375064708715003,43.71753336634211],[7.360727399718111,43.72228177889476],[7.337596357798404,43.711716462798286],[7.326468236003214,43.69615480753041],[7.297211876953826,43.68614078433695],[7.285170356707785,43.694320925627316],[7.24382000023942,43.68938268481802],[7.225884891654834,43.66225535365977],[7.206455679516468,43.64563646874049],[7.194537177820155,43.657919305629925],[7.157853271963104,43.65385083741795],[7.139271239473155,43.6360982414893],[7.1230039862754415,43.58829721341579],[7.121751847241626,43.55949556145099],[7.101266887315347,43.57067799664823],[7.0675662048264405,43.561639844055605],[7.055944916816456,43.54796646787975],[7.014827677611477,43.550856545562084],[6.974303482945652,43.546078781561825],[6.952169379017137,43.53471699106892],[6.938368675282269,43.51639156043654],[6.954746280767227,43.50472407547113],[6.947072439425319,43.48436595161653],[6.933726236453417,43.480068010885034],[6.884230099335205,43.502535727819215],[6.89638230847014,43.5271599958737],[6.879542001080731,43.53535761950226],[6.907175687871982,43.572966433750736],[6.908012993627823,43.599079187946934],[6.8879265318112735,43.60741263064278],[6.838776771755721,43.613611496756825],[6.812859360304176,43.6305052559662],[6.798740654261999,43.62818033606127],[6.782299387537954,43.65415726922716],[6.7608013983957,43.66648795918856],[6.774352202435761,43.69341283496426],[6.766592784345339,43.720212010988675],[6.753535969205428,43.73816698047835],[6.719415853332108,43.7381403462073],[6.70139956454595,43.754068906503676],[6.682708528326925,43.757936848433445],[6.657423432162916,43.74871807004049],[6.636395800176684,43.788950567095455],[6.641524167665496,43.795472444882115],[6.70606421451232,43.80841245654836],[6.703701880641647,43.822825820470534],[6.667938865272228,43.83092697652154],[6.677914955878909,43.850959763474634],[6.698718605090542,43.85521098299028],[6.697323345466608,43.87365480225297],[6.748392415086803,43.87167747871268],[6.781621637708193,43.883549262987735],[6.804290312432095,43.910790628356104],[6.830709312232406,43.91836301148648],[6.876620003660876,43.89859537972932],[6.884610185550847,43.88912075689405],[6.941753698705185,43.89697361215048],[6.913088787529998,43.92796536503886],[6.884040903481558,43.93530101735706],[6.875468351966293,43.95281563358485],[6.849124623100394,43.95555833887359],[6.838726887709297,43.98970431437945],[6.795850869439254,44.00702405029123],[6.74580308295055,44.04269169406513],[6.7552927685949316,44.078606159081765],[6.736610415319581,44.10225823836325],[6.707586373017441,44.124473345545944],[6.705499890845224,44.144466155776314],[6.686536427072904,44.16925393086098],[6.718344217584288,44.21071074917548],[6.724182328511966,44.249467455280936],[6.759092155836728,44.26206489740905],[6.762927060646822,44.279037241415196],[6.7863504827742736,44.28849643698575],[6.796090992510113,44.3161057075123],[6.811873213958045,44.33221347515919],[6.839688603111202,44.34616952567193],[6.856147812069906,44.342952907783264],[6.88742990090296,44.36104783803612]]]}},{"type":"Feature","properties":{"code":"07","nom":"Ardèche"},"geometry":{"type":"Polygon","coordinates":[[[4.483134616383878,45.23644648192782],[4.540549370042042,45.23475108941549],[4.565520406201406,45.247958129182955],[4.602422910281466,45.25170405771358],[4.590638055650433,45.27303681774206],[4.598597055879653,45.28948570433069],[4.621039470679837,45.29121612407326],[4.614497435388506,45.30983662841341],[4.680129607940992,45.34625617395863],[4.7004091166444315,45.345742863727835],[4.725825842131706,45.36180904894751],[4.755996992712002,45.36567226076598],[4.772556757363274,45.35486449672088],[4.761388480871705,45.34063001021366],[4.769929030711337,45.316015123688956],[4.800493926884063,45.298360661142944],[4.80945700146176,45.28984878023442],[4.809597016988471,45.26036757990201],[4.802585860487608,45.22693117215798],[4.812569706062625,45.204307182925724],[4.804809814114698,45.194030298693185],[4.813699779096304,45.16341716248438],[4.829100372157167,45.15669010756043],[4.804461066670614,45.133197210828584],[4.804492252463412,45.12194771680664],[4.827354281438577,45.10214857279052],[4.831651038103518,45.07026753675957],[4.860746068970967,45.055429204446796],[4.840341325313034,45.03578322392562],[4.837672652853049,45.00479181394786],[4.851264766161909,44.99467770210391],[4.860170175358192,44.96586245571145],[4.875684162327823,44.95520873214619],[4.8855710639544006,44.93465153198947],[4.8579011507481304,44.903155110736876],[4.85945820884153,44.87175235284045],[4.841340887618573,44.842596306238924],[4.821656483202532,44.83867049616437],[4.795665859771827,44.793769117314746],[4.760941584679994,44.771713549802],[4.762850574483207,44.72009203958483],[4.7811100231594805,44.682833634690404],[4.77408913696615,44.644269843250804],[4.74040453633284,44.60239249321297],[4.741168931840421,44.58877434873562],[4.710266499941698,44.58154911470836],[4.692361920905272,44.55589194997334],[4.707018905489797,44.53084113511007],[4.692050189601407,44.5152420465306],[4.689973321952771,44.49125058500801],[4.6989568502390995,44.481694190593686],[4.69865229412497,44.45230946012676],[4.667379937465383,44.43066429434984],[4.664373400022996,44.398944273043945],[4.648946169255066,44.372462486293166],[4.6506150134375535,44.329805791511276],[4.653469115901898,44.302095538489496],[4.649223666100485,44.270359865010946],[4.638060170291897,44.28296923867679],[4.61814481108176,44.278546617366906],[4.606815593785338,44.290470941442756],[4.5569412251008385,44.30414412850996],[4.54446827908279,44.320768740097236],[4.503310494319003,44.339246206238236],[4.45762136443186,44.34163465741125],[4.4511432681787,44.33458990256618],[4.448416311728308,44.29660651655647],[4.432780130031507,44.28698938355873],[4.398976853249833,44.288946280259694],[4.390787503015712,44.30304942711613],[4.403209845144098,44.33389735712032],[4.386524834610318,44.346613952796865],[4.366781304696769,44.339496632938484],[4.336073225463424,44.339522743700286],[4.321723881147898,44.32398630005241],[4.288429093459214,44.314658540974904],[4.2894083121626245,44.293211983267184],[4.277460812236595,44.27473441763758],[4.25884619798255,44.26478557642796],[4.241323541622981,44.270098246787754],[4.215253431785848,44.290671875558495],[4.186703448446319,44.299689052797774],[4.177742579074996,44.317880186655266],[4.142867700090412,44.31335085540006],[4.126751899132338,44.33773352004587],[4.0716271173670755,44.327301470845015],[4.051451662788466,44.31732365711701],[4.0368642122249785,44.330767432006844],[4.053413964443739,44.339252388242215],[4.052980345425569,44.3786960081517],[4.068441217053273,44.40511357294197],[4.047796695540712,44.41806858494041],[4.037601702020996,44.44572224016011],[3.998162987763964,44.45979755586323],[3.987654659812161,44.47277510314574],[3.9817259440883355,44.51510533136414],[3.948773902996799,44.57288654843654],[3.923566877594894,44.57188476465967],[3.908306472806382,44.606619160372716],[3.893726383489279,44.61783889720629],[3.894746224001558,44.651133585716494],[3.8699370374536626,44.67891759737075],[3.862527190139651,44.743863434670935],[3.8895265818183935,44.75196027421232],[3.919817199492905,44.77460034297932],[3.937001123548729,44.7954172172997],[3.944536875109786,44.82322023968674],[3.988454902516046,44.813419515634884],[4.028374858328879,44.834081003006155],[4.020171384284056,44.84572694383834],[4.0338762761727365,44.8710458107922],[4.068313356371929,44.86746929959503],[4.103743185520496,44.87725256159482],[4.156154791813548,44.87333360834132],[4.179951268724776,44.88730128359599],[4.1899324439493,44.91419030432338],[4.216572079556928,44.933567915009554],[4.221702631142119,44.96133612938675],[4.251555903015938,44.958924064540234],[4.311668803625915,44.97177463884522],[4.289827924670836,44.99730682920296],[4.297239439669978,45.01702262504178],[4.314677006361451,45.03079389328605],[4.338428544649489,45.02671076147119],[4.379067913162388,45.03617454254133],[4.378014671826731,45.05427007966308],[4.359614567276412,45.05568487734863],[4.346190894999054,45.06964388927494],[4.372571367591827,45.10480297518196],[4.400229848141373,45.11600398371944],[4.37022058732025,45.13029910308921],[4.376558944791765,45.1443595905019],[4.446118275212825,45.13169134188572],[4.447480119407685,45.16118502386361],[4.472540720426905,45.179408906886586],[4.477266258728365,45.20978594447126],[4.489604429758615,45.224787898710176],[4.483134616383878,45.23644648192782]]]}},{"type":"Feature","properties":{"code":"08","nom":"Ardennes"},"geometry":{"type":"Polygon","coordinates":[[[4.233164134987158,49.95775092391093],[4.308104819422298,49.96952311706087],[4.3497091536314265,49.95218185745914],[4.378945338182918,49.95306872889387],[4.446940783287939,49.93750459397252],[4.481610454645573,49.94785279402108],[4.510410432978069,49.94668308724302],[4.540542634439033,49.96796846829222],[4.573698227853897,49.98030418970413],[4.674659776287784,49.99662785172198],[4.699272082803148,50.0537945750903],[4.682746158906797,50.068791197105114],[4.702078764143763,50.095528001382924],[4.751345563705796,50.11174102047036],[4.762161208292365,50.13639695682964],[4.824292330401957,50.160731428897094],[4.8319896237206255,50.153951790022184],[4.879565525415205,50.15202955288437],[4.894894253598731,50.13460065104415],[4.87076833368792,50.124262635964875],[4.8685301585153855,50.09762527596348],[4.8512375276421595,50.1013639038007],[4.829260707691278,50.04803422242763],[4.840392803845824,50.037589901362395],[4.816997367063873,50.01564028095157],[4.818941576641115,49.99514497954768],[4.790113818832296,49.97001760397983],[4.7909170614563354,49.95839750551827],[4.8501895621955295,49.94647303906409],[4.85813253464247,49.93290175060757],[4.889248547086521,49.90972760726109],[4.851762233586226,49.861022896690535],[4.8675793624704715,49.84007770188321],[4.867091434851301,49.81419502771181],[4.855382632112906,49.79236512744182],[4.930929513878152,49.78685155554447],[4.9561320976529775,49.801224669739426],[4.9988368069437765,49.799310046914584],[5.008928105209694,49.7819335599042],[5.063182643598133,49.76192871159604],[5.090172312313782,49.76506393233352],[5.115073254538092,49.741436250370164],[5.125659977368626,49.714502727337425],[5.165853990849716,49.70714272719065],[5.166208402693295,49.69291623120586],[5.208819376633823,49.694568280877455],[5.24360037396294,49.68569800167118],[5.267272773424226,49.696522600045526],[5.332001785017169,49.65478357737764],[5.308525437369952,49.63590355578242],[5.31173915183996,49.61354728351897],[5.342988167557187,49.62673952946669],[5.393536658328508,49.61708773850276],[5.379377254594306,49.59433240963621],[5.339875065404366,49.59248374512851],[5.311770447172107,49.55928969326421],[5.262709976999561,49.54181962580043],[5.232756898423872,49.56948078917659],[5.2130512805303555,49.573482704275165],[5.162975033383016,49.56353425622026],[5.144850262012005,49.589890809096836],[5.118278729173794,49.59307211738766],[5.0894348019213345,49.54153840662955],[5.100584675318172,49.53581688248469],[5.079628538782785,49.50986338174908],[5.062396105126222,49.49915347170529],[5.083514142411665,49.48411961123408],[5.105323165099615,49.42524686929281],[5.088196804414101,49.40639195324937],[5.10414955392406,49.38977780781045],[5.089930289451002,49.370323496215384],[5.060208646165214,49.3715170366231],[5.053405249590282,49.35696721044802],[5.026436999727152,49.33591387470532],[5.029829036850663,49.31126357145343],[5.0490438324721545,49.285310734141504],[4.964355608998914,49.24744898908259],[4.950989232683009,49.23686584630137],[4.909606220926124,49.26349853270867],[4.86275799597872,49.24154352922503],[4.826941205469512,49.23576093816036],[4.815420265730455,49.249854960398],[4.788889603899746,49.24134019593029],[4.7442321118937505,49.2414729109037],[4.726823349053574,49.25232502044604],[4.686074799511886,49.256759043801544],[4.670374586913542,49.24151155534761],[4.635511161128344,49.232134393917896],[4.6058938566008445,49.26970402626851],[4.594974261377573,49.2707300343065],[4.575868215345435,49.296651189312385],[4.541215512322572,49.28622829426292],[4.459506424178967,49.27757864272764],[4.418775444942886,49.2851133003246],[4.393424577830647,49.29708771300736],[4.376853871003221,49.31699430474222],[4.3541542998888705,49.31616310169742],[4.330894078223754,49.32715621477832],[4.306756525620349,49.32779732810991],[4.290937077765363,49.34699963965571],[4.258398145436199,49.36351577479519],[4.248321950611529,49.38225603439192],[4.2013073779715375,49.38378396286446],[4.188996868487692,49.398693325461345],[4.0769132710042255,49.401612719003566],[4.047972977986833,49.40564229475753],[4.037664843009763,49.43826214170175],[4.057558677988911,49.45118663443426],[4.042374740120512,49.4686932052203],[4.040711745102368,49.508534657206816],[4.077307045795324,49.52519351384014],[4.076010833621256,49.53978341932618],[4.05829151546324,49.55254908076985],[4.076570889635557,49.57112749860688],[4.031390794494156,49.614289972299225],[4.041982613790211,49.629809951188015],[4.06432322371496,49.636967655409364],[4.09574589252208,49.62909455245626],[4.124516370102426,49.64959154766928],[4.127021546188527,49.677921251343555],[4.144181836797769,49.68854487089986],[4.1846168956423835,49.698824907960066],[4.19124300715433,49.71625657729972],[4.224711511604635,49.72720226620408],[4.2279892494042794,49.74364073426544],[4.246884569202133,49.75481606841705],[4.23820210581484,49.76742183396235],[4.207560089429096,49.78109084313398],[4.22667738196626,49.79303047019303],[4.214274015003939,49.806111475699495],[4.223593846602414,49.834105951164844],[4.248762948257405,49.85675363902506],[4.255701120243194,49.903213511956004],[4.21718238978302,49.914797372341994],[4.233164134987158,49.95775092391093]]]}},{"type":"Feature","properties":{"code":"09","nom":"Ariège"},"geometry":{"type":"Polygon","coordinates":[[[1.6884197209147511,43.27355372810048],[1.700754514704471,43.26054064540708],[1.699776940607475,43.243831295721215],[1.7238440687530252,43.22452425076901],[1.7099486500213625,43.20058204747453],[1.7134791529379416,43.185618701843005],[1.7435880718428745,43.182725951168436],[1.7806433096574144,43.159824933344154],[1.824772198868932,43.145813889155335],[1.8804078673476365,43.14153936255586],[1.8954279777499146,43.116633336360046],[1.9177470958909644,43.13323111235511],[1.9494047039555333,43.12070809144376],[1.9557758360446906,43.085446537199715],[1.941132873290632,43.05271547262669],[1.9730769071879921,43.04616201620429],[1.9850016206688033,43.032612459176974],[1.9853302810624713,42.96695793978397],[1.9364462363662087,42.95396589299509],[1.9338502257854864,42.93932515940288],[1.9805743107561908,42.92957969198593],[1.9919290520003003,42.905098487236415],[1.981007734505436,42.87842008504447],[1.9869209142233524,42.87101168756058],[1.9456558633746337,42.85619826237116],[1.8758890323432875,42.85273825107509],[1.869202579081601,42.81508603325651],[1.8970774273087732,42.80800219821675],[1.917663354345371,42.78274473527807],[1.913239238416856,42.75882498736125],[1.9516265106681303,42.73669095024391],[2.007929382662407,42.73412497082237],[2.057204243184995,42.75622286125991],[2.0839024245548936,42.7516077244054],[2.0874431064800922,42.73901317594321],[2.160632413925722,42.70112722891685],[2.1758741195218594,42.68279522431058],[2.166053682054993,42.66391836976526],[2.127356949655341,42.672313305937074],[2.1114664198303457,42.666032470916626],[2.0470193906647904,42.66358965489304],[2.0187920574337195,42.6534170353211],[1.9969224698605978,42.66006561399484],[1.9722426969695992,42.61714092425327],[1.9521234354600119,42.61830326460022],[1.9361188221910517,42.60541384031619],[1.907286118231748,42.60862947926328],[1.8744850028357225,42.58140598425563],[1.8347684364358996,42.58353364671248],[1.8010033491172206,42.57239786027001],[1.7861250110638969,42.57362343207788],[1.773155041578549,42.58067708426063],[1.7259206571767567,42.59036520824838],[1.737964425021432,42.61131401180095],[1.6835991033030946,42.624864963586695],[1.6620254880346446,42.61948091899569],[1.637155477178948,42.63029849282105],[1.6063547204789832,42.62745569822105],[1.58567689224097,42.633568385987964],[1.5623889852861503,42.653480869601616],[1.5492483438086209,42.655776285849846],[1.5014121994747076,42.64516242342437],[1.4801044915371044,42.6513900879463],[1.4694745196425487,42.62847928225725],[1.4772675936643833,42.614967659090894],[1.4557081666267313,42.60205166220692],[1.4401504415315978,42.60350721030018],[1.4201858337826103,42.62607181448239],[1.4139966708290406,42.65484551119558],[1.38773471434658,42.67099021370737],[1.389599626449476,42.68508287715744],[1.354404547925789,42.699493649410854],[1.3579397808759273,42.71551055541734],[1.32502612790918,42.72390397060219],[1.2778256065536044,42.71387414262699],[1.2525274855971043,42.71564959267591],[1.2283255116895055,42.727437974142234],[1.2171573639899749,42.7204805063676],[1.1618481533807585,42.711046329845956],[1.1333079622063968,42.729016535435846],[1.1280806814053455,42.75537633903151],[1.1069774050999934,42.772292244775535],[1.0706247661216861,42.78247308343543],[0.9831091862639382,42.787068192050434],[0.9598896789755389,42.805643801609044],[0.9235668371314283,42.7903836690362],[0.8583056667230173,42.82571908908446],[0.8598831874145956,42.83829919038498],[0.8429206845448278,42.88857838383233],[0.8261273850230597,42.91428331470268],[0.8446280617921965,42.9259553847581],[0.8735856733231423,42.92679338211308],[0.8853071428027446,42.93602990091024],[0.8749113719387422,42.957775746315285],[0.9124553143730214,42.95939313750352],[0.9791013887263271,42.97443096191435],[1.0013417692542665,43.002384225909054],[1.0162603018777892,43.01021732861986],[0.9867409563385678,43.02750002800353],[0.9856931292491957,43.06291853162641],[1.0052536354583397,43.08066466566629],[0.9909145410998831,43.09277803898931],[1.0185271263876248,43.107387874976396],[1.0388356827344098,43.100552820032235],[1.0597948169991893,43.1407984031395],[1.0898382360674839,43.141811753194446],[1.1321077536262771,43.15194534202816],[1.1623107695613917,43.13229310791629],[1.1749842663258816,43.14097449686551],[1.2087344680123453,43.11795105080988],[1.2236282372389116,43.086062046332636],[1.2615510081488481,43.09151179346513],[1.2600621395015414,43.10918367913112],[1.2808453772316608,43.11141550841685],[1.2914479372138445,43.12411619713413],[1.2743729840086873,43.144383453050935],[1.2189486150323017,43.15316275519517],[1.2139801500053244,43.16243740075925],[1.243672974766193,43.18955616855956],[1.274066147426889,43.19622758930005],[1.3200644605867593,43.19008881581775],[1.3441516514601857,43.210695251898116],[1.3743734334754012,43.21374576570538],[1.3827658374979088,43.228123061206055],[1.3667896677356772,43.2418101294384],[1.332370877192311,43.248931806901766],[1.3306718864082818,43.26256355573771],[1.3083430062252406,43.26452855969102],[1.2925309175036508,43.28836637975412],[1.3180291746094754,43.29589235276595],[1.3239682844769867,43.30940019027638],[1.3497399802929155,43.31601406526464],[1.4114797701413646,43.270269012569514],[1.4253606535844838,43.256571535866705],[1.417617895565898,43.227838739549625],[1.4479297220390106,43.2128941335395],[1.4703750181603599,43.21207194480044],[1.4845439726661527,43.226162777288515],[1.5046005088805332,43.22131429070002],[1.504462615387652,43.24943643931495],[1.489433194310029,43.25842220794179],[1.4962195339449893,43.29276893893769],[1.517589782341532,43.28942028243403],[1.5187255867607068,43.26917438445627],[1.5475200495883703,43.27567426925568],[1.602045022703857,43.265966045322976],[1.637330392962705,43.255476822404304],[1.674798339388505,43.28121472293003],[1.6884197209147511,43.27355372810048]]]}},{"type":"Feature","properties":{"code":"10","nom":"Aube"},"geometry":{"type":"Polygon","coordinates":[[[3.4147915595010967,48.390273038820325],[3.422082006455869,48.413341906536964],[3.3919598867876517,48.424322153455364],[3.4064783284931712,48.4524502326185],[3.388359827890943,48.480408300039215],[3.4348599344666386,48.49751072268098],[3.4053980660358945,48.528012199625785],[3.4234423807070566,48.533562692399734],[3.4591902801865113,48.53074024476159],[3.479607557239746,48.54471109171053],[3.4655161591022283,48.57048567886506],[3.4975003134409723,48.58995747369995],[3.5038535314822115,48.6048091344709],[3.5556137492385345,48.62028467657408],[3.579891832495665,48.60485886515818],[3.6042445587901217,48.572452767827976],[3.631866148641539,48.570977927086886],[3.6340147312950517,48.54129833541425],[3.643639260745969,48.536262879171076],[3.688010554935591,48.53996363936458],[3.7041935334272225,48.53348173230274],[3.7428823405595684,48.5336960863688],[3.7947250716869743,48.52769326968686],[3.822742058660399,48.516104417807576],[3.851404847916241,48.523378465573664],[3.8655808154248064,48.537930954397474],[3.8586730804738507,48.56033634110919],[3.872574553060613,48.58047608998417],[3.9000544029762967,48.574837870717545],[3.916112422498775,48.60703746596832],[3.9492402192699783,48.60343151995247],[3.9585488780832865,48.622904721543364],[3.977230864165596,48.632216352927855],[3.98646950961592,48.65506991614687],[4.001695483416846,48.66387541820995],[4.030051914462845,48.65914499071498],[4.058195208802969,48.66627477909254],[4.079787822987737,48.701118254412116],[4.131090952946843,48.68615119823393],[4.161208977574132,48.70564270827603],[4.233040648104506,48.702313167606725],[4.2523956317261185,48.708651278525025],[4.302615983872354,48.71237740647513],[4.3255940122986445,48.700277029531],[4.332773350334676,48.67058273703408],[4.317329119564903,48.65166491720243],[4.331760406442508,48.63027354824816],[4.314917546995119,48.61621957939382],[4.403076671568411,48.561260233656824],[4.49528083286357,48.53872358042404],[4.521965785232567,48.54505196597459],[4.527473253110997,48.52851621730074],[4.576487514925921,48.549380130056875],[4.6263828171661405,48.554547535211604],[4.635013531124556,48.54446897027231],[4.670183207291811,48.53188730232318],[4.6493513522062,48.47085769541501],[4.635723724779378,48.456919205602716],[4.672923053694571,48.44493692940629],[4.700747648353684,48.39575121376588],[4.76018751621395,48.38761245982979],[4.754719796035579,48.36668089354523],[4.8414713515268755,48.339464111308324],[4.814217580453079,48.323010826658724],[4.850845034125924,48.296245729889414],[4.842390138796092,48.28357098511807],[4.857678156974527,48.26856300069992],[4.844090578611303,48.24161361141823],[4.862104268789182,48.19962383107111],[4.837947597948636,48.168959717850704],[4.850099917169891,48.14175885538576],[4.829291938175258,48.129608375504965],[4.835619390228278,48.10855609279288],[4.8193072949588815,48.10319242346332],[4.7632776797863725,48.11550181600475],[4.730610406781701,48.11820899817677],[4.708492447514134,48.10012538889342],[4.688818526238874,48.073127919250304],[4.711006682460102,48.04991853541924],[4.704238250439468,48.0202323762063],[4.67322963618766,48.015051709502096],[4.6168068514656495,48.031366971594],[4.582678644289108,48.02946360186476],[4.535820168596839,48.001210026464854],[4.5599688756782095,47.97142319625819],[4.518171359735413,47.96658777645795],[4.4932784015747025,47.96880579277352],[4.448998378066956,47.957154747571174],[4.414346270874161,47.968206710901],[4.351286047683726,47.95658154025503],[4.3090036167800365,47.96117328277752],[4.2934241069450065,47.92567623483797],[4.265599591370342,47.924116159008285],[4.242723875606858,47.931956917411135],[4.2221457478233475,47.94969678465566],[4.228464403152438,47.96915282956105],[4.206741721722166,47.972203894649205],[4.2078337319682335,47.94659557765659],[4.166327039100888,47.95980433221276],[4.1117857473984065,47.926995657517516],[4.092978649387006,47.94297672164551],[4.061270050327684,47.945562416892294],[4.045237544702236,47.92596854676534],[4.01814220173801,47.928474566092724],[4.003855529645679,47.94203480301055],[3.985962466837663,47.93063908075462],[3.9480945711713997,47.93089676516494],[3.9015952504180182,47.93863384246034],[3.91469046126473,47.97569343810935],[3.900190065880429,47.99790876198765],[3.8783088264909926,47.979417724331554],[3.850029315571996,47.98379240721269],[3.839811254672786,48.00389003724434],[3.8706198703197394,48.01563556441249],[3.8242989358275574,48.04289541931859],[3.824612213123349,48.06128779150571],[3.806792668443169,48.083864090347966],[3.8049683849961107,48.10254956014992],[3.773282122246105,48.12969525627175],[3.739719908908732,48.13275411908254],[3.754823906575138,48.150241865949376],[3.740291245795231,48.16970783293559],[3.7050170955645534,48.14431394210169],[3.667869602845747,48.1392119036121],[3.6414970437080063,48.18393657752057],[3.6195505299659145,48.190784479669105],[3.594183989487009,48.17887516119051],[3.57518637671701,48.18874134782558],[3.6111556712475656,48.21192894753078],[3.6216173506103138,48.22574039972581],[3.600078611097097,48.23703622325982],[3.624328073587777,48.25452852774026],[3.6168043332338455,48.27133989890988],[3.587183966868095,48.280173420842885],[3.5879668741436643,48.30081000040951],[3.566569286931659,48.30742854994862],[3.5634013639699584,48.32144364439587],[3.5325118583181596,48.340525877771384],[3.4986883356303173,48.368618101138466],[3.4525858660423605,48.374390245729586],[3.427513158445058,48.359980231681526],[3.4147915595010967,48.390273038820325]]]}},{"type":"Feature","properties":{"code":"11","nom":"Aude"},"geometry":{"type":"Polygon","coordinates":[[[1.6884197209147511,43.27355372810048],[1.7083882204712093,43.29126593638564],[1.7041401191232926,43.302731061004685],[1.7264566850126617,43.31355860790404],[1.72381890913847,43.32974907649138],[1.7560895669919805,43.347786239580316],[1.7722726989104796,43.33697670685812],[1.8042058556067164,43.35792861707674],[1.8040846789340412,43.39168480485615],[1.8275744264204186,43.41839399539007],[1.8587429714302222,43.443820891217364],[1.8961151188637693,43.418448380585566],[1.9030825485451017,43.40648077638579],[1.9321973483656796,43.42425346114769],[1.9563832142288617,43.42542487943702],[1.9882982689321873,43.40760727642704],[2.013251174841698,43.41479228000688],[2.0291328387973606,43.43689796484212],[2.05313408767619,43.430200497980316],[2.0708019369201476,43.40639420952169],[2.1092766429079504,43.39455364359396],[2.171612173004611,43.41555236920325],[2.1877030879041897,43.393901845464775],[2.2150238714414177,43.38350522654672],[2.2296639061851096,43.409449060674696],[2.2220362066137076,43.42780221311405],[2.2441052741816327,43.44588047377504],[2.2648019643127553,43.45354440574296],[2.282011032773141,43.44122586946259],[2.3113690047501163,43.441551364653506],[2.3951180854863265,43.4183086163608],[2.4331017858919792,43.43517605493275],[2.452244714182291,43.43185573872313],[2.4968524565426087,43.43693032075721],[2.5192241258183463,43.42357280473514],[2.5657873980365586,43.42295974410401],[2.593459760332987,43.4125861022952],[2.569215560940852,43.40030210238747],[2.5532224612518877,43.381578705629835],[2.55675033079638,43.3671181357703],[2.547404327067849,43.33874150409467],[2.5847987373211803,43.333574828863085],[2.6016030790296316,43.29870698639686],[2.6587668022165167,43.29400885554122],[2.6935895397617924,43.32048879782006],[2.7068228959310465,43.293727070528135],[2.7002195943205365,43.28232047565704],[2.737891172803547,43.26734188065557],[2.7525204916724526,43.254593867354295],[2.772248225673249,43.25778564580618],[2.7869223712743656,43.273512651125344],[2.79178868739065,43.293015551205826],[2.8385539311891925,43.32211574816248],[2.868317493236679,43.32958665849561],[2.872040834033522,43.373176887725414],[2.890171804390596,43.36535216139457],[2.8867026665888473,43.32989534646164],[2.9469414010608523,43.31208498526138],[3.004349268167806,43.3201311415976],[3.005861156020884,43.28492197900128],[3.0548510434943674,43.27971779305137],[3.0783431423637917,43.261829334517095],[3.110944425233587,43.253471060898335],[3.1220006410048176,43.26158196380372],[3.1472079664155532,43.24700506844497],[3.175401641785767,43.24369767269661],[3.2010265503923754,43.249167148053665],[3.2103050300757787,43.235638559541265],[3.24056113717041,43.21280863308409],[3.177252971331801,43.1653931155685],[3.140803804618427,43.12876695257695],[3.092876973759121,43.06914228496683],[3.074043532794371,43.03811903535086],[3.0428431893335772,42.96015378799919],[3.0404710136346944,42.929704326912585],[3.060589297455898,42.9170599049451],[3.043510805290506,42.8381501142638],[2.976233697434438,42.870285782323506],[2.9176652105086776,42.88490560680479],[2.9068743640845423,42.89581380072565],[2.8804319367618048,42.90142601782671],[2.8652738803519484,42.91834143726101],[2.834726633088116,42.91226461376727],[2.8163773260069473,42.899968720008566],[2.789053819259419,42.895988728811574],[2.762151578941423,42.87367587089044],[2.754406508896001,42.85193277009744],[2.7392695852260918,42.83704183830966],[2.680460074219605,42.83066919623472],[2.665129702318414,42.836638227667535],[2.5979979640054287,42.83710010473599],[2.551517478135935,42.84669055878725],[2.5303296696211732,42.84330870449564],[2.501496510152125,42.85114590958063],[2.4524747607108766,42.83693276356475],[2.382167466090285,42.848465968894374],[2.3271160459779234,42.83744277583184],[2.3335924644994988,42.80438237482061],[2.343922918928302,42.8012178810544],[2.3429452475243857,42.77535071033062],[2.352474899591023,42.76247835717117],[2.3573542563069108,42.730614151700564],[2.3220061203917695,42.7077915762024],[2.297058357278089,42.70099502933411],[2.255205048620104,42.69745713836985],[2.246516821037239,42.681202948030595],[2.176204944795001,42.65250633141794],[2.166053682054993,42.66391836976526],[2.1758741195218594,42.68279522431058],[2.160632413925722,42.70112722891685],[2.0874431064800922,42.73901317594321],[2.0839024245548936,42.7516077244054],[2.057204243184995,42.75622286125991],[2.007929382662407,42.73412497082237],[1.9516265106681303,42.73669095024391],[1.913239238416856,42.75882498736125],[1.917663354345371,42.78274473527807],[1.8970774273087732,42.80800219821675],[1.869202579081601,42.81508603325651],[1.8758890323432875,42.85273825107509],[1.9456558633746337,42.85619826237116],[1.9869209142233524,42.87101168756058],[1.981007734505436,42.87842008504447],[1.9919290520003003,42.905098487236415],[1.9805743107561908,42.92957969198593],[1.9338502257854864,42.93932515940288],[1.9364462363662087,42.95396589299509],[1.9853302810624713,42.96695793978397],[1.9850016206688033,43.032612459176974],[1.9730769071879921,43.04616201620429],[1.941132873290632,43.05271547262669],[1.9557758360446906,43.085446537199715],[1.9494047039555333,43.12070809144376],[1.9177470958909644,43.13323111235511],[1.8954279777499146,43.116633336360046],[1.8804078673476365,43.14153936255586],[1.824772198868932,43.145813889155335],[1.7806433096574144,43.159824933344154],[1.7435880718428745,43.182725951168436],[1.7134791529379416,43.185618701843005],[1.7099486500213625,43.20058204747453],[1.7238440687530252,43.22452425076901],[1.699776940607475,43.243831295721215],[1.700754514704471,43.26054064540708],[1.6884197209147511,43.27355372810048]]]}},{"type":"Feature","properties":{"code":"12","nom":"Aveyron"},"geometry":{"type":"Polygon","coordinates":[[[2.207475285530841,44.61553167652982],[2.208413991565611,44.64384410168341],[2.228626493841591,44.655105785064215],[2.2508940048769053,44.651891647919456],[2.2910316971198657,44.666588146931176],[2.326785795750648,44.66969245597246],[2.3327774512659527,44.65061525218626],[2.366001494633773,44.64133953238094],[2.3819999953795703,44.650883200245765],[2.4350033478315978,44.63887764359622],[2.4521623511235817,44.648218952798366],[2.4831925395759007,44.65033992053267],[2.5008854718716496,44.690412284300194],[2.5581520749956534,44.7235077650761],[2.5544884354514226,44.739644683596104],[2.565243660905042,44.77818509002242],[2.5993575445949,44.79280887269849],[2.596849860721244,44.81984577665913],[2.611613330896067,44.83068448570257],[2.6026810523917403,44.84316760837642],[2.6239346066524707,44.86692074581927],[2.6490608273773533,44.86973105802406],[2.657758465796855,44.886441699351096],[2.681297551065327,44.907390957815316],[2.7064349149756604,44.907226122164595],[2.716460244119946,44.929058850326676],[2.731011702023176,44.936748096176],[2.756446447848751,44.932385951522065],[2.773539092637797,44.915090188600416],[2.778335607948137,44.88772015360108],[2.7727032477846745,44.85554848858922],[2.8019551055054883,44.87362935290199],[2.813504204128073,44.86939072862634],[2.8596787274829483,44.87446457937794],[2.855294234485589,44.85122120013259],[2.8704061890716517,44.82942482057374],[2.8795722036394493,44.80301061014631],[2.893463810454271,44.78634192775854],[2.9201908650803254,44.79430517818069],[2.9345215070232764,44.779198272865976],[2.920800098992959,44.76572967096113],[2.9347898343981527,44.744014418025785],[2.9250598501117997,44.72712765384178],[2.942968011895008,44.676956264041884],[2.973000483295105,44.64571914667694],[2.981676986530433,44.6446766126243],[3.0123028502611833,44.62190975589775],[3.033175255143208,44.59690534845544],[3.0759067638703557,44.572973678960665],[3.083593896775788,44.559014394432964],[3.068038879929246,44.50286886512245],[3.100325843979618,44.479978817970924],[3.1158453488850872,44.47555258933136],[3.1352323616083257,44.454447756476476],[3.1417277742830882,44.42845999235368],[3.1267210313580613,44.41395827490389],[3.1405583752842663,44.39261625444329],[3.1216683061653887,44.388740994522394],[3.119331633132198,44.36409697183054],[3.133744886002754,44.33033358238777],[3.1542516260589815,44.30837023621562],[3.1252288254578002,44.28446357369579],[3.124161021616368,44.26032349700248],[3.153719168091856,44.273805934751195],[3.1606544387163025,44.24539730394844],[3.179876249541182,44.24566454674947],[3.2243422257594276,44.23002883975091],[3.2250868325095428,44.21260133894453],[3.206607905788314,44.18992834029595],[3.240325090398278,44.190831778546034],[3.2950015544682763,44.20693612762719],[3.317300542840415,44.200240218868345],[3.3577995033411128,44.197910434234956],[3.373648044830684,44.170755872105644],[3.3360602348274,44.15867236265549],[3.3202909661039373,44.13590273654235],[3.3243979232334686,44.11534226731356],[3.2640453082464216,44.09159000805124],[3.290256259022499,44.07173186446177],[3.3289104186209886,44.079029903874805],[3.3407758500745954,44.05682580426664],[3.3670810890076868,44.058216824075586],[3.4323231338542683,44.03257989364055],[3.449940594755056,44.020259628606446],[3.439167690806169,43.99803716044466],[3.420487392791084,43.99414155773302],[3.4054945930695584,43.9702673408017],[3.3781609146564224,43.967548345837926],[3.3515992359998137,43.93803681173031],[3.3583594413044624,43.913832893255005],[3.3179342390620543,43.890982402561455],[3.275074750407491,43.898352311519034],[3.2344586173849077,43.85756325069015],[3.251093231989111,43.84207470180914],[3.2490369949799924,43.82957970414178],[3.209694860701851,43.8129603323146],[3.129188579676226,43.81693696893768],[3.089161041674374,43.83475002166805],[3.0598559764719786,43.8316473799454],[3.0602924932316915,43.80942874668814],[3.049402198661958,43.80382793190341],[3.0570597724827286,43.782641043208976],[3.0758829435264556,43.768519616825884],[3.0530638218978536,43.74618963728415],[3.053457816225651,43.71617068001798],[3.0681377277946873,43.70869387475869],[3.0601699178851627,43.69294263093098],[3.0334575248710003,43.69205430194576],[2.9848044810902232,43.708885107652996],[2.9465514600279064,43.6929371414868],[2.9354629666803715,43.69466778518887],[2.924979718909465,43.70722262668568],[2.9211070453325663,43.736113678075654],[2.876569254236284,43.740391576832444],[2.813673557986314,43.76171872931414],[2.787648251453773,43.75205159727044],[2.781560489408381,43.73708398417332],[2.7376382481956725,43.729149343592226],[2.7120947274866287,43.74265456414404],[2.681730402635996,43.74351491586531],[2.62921204804682,43.78033346795367],[2.5971439125173483,43.81904107424546],[2.564162540693876,43.84133108872312],[2.5653040807171466,43.86779348986836],[2.576682228818769,43.881724244386106],[2.5504866871867202,43.89654064032313],[2.556301019312927,43.918667347684455],[2.5377898856336207,43.93373704382359],[2.4993471763625212,43.950586257731224],[2.520624718664867,43.962390454422454],[2.5247925967526887,43.978086506867584],[2.502131799597772,43.985509672089385],[2.4827654912259214,44.02626238773467],[2.4634612069785837,44.034971712792114],[2.4600622206958023,44.05135361527231],[2.4102102719432614,44.05584863724648],[2.400758251634245,44.083536917635314],[2.3577385466562726,44.10155549627926],[2.3236392435181563,44.12468040684526],[2.2906506734219882,44.1246789196839],[2.2848803617727818,44.145334610005946],[2.2396498479355507,44.13445411470232],[2.2006096765756986,44.144878675424955],[2.2376135766415715,44.15862580829351],[2.206941568452062,44.17128000270773],[2.191149664017209,44.16226251594439],[2.1752849884595378,44.18101099006862],[2.1565521534572882,44.179860441662186],[2.1495172687755666,44.20027523558509],[2.103007805822088,44.19236177915484],[2.0593768473509186,44.17228332636406],[2.0273876177134555,44.16774670708074],[2.029696407495935,44.15703749613199],[1.990170712650344,44.149452563484346],[1.977057759324639,44.16258114075737],[1.976683004728593,44.17992355171282],[1.935140495123965,44.18136455834765],[1.903654339982968,44.19375585363767],[1.9049135238032417,44.210214643984514],[1.9430651280544025,44.247586110602526],[1.9594126927401139,44.241188828077995],[1.9704438024330744,44.276436279434016],[1.941087860705048,44.28241377562342],[1.901390505373501,44.27911646341682],[1.868779185952882,44.29203687124151],[1.880911316974408,44.30347685224885],[1.8594609109987437,44.320378858719295],[1.882082857535903,44.340065248844205],[1.9068426542084775,44.364872665176094],[1.8675016882668152,44.39806363608371],[1.8731857077141336,44.424139807111516],[1.8505304217987393,44.435510430042704],[1.8526882779181688,44.45921955120797],[1.83959954163412,44.475900168970036],[1.8615755393539462,44.48731998198506],[1.8799562054517298,44.48383493649415],[1.8902881654773012,44.50588875517498],[1.906117994440278,44.499870752169386],[1.9562304028473732,44.5184522370375],[1.9885498908449635,44.55118208825662],[2.020316538227445,44.55550186478567],[2.057369025284242,44.58290555966192],[2.083044956953958,44.58742511394722],[2.1052735405908587,44.5712308351366],[2.1268932861145236,44.57892133300102],[2.148458414466492,44.57058186258418],[2.169814750379143,44.5914152242936],[2.193605072158649,44.585919536206276],[2.207475285530841,44.61553167652982]]]}},{"type":"Feature","properties":{"code":"13","nom":"Bouches-du-Rhône"},"geometry":{"type":"Polygon","coordinates":[[[4.739060856654237,43.92405947349057],[4.82173604983078,43.912827836405015],[4.853093547765335,43.91138205123056],[4.885234592866442,43.90014657326699],[4.902319279838385,43.88793164631778],[4.925857913600155,43.886492676966505],[4.966309299927298,43.87164726913833],[4.996088984833567,43.846062979958205],[5.029533445304739,43.82779291313872],[5.0496564330787725,43.788726353015356],[5.173314396868251,43.7388086180006],[5.187972296540632,43.73510332278256],[5.229990308924739,43.74767288112555],[5.255713544202415,43.74655792640453],[5.31850282672,43.73502143195822],[5.341018959038618,43.719703701701896],[5.439245661034277,43.68110432174805],[5.532691768278144,43.658982498850435],[5.571561902428718,43.66192326389572],[5.6069435191164425,43.65868590516478],[5.647750486437068,43.675796002747234],[5.6740823773888085,43.69354548263312],[5.7173496269448085,43.6935266901868],[5.73694977606664,43.71600369956981],[5.753650891000443,43.72462222505303],[5.782188925366387,43.70688803457204],[5.803458345470844,43.67967259461735],[5.799061112603831,43.66051789095841],[5.744798262971254,43.65677840759107],[5.7002276041895055,43.64171580606343],[5.681084297973491,43.61251583703795],[5.691599302975247,43.58442798717338],[5.655965226280003,43.57740113848914],[5.6692574361600405,43.56473259595678],[5.695815693323289,43.5621406925523],[5.722822019697228,43.54816058741321],[5.716142493328895,43.50429675245373],[5.698802592390258,43.48217012690398],[5.729497620866793,43.4649455181253],[5.750365813842735,43.43483686058608],[5.786515741534922,43.41454030725915],[5.749995488821414,43.40151212758493],[5.724430347442292,43.408873853719896],[5.682787396731936,43.39915686931637],[5.694566647112354,43.364397692972155],[5.705025402908448,43.35591845372619],[5.686454243837883,43.34018809721801],[5.6805714198425825,43.320567749059826],[5.691040375926617,43.31296284082202],[5.726600840963344,43.317355354807546],[5.749842102092498,43.289268158207484],[5.760928945485899,43.26733799967126],[5.738053338597997,43.26234879905431],[5.683909137465821,43.23605829449104],[5.671875005699277,43.179268786904935],[5.6525556384849125,43.187314568389844],[5.624165815055896,43.18698295242608],[5.600902180940571,43.16254533545738],[5.569123854119204,43.17529448351615],[5.531324017717664,43.21204241023737],[5.510066083294413,43.19768970206163],[5.454401745873978,43.21064244401662],[5.391051995321294,43.21212758682465],[5.363644360087066,43.20712491164297],[5.340870058926049,43.21464053757704],[5.348353034439003,43.22982142946681],[5.372523588800765,43.24507767770401],[5.366241273279859,43.269297926805216],[5.345688435376646,43.282363417695436],[5.364413487886784,43.312140196877614],[5.323859848409952,43.356938601132626],[5.296471721324536,43.35955741603999],[5.2562520205440935,43.33727449020553],[5.221336413370384,43.32835884872525],[5.17747685717399,43.333615576923606],[5.168325223906977,43.32794092993499],[5.037907932778403,43.32902848885288],[5.019042287817556,43.34294363712429],[5.0242941885301615,43.355561006629124],[4.975887748495165,43.40225192419132],[4.967705599857734,43.42610491918481],[4.931381887869524,43.43315714427828],[4.906351069342989,43.41974182683961],[4.864258578677964,43.40622019800946],[4.848994405645509,43.374446367565824],[4.874828065516188,43.36049493579003],[4.855048529182453,43.3326166544088],[4.833031594688433,43.32986964122808],[4.783363102701897,43.347193829339595],[4.717738680923241,43.3503073199876],[4.661783095147221,43.34641234548359],[4.585804835779633,43.36006877534866],[4.562800334318894,43.37213670596142],[4.557428450695051,43.38832049746897],[4.587701900856666,43.40071206710059],[4.582043368583085,43.43056112720855],[4.562101794245088,43.4432502407157],[4.51635241260241,43.45471611364518],[4.465265329292432,43.45715551018595],[4.402200576777784,43.4472639920423],[4.382042207083344,43.452273928749435],[4.230283393392478,43.46018543272639],[4.239683975737728,43.499174558069626],[4.295851866824911,43.51453493286982],[4.353650066858599,43.54739365400947],[4.409349673740097,43.5611278006361],[4.425539875574249,43.5852225597615],[4.450257392496214,43.58355447784505],[4.475231595661822,43.60829885495057],[4.439746618135546,43.61067366667502],[4.427040425527008,43.62067740923795],[4.4542439312837825,43.66662787515181],[4.475496620134662,43.67109343801706],[4.487236861293796,43.6992377666192],[4.5369411541005595,43.70751108523803],[4.58188049548336,43.696373117975405],[4.5930322483013235,43.687462402972955],[4.627660521184518,43.69054089775907],[4.613036230103559,43.71429404725378],[4.613635008064088,43.72981961114202],[4.62998556436456,43.76267064663956],[4.6512411791496495,43.782277934314685],[4.654752667357286,43.80231435958277],[4.6424160670333485,43.83143872315902],[4.666304849946619,43.84477593971714],[4.641909591242105,43.86747754714164],[4.693327338994554,43.88497348729056],[4.723369654284791,43.90595389117946],[4.739060856654237,43.92405947349057]],[[5.0144531785530875,43.55554571631939],[5.015464900192831,43.52972333434815],[4.998556097992353,43.498104175449996],[5.004639838062898,43.470137499203474],[5.037984666608327,43.47064067048238],[5.051880922172624,43.463556640011085],[5.070394766791551,43.40020699537995],[5.11071277779588,43.40412626112347],[5.137265038622504,43.40018551794629],[5.1602333561876454,43.4110063529329],[5.191264875484891,43.43489873898378],[5.226134113683475,43.45256621293005],[5.222559549448171,43.48346583330456],[5.202793615675099,43.49117758927305],[5.1453160268384055,43.45857039791435],[5.102687329637665,43.526042982433104],[5.064332478397007,43.52783256560428],[5.046441178306793,43.52214136817413],[5.0330412390865265,43.5450648209435],[5.0144531785530875,43.55554571631939]]]}},{"type":"Feature","properties":{"code":"14","nom":"Calvados"},"geometry":{"type":"Polygon","coordinates":[[[-1.1196225402660513,49.3555679898469],[-1.0782173743324184,49.38849350541246],[-1.0302250793020893,49.38958141035263],[-0.9887106844575865,49.39741154140852],[-0.939384692333383,49.39504220855989],[-0.8754490370644941,49.36957076039473],[-0.8252067535670959,49.35753795654393],[-0.7222488013847815,49.347004165939666],[-0.647937711207899,49.3459781072392],[-0.5987386883749173,49.33981459321013],[-0.5532470677623611,49.34610161856534],[-0.5153140242090218,49.34501616988366],[-0.451962464076699,49.33549752432251],[-0.41484859816372344,49.33558104324266],[-0.36104180324658686,49.3228840274954],[-0.3025757588502727,49.298441925066236],[-0.22569330389903117,49.28181693021672],[-0.1696632231153101,49.28624405434959],[-0.09557631944627808,49.2981805995376],[-0.0005074304791027337,49.32556281264521],[0.07413515099973117,49.3651917979644],[0.11039331683077662,49.39427124874853],[0.1297510279522393,49.40298907653438],[0.17578018698541883,49.41235618373611],[0.21994001130961943,49.42676180478785],[0.2972244202906153,49.42986163728299],[0.30882332255488343,49.38786856245116],[0.30171362422988823,49.37130535987279],[0.32342800534930133,49.34064201714996],[0.31206679218437866,49.32225733229892],[0.32302317286212995,49.29699256482139],[0.3648958938390429,49.29519774636941],[0.3808108509605511,49.28238539554381],[0.382786744119418,49.26401647481274],[0.32113000687689647,49.24813594819387],[0.33741825014085014,49.23147819071951],[0.36654884147794087,49.21588212665217],[0.3947289759189785,49.20844416130579],[0.3858907764132056,49.15405567420366],[0.4267310809928099,49.146911914644164],[0.3997150635817522,49.10053337795652],[0.40780490572913114,49.07739021420981],[0.37935511955028134,49.06776772669734],[0.37767980975475124,49.04945033019971],[0.39019525565888735,49.03437482486719],[0.42590416560578637,49.031961024526844],[0.4462781902001329,49.014969905257644],[0.43394360004573646,49.00495438261333],[0.42880993562155445,48.96612177413988],[0.412814532889088,48.950626367694355],[0.40609491524831554,48.96346413266829],[0.37731004626458825,48.972554866896424],[0.3581085399804696,48.95050361041376],[0.3332314772821841,48.942781544583966],[0.3105016483200191,48.9525668734449],[0.28264019709882576,48.94899613116388],[0.27250168047082235,48.964655839870495],[0.24466232022740259,48.95878245595905],[0.24227175031800538,48.94434881189317],[0.18746286897648523,48.940627353263515],[0.1564748700538276,48.924787583562484],[0.12760760912750246,48.95221907078784],[0.09488679748726127,48.93579979818696],[0.07094503667266873,48.932121250285164],[0.05639799250068904,48.902464038657314],[0.008758124525063051,48.8910599383045],[-0.030666077085217337,48.8738778222776],[-0.0590064530019254,48.853491798472966],[-0.0850638956816069,48.84465033807136],[-0.1463430882060753,48.83444909949476],[-0.17671993891467938,48.83423079521249],[-0.26217897261037365,48.85359465583731],[-0.29452074618238994,48.85168192113505],[-0.3285204584539417,48.857599313600346],[-0.3267045002943942,48.840277412458356],[-0.3462445710154039,48.821999140746314],[-0.38621249067401003,48.8452588814631],[-0.4089756657265101,48.87089665763008],[-0.431252227536603,48.87431946705079],[-0.46875379913660753,48.86921416486376],[-0.4940452996821073,48.84857463029627],[-0.5445223814299559,48.8478900838751],[-0.6264394642029217,48.8268065097143],[-0.6935979640277244,48.8472307255334],[-0.7054998116130325,48.83677879901897],[-0.6821715230909893,48.821834119269546],[-0.7125565216024937,48.80069002566648],[-0.7806266616236817,48.78665142650693],[-0.8192734301255277,48.7541311066678],[-0.8409353560137922,48.75222016383323],[-0.870843068323719,48.755747083763815],[-0.9194507448733115,48.76990119354358],[-0.9510500649738302,48.78923788485761],[-1.0126842102843516,48.77178311290127],[-1.0374406727580494,48.78252947303227],[-1.0587344201065705,48.7733510406527],[-1.0894728333388959,48.781514884249376],[-1.1038400489666345,48.814802746543315],[-1.1537697728059082,48.822236045223256],[-1.1553820376155783,48.83646333089034],[-1.099957594999108,48.86805030812276],[-1.0711805139009567,48.87028515761762],[-1.049194217272288,48.89402994339517],[-1.0137402112544927,48.91595272397592],[-1.0226214673729113,48.927090137671044],[-0.9557321879384142,48.966234060803075],[-0.9427299538328557,48.967706984870034],[-0.9136451137312932,48.99096142683413],[-0.9061381953887807,49.006106279376766],[-0.8623508752010071,49.034658294620314],[-0.8845207940960534,49.03871404252527],[-0.8703864178242734,49.07831283220894],[-0.8799553096857228,49.088797685340666],[-0.8784554052403395,49.117103346563994],[-0.8865942987279166,49.12943404142505],[-0.9314412531318438,49.14557476084313],[-0.9373335821349595,49.16152234602555],[-0.895819782126535,49.19807825865292],[-0.9205699599745509,49.221065178841805],[-0.9754585570109295,49.19216218144188],[-1.03400192072734,49.218462649963996],[-1.0787006256545217,49.23459214406213],[-1.124678305514618,49.26791880332945],[-1.1215034590044193,49.28156614073767],[-1.1400966460602808,49.2973935275135],[-1.1395424010513058,49.30987085975071],[-1.1134631010458858,49.32794637083092],[-1.1196225402660513,49.3555679898469]]]}},{"type":"Feature","properties":{"code":"15","nom":"Cantal"},"geometry":{"type":"Polygon","coordinates":[[[2.508408697113082,45.47849879874483],[2.5437058143512723,45.47758527668323],[2.590384711197607,45.45005773186534],[2.6396930053973264,45.44570657455579],[2.663390372512316,45.43416415509558],[2.6764584284787265,45.43907413938682],[2.6871186111491756,45.40629147061533],[2.714857227145231,45.38155782083131],[2.742824191956514,45.393286416958404],[2.7635223964556954,45.38562409648569],[2.8012313498513737,45.39285594883326],[2.851739807542808,45.392294826301445],[2.8677277513750035,45.376079673109146],[2.8863031117541533,45.382961505858326],[2.9207131825210073,45.36542334907543],[2.931754110661835,45.33059235323827],[2.9495692996597285,45.30885613298761],[2.967346132390612,45.307097870959936],[3.0183045953290004,45.2870664026082],[3.021790178296388,45.29536780296733],[3.058569686824016,45.30656505249262],[3.060267266954517,45.33058792846881],[3.081709261400673,45.33620210714899],[3.1034981328800555,45.35437310008832],[3.1134170784877164,45.32717903792977],[3.0999431470714955,45.316251503364],[3.1179979977042014,45.284187297622225],[3.1595874385219407,45.29128516779879],[3.167616208952322,45.280135013197906],[3.2125769046776993,45.28063487720399],[3.228040568209475,45.26635049790692],[3.220952339250761,45.244178044330745],[3.239572097735146,45.21694671205992],[3.27247945333649,45.20918164911843],[3.2606073460103326,45.17094202255946],[3.2880332175079103,45.12042440957931],[3.3013685993945794,45.12408985771677],[3.3340673163073404,45.11112985018295],[3.3142746780569206,45.08502161586657],[3.300037167089146,45.05612205325275],[3.3002890808475738,45.03204489436342],[3.3114877307075306,45.02276714381717],[3.337173969362221,45.02533946243554],[3.349918646764341,45.00260138512903],[3.34795071948085,44.97386741391429],[3.3613425807398936,44.97141170967897],[3.337948402304469,44.955908780382266],[3.2989394542854322,44.938607376229236],[3.286022962312807,44.92637841429803],[3.243812024502196,44.933528843936465],[3.2496925236752454,44.916237893044965],[3.2290980359662727,44.90925048112522],[3.2366483203775314,44.88797735233407],[3.215966948855477,44.8750364950506],[3.182311971252496,44.863734531317185],[3.166012315445439,44.874339110434526],[3.1411028663826848,44.903319692595886],[3.1054983095640436,44.886774803102355],[3.0936395044401266,44.853715932362164],[3.0994768968798603,44.833588418089676],[3.071476757431392,44.834123173435586],[3.048093761431216,44.80425398591603],[3.0479974143057897,44.765468479023006],[3.0310795010084504,44.74941305751071],[3.028593384774951,44.73000325460999],[3.0160096767820934,44.713692453685596],[2.981676986530433,44.6446766126243],[2.973000483295105,44.64571914667694],[2.942968011895008,44.676956264041884],[2.9250598501117997,44.72712765384178],[2.9347898343981527,44.744014418025785],[2.920800098992959,44.76572967096113],[2.9345215070232764,44.779198272865976],[2.9201908650803254,44.79430517818069],[2.893463810454271,44.78634192775854],[2.8795722036394493,44.80301061014631],[2.8704061890716517,44.82942482057374],[2.855294234485589,44.85122120013259],[2.8596787274829483,44.87446457937794],[2.813504204128073,44.86939072862634],[2.8019551055054883,44.87362935290199],[2.7727032477846745,44.85554848858922],[2.778335607948137,44.88772015360108],[2.773539092637797,44.915090188600416],[2.756446447848751,44.932385951522065],[2.731011702023176,44.936748096176],[2.716460244119946,44.929058850326676],[2.7064349149756604,44.907226122164595],[2.681297551065327,44.907390957815316],[2.657758465796855,44.886441699351096],[2.6490608273773533,44.86973105802406],[2.6239346066524707,44.86692074581927],[2.6026810523917403,44.84316760837642],[2.611613330896067,44.83068448570257],[2.596849860721244,44.81984577665913],[2.5993575445949,44.79280887269849],[2.565243660905042,44.77818509002242],[2.5544884354514226,44.739644683596104],[2.5581520749956534,44.7235077650761],[2.5008854718716496,44.690412284300194],[2.4831925395759007,44.65033992053267],[2.4521623511235817,44.648218952798366],[2.4350033478315978,44.63887764359622],[2.3819999953795703,44.650883200245765],[2.366001494633773,44.64133953238094],[2.3327774512659527,44.65061525218626],[2.326785795750648,44.66969245597246],[2.2910316971198657,44.666588146931176],[2.2508940048769053,44.651891647919456],[2.228626493841591,44.655105785064215],[2.208413991565611,44.64384410168341],[2.207475285530841,44.61553167652982],[2.1694177928364127,44.63806619142595],[2.164998532757633,44.66315186421785],[2.1791523387104577,44.6744488247748],[2.1526517256816478,44.69982758494574],[2.1473467852230246,44.720872889725285],[2.1534919160094748,44.753107579025226],[2.1669553074507704,44.773143530159075],[2.166838986075325,44.81171436877482],[2.1398005030167444,44.82382515219366],[2.093387343737472,44.872914160665985],[2.0864964046718506,44.90108537322011],[2.1081096992344133,44.91064323067309],[2.0786199838878985,44.93249880393721],[2.080180633811985,44.95404979923148],[2.0629142919730623,44.9765064055156],[2.0938020877139607,44.98529837433936],[2.1329789677394575,44.98552052019744],[2.140647790386873,45.005857628345254],[2.116811790903016,45.02111348728891],[2.09515947189117,45.056029885039536],[2.140183835372406,45.08652439641992],[2.1717556853734434,45.08149587397562],[2.1880924247036915,45.117940072442366],[2.18170890180253,45.13265183027654],[2.207633764509611,45.14349133970101],[2.207977370989871,45.1587474845356],[2.1901243496543654,45.20505624696943],[2.204634111796817,45.22819449662118],[2.2387798021685046,45.260353986844294],[2.2585645529210967,45.270221039449574],[2.268987098125343,45.2893886939803],[2.287418644336649,45.28656307930596],[2.3177410847351756,45.32296013589262],[2.350492100523935,45.32756729305109],[2.3513449070267884,45.348607328275094],[2.3647879506791765,45.35792327432974],[2.3693560338624287,45.38650326050192],[2.354551202894122,45.40140299938709],[2.378246243484016,45.414305790766434],[2.3982932489236073,45.40016956610219],[2.422673701160617,45.397227168836935],[2.4463304633628185,45.38326310881528],[2.485765402150312,45.37894867689509],[2.5233092448704975,45.384373430857245],[2.525650073736618,45.394585673379005],[2.487538059249189,45.41816337489308],[2.5067704454060635,45.46406590539498],[2.508408697113082,45.47849879874483]]]}},{"type":"Feature","properties":{"code":"16","nom":"Charente"},"geometry":{"type":"Polygon","coordinates":[[[-0.10293687953014707,45.969659985237946],[-0.041431040823060886,45.993479981490964],[-0.04551950280367589,46.02062123975871],[-0.02144724431586948,46.02887152321493],[-0.031995293425440136,46.05592180291526],[0.01927278461702518,46.05284782935696],[0.07297225926176307,46.09389590958497],[0.09965289984710943,46.092923144255636],[0.13568666816811367,46.104047924067046],[0.17785565005004553,46.08330780134647],[0.1973535052161626,46.09555004152969],[0.21971869883786393,46.09431625215903],[0.2522183041176724,46.07997966029883],[0.2798061440667491,46.060966262312725],[0.39105268436192897,46.066346526515616],[0.4132869508404128,46.04908867462494],[0.4450902027032336,46.05080094878019],[0.46914195555876237,46.06154823906217],[0.47596150384778746,46.08270140200688],[0.444533894881436,46.09115151319632],[0.44325878141139535,46.10157393893125],[0.49249803098282,46.1359535013665],[0.5381620342712992,46.095338949157004],[0.5646140785657598,46.089594364695195],[0.5749744983104493,46.07899630556071],[0.6060084175300469,46.077142007163026],[0.6086469693380949,46.0896841812107],[0.6874528960648788,46.09725460634645],[0.684060820103776,46.11934698105583],[0.710577167789481,46.13088444115974],[0.7469045366399735,46.13857472178201],[0.7801581669353024,46.13213998977384],[0.8095104050353692,46.13820512038027],[0.8234337839605995,46.128581728488264],[0.8152372244416768,46.11576760044673],[0.833691291703567,46.10635630894394],[0.8188984576633332,46.07740847428548],[0.8269002995768702,46.06393247093984],[0.8179096763959527,46.047878116483695],[0.851093282263786,46.03464824766331],[0.8670363318108323,46.01842834189512],[0.8940345525336028,46.02314912814255],[0.9256254984735036,46.01045396377162],[0.9425919960124763,45.95743607843122],[0.9227140883044904,45.95301038798378],[0.8847207937372841,45.923723788266166],[0.8594760522394275,45.917997097288996],[0.8222125888611419,45.93208646787984],[0.8133141897835577,45.89867390107227],[0.8273731927551746,45.882747942075014],[0.7979907883874932,45.83267807863906],[0.7822321483214059,45.8210820958808],[0.7721413751783613,45.78762409365665],[0.7470964755206753,45.80309000421788],[0.716439805978218,45.80561793866404],[0.7079458275965803,45.79550918085823],[0.714888400126834,45.76311968057406],[0.6884232598945583,45.7604002541581],[0.6525242742739024,45.7404698575335],[0.6454223576561761,45.717511285932694],[0.6297424639524398,45.71456998977268],[0.5988182940413804,45.67062696828461],[0.5678112654431465,45.6510243172179],[0.5612176923905663,45.63273730287464],[0.5355449863742777,45.63336713201865],[0.49986594015823305,45.616678558714106],[0.5155919010618789,45.600377918791985],[0.5007291724346205,45.57307480085136],[0.506492513438957,45.55388701893163],[0.4962604525540854,45.5444880543905],[0.46573672024377105,45.539623254776004],[0.4327895064931416,45.5024678675343],[0.356537146854989,45.465479098992546],[0.3078489404274546,45.46087036559335],[0.2943995470605675,45.434183799907565],[0.2781514641521634,45.427303344509845],[0.25007284811879654,45.371801187374246],[0.26498472290743125,45.334216796479616],[0.26971965078434545,45.30539294080847],[0.24739630895607334,45.289484009049765],[0.22141736394530237,45.290328116659495],[0.20441616387648323,45.26359520741223],[0.17763742117729522,45.253740934302506],[0.17055210372198007,45.23701026486455],[0.13030604926862757,45.20798900287554],[0.09619541225687946,45.2278578556264],[0.07573321487779969,45.2202598278516],[0.05343044144838288,45.226854975561835],[0.034845860697314227,45.20874744152009],[0.007749483713343667,45.20202343974376],[0.004330746876933936,45.191632555616],[0.006062958572826905,45.22015279177819],[-0.03627702144250208,45.23721166979442],[-0.04010907570871097,45.24667707840673],[-0.10906395793417734,45.247266549806895],[-0.1087860702850694,45.28895157818026],[-0.13794822595131936,45.29287694608038],[-0.16425879921098446,45.30698659601025],[-0.19638538280111967,45.30512678463863],[-0.2304752800698138,45.31446591115923],[-0.27347921783680357,45.30225684007141],[-0.2887417673079189,45.32910703740514],[-0.27790666612822756,45.34775584650338],[-0.2502965305794111,45.34134241625847],[-0.2482719674169436,45.35898378387085],[-0.2710919492630416,45.35814803088122],[-0.3098053879026185,45.37371901040736],[-0.2781611552168728,45.39872175654272],[-0.2497593835924429,45.40874172938639],[-0.24726501108038862,45.43547210812303],[-0.274151582312151,45.45858172430254],[-0.2581005042557833,45.487311820539006],[-0.2661516568578383,45.52506493490806],[-0.31837852151865353,45.53478119461178],[-0.29701667106996404,45.56395328480815],[-0.3076248492964586,45.57358242489813],[-0.3759196531282934,45.60891920266452],[-0.3888323806150822,45.62624147062642],[-0.41648688699637426,45.6172478354152],[-0.4319955290656746,45.62459912844279],[-0.40948414912562175,45.655586235131814],[-0.3825326157519499,45.65979752940899],[-0.41054144795526276,45.683378056997135],[-0.42212116254330756,45.709462720761486],[-0.41583863552489936,45.74166865754332],[-0.4600101800616985,45.73927564322733],[-0.44933397454634766,45.766003399915384],[-0.427307558287169,45.76407021646179],[-0.40217992031623706,45.77301526864364],[-0.40039322122148663,45.78667015344287],[-0.36589154278993163,45.78031423872061],[-0.321290979962916,45.784502531866984],[-0.28882255929425316,45.80646253937032],[-0.23872379555383658,45.803035801655675],[-0.2217452863431161,45.77574564408542],[-0.1910086919293196,45.78989453197688],[-0.15385968642880263,45.798527391499896],[-0.13587796182859485,45.819927442683884],[-0.14022309999885124,45.836487921992216],[-0.12195942560335456,45.84980039051254],[-0.1309530378458796,45.891006636407646],[-0.14718187106945502,45.899027240817475],[-0.1511348530364158,45.92662031190935],[-0.09830097999956097,45.935064274902494],[-0.08645413551898633,45.9499872925985],[-0.10293687953014707,45.969659985237946]]]}},{"type":"Feature","properties":{"code":"17","nom":"Charente-Maritime"},"geometry":{"type":"MultiPolygon","coordinates":[[[[-1.480898348211929,46.2100267884653],[-1.452799954013917,46.22858353814146],[-1.4248278365736362,46.230280238461035],[-1.4292326256174668,46.20585656630679],[-1.4042027932626455,46.203131886247114],[-1.3638933239111162,46.207474144095954],[-1.3213499204648875,46.18719464428664],[-1.291072648374255,46.18623232562308],[-1.2742372605064982,46.16016465893632],[-1.2761642167791498,46.147268374273345],[-1.304766457841924,46.142877408591225],[-1.3549590855946718,46.15588808122244],[-1.3915343175644146,46.17716118562189],[-1.4615984066336871,46.20211883930828],[-1.505921143547151,46.19409180605493],[-1.5323803406624759,46.20228421663419],[-1.5614104742796462,46.23718363975149],[-1.512781433271758,46.25812876418649],[-1.4893987036886658,46.25333602134092],[-1.4745470314360585,46.233258264796085],[-1.51271490129458,46.2223238746143],[-1.480898348211929,46.2100267884653]]],[[[-1.129404177492153,46.31027691915601],[-1.0807261526640515,46.32142762319264],[-1.0525280096214227,46.34254164468142],[-1.013807240115001,46.35562475996166],[-0.9774473324091834,46.35111139719007],[-0.9645133582944424,46.3654018117805],[-0.9318397064952478,46.3658034260157],[-0.9441603850496662,46.33604884873509],[-0.9617714534617725,46.323112713720874],[-0.9348886609093259,46.31285600461673],[-0.9047974021645193,46.31381080962026],[-0.8876799965820683,46.32632425572865],[-0.8509360179567931,46.31718679438478],[-0.839878203866059,46.340369117324364],[-0.8090890487729437,46.33843674064563],[-0.8024766924625577,46.325152925140934],[-0.7504755422947275,46.30425879436195],[-0.7498018188117581,46.28684613695955],[-0.7358896726556473,46.26687597846039],[-0.751461997484196,46.24507022173624],[-0.690715475013079,46.2192025056982],[-0.6848825769982527,46.2004519742498],[-0.6553901462423457,46.16995289669758],[-0.6284055467115421,46.16098350805028],[-0.6199574101252711,46.137752754570535],[-0.5469968076890201,46.14422952781575],[-0.5331548006606286,46.139721552287604],[-0.49096917294552705,46.10827096658701],[-0.42250549768348417,46.093907520969715],[-0.4014506800441788,46.08424772978497],[-0.3719662136104232,46.09346535716146],[-0.36273280893098575,46.07554208376435],[-0.331053750782718,46.08255183868407],[-0.28173430941987637,46.07975377766763],[-0.2730277009301873,46.05731156087075],[-0.2129646707291253,46.04409636271024],[-0.19462930058574468,46.044380369324465],[-0.18913173505260444,46.026141171108804],[-0.1614029897771452,46.034632694780214],[-0.16338440604219345,46.010154472823466],[-0.13816141787435107,45.99651797265895],[-0.13686284675087984,45.97896246180592],[-0.10293687953014707,45.969659985237946],[-0.08645413551898633,45.9499872925985],[-0.09830097999956097,45.935064274902494],[-0.1511348530364158,45.92662031190935],[-0.14718187106945502,45.899027240817475],[-0.1309530378458796,45.891006636407646],[-0.12195942560335456,45.84980039051254],[-0.14022309999885124,45.836487921992216],[-0.13587796182859485,45.819927442683884],[-0.15385968642880263,45.798527391499896],[-0.1910086919293196,45.78989453197688],[-0.2217452863431161,45.77574564408542],[-0.23872379555383658,45.803035801655675],[-0.28882255929425316,45.80646253937032],[-0.321290979962916,45.784502531866984],[-0.36589154278993163,45.78031423872061],[-0.40039322122148663,45.78667015344287],[-0.40217992031623706,45.77301526864364],[-0.427307558287169,45.76407021646179],[-0.44933397454634766,45.766003399915384],[-0.4600101800616985,45.73927564322733],[-0.41583863552489936,45.74166865754332],[-0.42212116254330756,45.709462720761486],[-0.41054144795526276,45.683378056997135],[-0.3825326157519499,45.65979752940899],[-0.40948414912562175,45.655586235131814],[-0.4319955290656746,45.62459912844279],[-0.41648688699637426,45.6172478354152],[-0.3888323806150822,45.62624147062642],[-0.3759196531282934,45.60891920266452],[-0.3076248492964586,45.57358242489813],[-0.29701667106996404,45.56395328480815],[-0.31837852151865353,45.53478119461178],[-0.2661516568578383,45.52506493490806],[-0.2581005042557833,45.487311820539006],[-0.274151582312151,45.45858172430254],[-0.24726501108038862,45.43547210812303],[-0.2497593835924429,45.40874172938639],[-0.2781611552168728,45.39872175654272],[-0.3098053879026185,45.37371901040736],[-0.2710919492630416,45.35814803088122],[-0.2482719674169436,45.35898378387085],[-0.2502965305794111,45.34134241625847],[-0.27790666612822756,45.34775584650338],[-0.2887417673079189,45.32910703740514],[-0.27347921783680357,45.30225684007141],[-0.2304752800698138,45.31446591115923],[-0.19638538280111967,45.30512678463863],[-0.16425879921098446,45.30698659601025],[-0.13794822595131936,45.29287694608038],[-0.1087860702850694,45.28895157818026],[-0.10906395793417734,45.247266549806895],[-0.04010907570871097,45.24667707840673],[-0.03627702144250208,45.23721166979442],[0.006062958572826905,45.22015279177819],[0.004330746876933936,45.191632555616],[-0.017366400658601018,45.16986388363175],[0.004720897151709058,45.153735338120526],[-0.03705116480547907,45.139026589692236],[-0.029231978204044492,45.129832110551455],[-0.04020033978963981,45.102384335963414],[-0.06357364725413155,45.09914913207582],[-0.0877028308704419,45.121388836286684],[-0.11493018897120878,45.11390010810251],[-0.13063644905467223,45.096672426969135],[-0.15295329411286412,45.08880721589072],[-0.18919958385014424,45.094461907846785],[-0.21824686420972253,45.10643197473333],[-0.246841022219567,45.108630449000074],[-0.2753589385784497,45.14140091335047],[-0.32063912086288726,45.156166213658715],[-0.3383605974453927,45.16688438562319],[-0.36355979846534786,45.17026408300375],[-0.3797037928837214,45.155347363684704],[-0.3971235767306027,45.1703375875983],[-0.4028499593466693,45.19049531934403],[-0.42076715723359287,45.20853163878696],[-0.40842823644582854,45.247807627855394],[-0.41542471256519675,45.269332661912166],[-0.4405443881756486,45.283811947310674],[-0.4862106750078733,45.293564321887025],[-0.5135928628951079,45.286334723467014],[-0.5706388485277301,45.299823114254885],[-0.5689666025873613,45.331523297246314],[-0.5944806728104985,45.32114282458838],[-0.6443063251392437,45.322045380590644],[-0.7188015186962935,45.327417794908314],[-0.7343347321102192,45.36884494436805],[-0.7562352245467074,45.40604611670738],[-0.80169109465095,45.45953126528613],[-0.8475465516286703,45.498824518200884],[-0.932316123312143,45.54789787336011],[-0.9628798253628926,45.556849245805736],[-0.9930029744215878,45.577177846519746],[-0.9936529509869637,45.59759467612667],[-1.0096306936697144,45.61143397047428],[-1.048858991717686,45.62029782357388],[-1.0793992219196582,45.63891363152395],[-1.115849451052298,45.64698132790749],[-1.1572864520673638,45.67180600119212],[-1.2093191311554552,45.69669910148998],[-1.2372284214926077,45.705896325440406],[-1.242573859956351,45.78157155553533],[-1.2089596448071276,45.79575377598853],[-1.1919992992402317,45.789369778069705],[-1.1320926009958303,45.80492633100206],[-1.1567411951530595,45.843048006693174],[-1.1531897443954855,45.862358720066815],[-1.12508329313857,45.857239254856815],[-1.1008903749589125,45.8722142424053],[-1.073790649268033,45.91423100527249],[-1.076862108697286,45.93669868392043],[-1.0643196475545222,45.94990908084704],[-1.0989490769387045,45.9905075513321],[-1.063082715866709,45.994433695794925],[-1.0526867952056995,46.01118088641005],[-1.0659492083794007,46.04982057557596],[-1.0888412421853944,46.05394710352535],[-1.1007267291374074,46.0937967969596],[-1.115052359847052,46.102322009862235],[-1.1291048559783758,46.12696926808778],[-1.172930125682221,46.139288837035025],[-1.17838828047269,46.15320939498865],[-1.2069336546191891,46.14576152143465],[-1.2238754783330186,46.16594526939377],[-1.1993266738882897,46.19432347775986],[-1.1989980101944606,46.21324548926301],[-1.1713483210745752,46.224056686747986],[-1.142844564296712,46.24398123047849],[-1.1403935362784305,46.25401646783765],[-1.1111638836886615,46.26134367831711],[-1.129404177492153,46.31027691915601]]],[[[-1.2502650081123046,45.84596775720191],[-1.2661507817954059,45.87816722390549],[-1.2933471382934498,45.899934788461366],[-1.3509508565890673,45.925039501714764],[-1.3887645184362025,45.95729909880382],[-1.3957821008857574,45.97683206273166],[-1.3870942851170687,45.99716404793514],[-1.413432285361357,46.046862918263024],[-1.372321963715323,46.03953755029626],[-1.3720837750990353,46.03215138125187],[-1.3066241810278874,45.991100878140536],[-1.2479234576289204,45.99041558337047],[-1.2360342002122477,45.98151867282109],[-1.242081784028376,45.95745770989403],[-1.2297921718619493,45.944255904034705],[-1.2337694138608575,45.92706325654276],[-1.2235753245301957,45.913106247354165],[-1.1884202462514732,45.88674852902471],[-1.2077074089433684,45.850339612800624],[-1.1956193786522455,45.82969725881441],[-1.2318524848434387,45.80176865563872],[-1.245660163728763,45.82135973906916],[-1.2502650081123046,45.84596775720191]]]]}},{"type":"Feature","properties":{"code":"18","nom":"Cher"},"geometry":{"type":"Polygon","coordinates":[[[2.2392136309887465,47.62097830786331],[2.289632282146918,47.62905507196624],[2.3249512144551785,47.60757115362496],[2.3424427416844122,47.60527658931115],[2.3730210260695963,47.585524572377516],[2.402680868810648,47.599506360587185],[2.439400020099367,47.60949994575173],[2.475044546159242,47.579880080920134],[2.4991330263197966,47.56751893993049],[2.547268117212732,47.57517784121953],[2.5729159948690103,47.560017104315655],[2.596866741027346,47.5564207348813],[2.616737946714408,47.54089713523513],[2.612017744333409,47.52638001278611],[2.6558708896887775,47.51039583983229],[2.658459112358834,47.48789924166263],[2.684437897133784,47.482967548570784],[2.716060360099423,47.48953015835246],[2.7274074958054517,47.498891999551546],[2.722269834213415,47.52137488790703],[2.7671158140580423,47.52510072819235],[2.7848278000315037,47.51590818527616],[2.7968724826242704,47.49670238161028],[2.8253483178196612,47.49720762944185],[2.8346896177800054,47.50891434033172],[2.8746252064056805,47.52042311253978],[2.8884546532335578,47.5094282811585],[2.9026727758043678,47.4787904760825],[2.931175112801269,47.441669509538606],[2.9194707204649397,47.407274676600125],[2.8734906167112504,47.34839595881793],[2.8767969741076427,47.321752773704915],[2.9077684884182546,47.31098769398195],[2.9378686076548557,47.287718487007425],[2.9834041014118906,47.25976318037284],[2.9816846477683376,47.22199695723395],[3.0092825607816684,47.17991916254789],[3.0280852399597813,47.129067685143],[3.0313750673889857,47.09247842625923],[3.0232152406674615,47.06261687352466],[3.0627479524794685,47.04527994600743],[3.0757508386893258,47.019144570799824],[3.0628630913516144,46.98581276267424],[3.0793297925031697,46.955118753700084],[3.0502941730720203,46.9106303658982],[3.0680947893123323,46.877676731330354],[3.069533804251037,46.85306859289044],[3.059347134977098,46.82726033600817],[3.0320681893946824,46.794911188525944],[2.9599146908207157,46.8038765767733],[2.9081337416117115,46.78790090388258],[2.9097996708207035,46.77934846021115],[2.827616388160227,46.73528787880108],[2.791229376607484,46.73345369143159],[2.758717331696372,46.71770479874165],[2.737293702840373,46.74315745422507],[2.7144961054529793,46.74448968334189],[2.701686181879871,46.72775447664072],[2.647884573027338,46.688911012473135],[2.623913816878901,46.656626585968894],[2.5977652900203827,46.66465075679083],[2.5721840644866165,46.65944372206644],[2.5966478252098466,46.637219569816494],[2.577951915975513,46.60379087601659],[2.6011237640888596,46.590178123200815],[2.6098613959683155,46.55013821923558],[2.536652020779054,46.51969984591659],[2.5286102816734966,46.52948202499876],[2.4991214173027565,46.52128856511456],[2.482928804775826,46.532697444644036],[2.4454932330861086,46.520050656829746],[2.368300280591156,46.518434763382956],[2.3520035556502914,46.512211347274814],[2.3054653620681904,46.47543251470377],[2.2857578150118907,46.45351915029325],[2.2810476101300576,46.42040537318101],[2.2498713444180876,46.426364231750945],[2.2138451955651943,46.423141210473545],[2.1975702533853765,46.42829596011364],[2.1677857181383846,46.42406650081809],[2.154348029342259,46.43408051549606],[2.1565419224007676,46.46152623851912],[2.193160461276067,46.47025540007179],[2.2043972607989812,46.48439997524806],[2.1810826759773936,46.52903506403956],[2.158700190947214,46.557346281682186],[2.1732125948301104,46.56618677203497],[2.1671454437331246,46.588979151612705],[2.187486147291389,46.61672498199302],[2.1894467123408132,46.64214127258008],[2.138670574914567,46.66743461292721],[2.1554479927780568,46.69216020128774],[2.111303456191762,46.71160114289773],[2.065751312591214,46.742494802064904],[2.0929846391107216,46.75496838536534],[2.116649522348319,46.779717208437596],[2.1032165162358063,46.79543413838327],[2.072503508712849,46.808814332303335],[2.048810332345124,46.82944826814363],[2.0782472483795438,46.83892644966574],[2.106948767251103,46.87213575040175],[2.1390397070573326,46.888569836472456],[2.154834385411464,46.91162948370054],[2.1460169903433157,46.91750721360478],[2.109999619994995,46.91338987501182],[2.0706986163554206,46.93399643786306],[2.0702028641356307,46.95442291025531],[2.1088559092730397,46.99719111950124],[2.0933838995940373,47.01573583572996],[2.0297138722809316,47.04747052812152],[2.05567516887427,47.07168995789588],[2.0483747223375235,47.10602450452247],[2.024534600265164,47.104448294258844],[1.9966600854821617,47.12699833408193],[1.9664139793909294,47.12541751372791],[1.9184124209566409,47.10482799182933],[1.882721849834433,47.1019495456428],[1.8488587784887625,47.10936986097168],[1.8226530300255424,47.122071863013495],[1.793670861418607,47.12090886272082],[1.7776202085696244,47.13240064713366],[1.8100544192382355,47.15615809030652],[1.8234729723307537,47.173942852701636],[1.8422371270362656,47.17758044921177],[1.8390792420529518,47.219308157716554],[1.8554824505856486,47.22040769184943],[1.8730051860601082,47.20531826355262],[1.9038108872203174,47.21524765964095],[1.9165941784807092,47.23598592691221],[1.8947687643612021,47.25466020007403],[1.9214647164538976,47.26271748785687],[1.940816059215001,47.29013078285961],[1.998492852908483,47.264047399335425],[2.03110991609486,47.269807386211056],[2.0772893478221053,47.285804260444245],[2.111689632581936,47.279437465410155],[2.1389909561599825,47.28548622024678],[2.1515587241969385,47.310723959822234],[2.128211459230398,47.331734733954534],[2.103653119991459,47.39321656330969],[2.1170302440572,47.41010870128665],[2.1428436560395734,47.40889739927532],[2.1886360612239333,47.43774542166242],[2.2052259819019713,47.40525327924356],[2.24369191507804,47.414818238040475],[2.2478944881999485,47.44140228778668],[2.2369731533510286,47.4712635208768],[2.247745015297621,47.491732324776784],[2.2178746796449196,47.495343490555165],[2.2152905780056495,47.52210707630713],[2.1956362774138967,47.54857375639977],[2.131269305993213,47.550272515078134],[2.1195753203342678,47.58295161292573],[2.1537378905390843,47.60082068488091],[2.1979481169523365,47.607172865315],[2.2392136309887465,47.62097830786331]]]}},{"type":"Feature","properties":{"code":"19","nom":"Corrèze"},"geometry":{"type":"Polygon","coordinates":[[[1.898730779182943,45.69827755120411],[1.915517948219608,45.71125548778204],[1.9417142236595262,45.711351415159655],[1.9565786180296985,45.7247553300422],[1.988528308650944,45.72135422054224],[2.0015199455968986,45.7487930104446],[2.0356658672821046,45.75505181598863],[2.0839036779216125,45.7460341651736],[2.1135454727593443,45.72477506502512],[2.1338092129271105,45.735432891151106],[2.1609119774740395,45.73583595403904],[2.182986086625649,45.72061691902859],[2.202325950043259,45.71857614165799],[2.1939584682323856,45.69904710388085],[2.271074402972525,45.69164773075567],[2.2733519532781403,45.664007418292094],[2.3059428488736584,45.674659005456235],[2.3209438982497623,45.668590909995366],[2.3401720745484034,45.682564129551814],[2.351695193492091,45.71006973438515],[2.410248662063398,45.709634900959585],[2.4358558482207813,45.69927506144423],[2.4921255582417543,45.73767009540705],[2.5210064489111423,45.70681016156742],[2.526510829142244,45.68539249032416],[2.5125929116065997,45.6697634761611],[2.5249409687054394,45.65723626708714],[2.517544011548676,45.639591069896426],[2.483386743242332,45.639304413699904],[2.4784319627002147,45.60790817567205],[2.4639202998517407,45.594746716951256],[2.490928563504916,45.5603922863538],[2.516332317304299,45.55342661392312],[2.516808004227086,45.52382961392976],[2.508408697113082,45.47849879874483],[2.5067704454060635,45.46406590539498],[2.487538059249189,45.41816337489308],[2.525650073736618,45.394585673379005],[2.5233092448704975,45.384373430857245],[2.485765402150312,45.37894867689509],[2.4463304633628185,45.38326310881528],[2.422673701160617,45.397227168836935],[2.3982932489236073,45.40016956610219],[2.378246243484016,45.414305790766434],[2.354551202894122,45.40140299938709],[2.3693560338624287,45.38650326050192],[2.3647879506791765,45.35792327432974],[2.3513449070267884,45.348607328275094],[2.350492100523935,45.32756729305109],[2.3177410847351756,45.32296013589262],[2.287418644336649,45.28656307930596],[2.268987098125343,45.2893886939803],[2.2585645529210967,45.270221039449574],[2.2387798021685046,45.260353986844294],[2.204634111796817,45.22819449662118],[2.1901243496543654,45.20505624696943],[2.207977370989871,45.1587474845356],[2.207633764509611,45.14349133970101],[2.18170890180253,45.13265183027654],[2.1880924247036915,45.117940072442366],[2.1717556853734434,45.08149587397562],[2.140183835372406,45.08652439641992],[2.09515947189117,45.056029885039536],[2.116811790903016,45.02111348728891],[2.140647790386873,45.005857628345254],[2.1329789677394575,44.98552052019744],[2.0938020877139607,44.98529837433936],[2.0629142919730623,44.9765064055156],[2.045437777493513,44.98366934976922],[1.9816624813968071,44.97286584256669],[1.9407191588474306,44.95514088145865],[1.9390707704475676,44.9732241453493],[1.9081561620078975,44.97842677184467],[1.8862717368855733,44.95606762209103],[1.8311741137699509,44.945489022453565],[1.8239145263410468,44.92768244845694],[1.787069584525844,44.93223900793819],[1.7746083879446204,44.92353891590074],[1.753916747572787,44.94094903140229],[1.7506251087427585,44.95495947953577],[1.711027619735059,44.967294403504056],[1.7026624491356241,44.98782737758246],[1.671411146688222,45.00429795565169],[1.6509837683346409,45.02501608647879],[1.6260183242774706,45.03386004522471],[1.5763138744588663,45.04070102069764],[1.5520395032539256,45.028473972211486],[1.540647783113957,45.04603881243799],[1.4837421057409195,45.03086980932878],[1.4763205638048942,45.01844899314434],[1.4482615439322117,45.01931315867405],[1.3998064471929033,45.06159332248495],[1.4063598793620342,45.069297115006954],[1.3864424774272137,45.102881378523996],[1.4094740420968277,45.11264145564816],[1.4128982767653495,45.12508229172991],[1.3852045692932187,45.13561794853778],[1.3521193591746319,45.13399031293482],[1.3173936647057205,45.1421087376802],[1.2899337103990007,45.14204241946589],[1.2547674981005628,45.15931225123928],[1.2853426192045976,45.17595247253618],[1.292124890237363,45.18651272307218],[1.2741303261002948,45.200069727068225],[1.2322937564526977,45.197704072069364],[1.2336078544796087,45.2221954421389],[1.2745146719905638,45.23791148068256],[1.2744827002548649,45.257076684850865],[1.2545821687088141,45.254867349405984],[1.2271194403372112,45.271979970998935],[1.2415605436420754,45.30063281308439],[1.235803372736093,45.3220410364473],[1.2726101443911217,45.32822630817563],[1.2891042257150067,45.35407630580714],[1.3157869427441322,45.360911470391635],[1.32391737940144,45.37898344779817],[1.2959441431554541,45.39478234683706],[1.2797966098842408,45.38451121421732],[1.2596039598397974,45.39834890279047],[1.2886523745642784,45.426113502905665],[1.2531518386328937,45.44421907802482],[1.2645252348468465,45.45409594836666],[1.27034342793137,45.4776755159118],[1.3103931233740413,45.483041180557144],[1.3511118587508797,45.470001773336946],[1.37157178520687,45.49211445485024],[1.3896000810911788,45.4961572819304],[1.4120586564349766,45.52809003445668],[1.450268846192153,45.530397969675526],[1.4551417227717747,45.55328740957993],[1.4806927011525084,45.565857439236126],[1.506276371554196,45.55097960357961],[1.5220914137932038,45.56409475254406],[1.5571958047036878,45.54936632471629],[1.584891438656278,45.556076867663364],[1.5938310699115545,45.5771464332939],[1.624885337381578,45.57793581971724],[1.6581804847733144,45.595323545490324],[1.660196676810575,45.60797409516256],[1.7047914479153132,45.63738765111646],[1.748060654562327,45.64570341986574],[1.7763991218328075,45.65846116946758],[1.7858344815104692,45.68266308806586],[1.8264346802695488,45.66513576315906],[1.8751322671973147,45.664894260838736],[1.8799625935579851,45.678180842698936],[1.904291004939969,45.67774470255675],[1.898730779182943,45.69827755120411]]]}},{"type":"Feature","properties":{"code":"21","nom":"Côte-d'Or"},"geometry":{"type":"MultiPolygon","coordinates":[[[[4.1819015999311935,47.15050500507014],[4.187112897689929,47.133641259369064],[4.171903802407782,47.11744504627446],[4.153771215900621,47.11455697541982],[4.1159670699158095,47.12333757652634],[4.115067396116834,47.14616206884513],[4.137377150535575,47.14271256994814],[4.1819015999311935,47.15050500507014]]],[[[4.2934241069450065,47.92567623483797],[4.3090036167800365,47.96117328277752],[4.351286047683726,47.95658154025503],[4.414346270874161,47.968206710901],[4.448998378066956,47.957154747571174],[4.4932784015747025,47.96880579277352],[4.518171359735413,47.96658777645795],[4.5599688756782095,47.97142319625819],[4.535820168596839,48.001210026464854],[4.582678644289108,48.02946360186476],[4.6168068514656495,48.031366971594],[4.67322963618766,48.015051709502096],[4.704238250439468,48.0202323762063],[4.719943437560306,48.00889645519276],[4.749300809603172,48.00425102648959],[4.789083695644797,48.00782938255744],[4.794634345104126,47.983197869158744],[4.785061370779013,47.968869095555945],[4.811007449975246,47.95932655708529],[4.845182055142008,47.96125251907535],[4.866096820746109,47.94050603305215],[4.828942462053263,47.915128709594974],[4.857004574909452,47.895855881593434],[4.87629817749016,47.92022401352716],[4.901848449197037,47.921289405231384],[4.928173323343671,47.886876403893034],[4.9282302679425625,47.871121167237085],[4.9540942495981195,47.8667681480835],[4.9683502146365655,47.83194135820226],[4.993918239441858,47.81957144123197],[4.987227991995704,47.8032996343454],[4.918299821120011,47.7773135776728],[4.930742567556667,47.76133580408352],[4.949610301299183,47.765002530384045],[4.971770458339338,47.73022100712152],[4.953807643894032,47.70691553121908],[4.959844644041361,47.69697375959394],[4.992275225837213,47.688313503769756],[5.030001604156784,47.70940841478221],[5.0435872776506425,47.676515292793226],[5.084909015051583,47.65725535909673],[5.1282137463189255,47.64769555171287],[5.178340930532218,47.680951862214265],[5.173597037303847,47.65256871236608],[5.211414189836741,47.64189107719557],[5.239232274239111,47.61613009897604],[5.238668295142944,47.597284983235],[5.252920215668424,47.57694786282474],[5.299837418963084,47.60492946802028],[5.340003771124325,47.609065915523516],[5.354893869684326,47.59131447740441],[5.374078595885573,47.60454165278582],[5.39980448309253,47.597153502136244],[5.425594945399527,47.63207432012174],[5.477547427463133,47.60872207289565],[5.497062180458679,47.55418172115122],[5.486403857432212,47.526968551040035],[5.471680911081918,47.527461847421854],[5.447063511552309,47.496253655345264],[5.399215772340755,47.49901418953457],[5.376587470082713,47.46467984209965],[5.406499562267299,47.4618228232386],[5.432338107070534,47.438347264883],[5.451397515008267,47.38406251344994],[5.477377417366495,47.39529212690571],[5.496952532848246,47.390117858136],[5.487995511763959,47.36201125941915],[5.4927946655161906,47.33207816699496],[5.4722397259852755,47.31697205065742],[5.518538729512594,47.30418661945213],[5.504737607495882,47.28566080102212],[5.488282961724511,47.28934747031664],[5.485950818628809,47.25097372798523],[5.474016456865987,47.23108930134431],[5.48000850446928,47.21736948822585],[5.447990684518002,47.19618128392872],[5.459209017913762,47.18344166980506],[5.439973300314684,47.1443971913906],[5.408710637565267,47.12607417258199],[5.410655482578915,47.11409007735421],[5.386025055163915,47.08197683820708],[5.322186205925132,47.07298220144242],[5.2839203158010815,47.04791289990898],[5.275326877554134,47.02693403703708],[5.310049747453535,47.018020896757406],[5.302902725063236,47.002995600434],[5.278877381251384,46.99902304373498],[5.255236339191406,46.97988809464049],[5.222006075229213,46.988855497295],[5.181859259011498,46.97482345386571],[5.166234471151257,46.963868398378764],[5.1243390082418205,46.963720125840524],[5.100252102348397,46.95598327083581],[5.0762583071667144,46.95939003098176],[5.049303736126251,46.98158693341567],[5.0034065361874065,46.972143943970465],[4.994466553308194,46.959149599506034],[4.927494382962588,46.96753853170502],[4.896071329118784,46.96624020620316],[4.893911988532932,46.951172459049864],[4.7884658140953436,46.931872716902944],[4.780547505930617,46.91818028344327],[4.728129651701318,46.91937462593793],[4.715721115401545,46.90691597166802],[4.685479824630714,46.90086027628975],[4.66452477880559,46.914160146408875],[4.6790861065904545,46.93024007090235],[4.650119701990474,46.94126696425738],[4.623230215613321,46.94082023678555],[4.589560484494725,46.9557070191566],[4.573661325177989,46.97338633863404],[4.554809047275526,47.02005452316086],[4.5067016541013825,47.01322725598124],[4.488156368101142,47.032053991768684],[4.453754603542757,47.04180317977088],[4.42831764695131,47.03978832160757],[4.406283415170733,47.049999892555],[4.401611638839053,47.08266237195949],[4.344250468382807,47.07243028540817],[4.349384584855175,47.09695260404792],[4.2732057577392935,47.10846860042988],[4.254511023751104,47.117244891665926],[4.235126114423698,47.14567232864916],[4.209834279044644,47.15541168354448],[4.21254075976185,47.18181888845327],[4.230668433773607,47.19895113888856],[4.218051703421399,47.22051351486304],[4.178052482394732,47.25029686466267],[4.135479914723283,47.23739632412277],[4.115801786333514,47.27973253282323],[4.114111422721765,47.30795616873572],[4.130399481098536,47.32021421171321],[4.1249016818373665,47.33586115686488],[4.106085850126875,47.339255985490894],[4.076218510845687,47.383480194423754],[4.088307134357006,47.39652090232598],[4.066060118363545,47.407251287195685],[4.119426533664949,47.443553393311014],[4.129760578477719,47.47483692093974],[4.112403898450227,47.5034970330936],[4.138136112599596,47.52153256449299],[4.156528733449272,47.55161760512027],[4.17512808182493,47.553259163212694],[4.197168115097694,47.59802850906373],[4.214168417613283,47.602912165808426],[4.212381292101606,47.62796570432303],[4.249113979601859,47.65949100902422],[4.225637843042874,47.67116302241697],[4.258324006422516,47.68389555308575],[4.267304312456938,47.70164928916197],[4.2526277781965405,47.716066198902226],[4.260502367415732,47.74220354600016],[4.289656740825392,47.73317231931354],[4.332471702607339,47.756511310391986],[4.327231405103721,47.78566401630385],[4.340296871154208,47.79956664297927],[4.320330919498607,47.81169317443553],[4.319285858378513,47.83743970579336],[4.300805981058354,47.84877161085865],[4.2610008241447535,47.84385063866699],[4.262193864556681,47.88395527973197],[4.277339137948259,47.89945297805272],[4.311152699462278,47.903922726683135],[4.2934241069450065,47.92567623483797]]]]}},{"type":"Feature","properties":{"code":"22","nom":"Côtes-d'Armor"},"geometry":{"type":"Polygon","coordinates":[[[-3.6591438196705743,48.659209780669244],[-3.636485708364634,48.67068553367222],[-3.5812485466634136,48.67001788504223],[-3.5848109666117063,48.71714328760577],[-3.5553712374292132,48.727513465979534],[-3.550313063112974,48.748161651547555],[-3.583914958484379,48.770957492800314],[-3.57794290588313,48.788317654113186],[-3.535033949747009,48.80271604156535],[-3.5408959300937988,48.823160071945985],[-3.5231064424378755,48.82984632644791],[-3.467838623077333,48.823298521249114],[-3.4301953417140556,48.79725199605727],[-3.3975446062757473,48.80074944363836],[-3.382428393678025,48.81593302680193],[-3.3570114279950727,48.81969907013649],[-3.323351109794353,48.8372857508137],[-3.2620728843625333,48.83540082059945],[-3.2457616227016315,48.85707703727301],[-3.2197192609615692,48.86646505727847],[-3.2028204869337964,48.83450712281955],[-3.1679438416382495,48.85314717376183],[-3.1247589566102234,48.864723936263395],[-3.094421852953979,48.86764668461141],[-3.0834891305254475,48.827262011215225],[-3.0537161489037152,48.8152457771198],[-3.013633951697306,48.82213396052265],[-3.006141529447617,48.8002958368664],[-3.0454089632329833,48.78782195169868],[-3.0109390309556923,48.76663541659801],[-2.950301280923285,48.76363410458018],[-2.9289747965586783,48.753783159339335],[-2.9451008416298974,48.72080660138098],[-2.925263771726924,48.707706235287056],[-2.8902558845725252,48.69783483539522],[-2.8807700984538154,48.67423957383046],[-2.8565017877713177,48.67400220577111],[-2.82693502135218,48.65056933154873],[-2.815798289739638,48.60972420668523],[-2.819598830141578,48.59352827457419],[-2.7797389357262325,48.5851014526199],[-2.772680617047176,48.57054449754173],[-2.7202164699056217,48.55545942233219],[-2.720977837428319,48.53284752618768],[-2.698438421518125,48.50568354123005],[-2.6756732508454437,48.510662191084755],[-2.681558937117988,48.53113342751236],[-2.6302852526774863,48.52609134516814],[-2.6312676669697814,48.53812967265482],[-2.60556004275335,48.55182776019479],[-2.559733538085472,48.58639210176802],[-2.4952155554349047,48.608924120470554],[-2.4728755698685654,48.62308300588095],[-2.468004297270983,48.64958127336475],[-2.4356309681917874,48.65218264157844],[-2.4121662285976435,48.64149535614902],[-2.3609466388725773,48.65556175834698],[-2.3145391685823196,48.67409586438523],[-2.294173242748991,48.659975373377236],[-2.3134177483953855,48.63324397584119],[-2.3374720527788573,48.61972552862038],[-2.311900696016676,48.61149441654407],[-2.299891144928281,48.624056828499725],[-2.263502079970802,48.64364865321494],[-2.205399315491741,48.57889213970631],[-2.1755905479570017,48.576407987143455],[-2.1572330600099674,48.58835712746883],[-2.165799240930372,48.60423827586908],[-2.1237080247752895,48.6044100285603],[-2.1233140883470694,48.58901274793282],[-2.0924894843076234,48.572462492473],[-2.044804968300762,48.56420276394202],[-2.0462129661682633,48.54401486364402],[-2.006894935706843,48.56611290198358],[-1.972343842323779,48.534637865266006],[-1.9480369010443914,48.53880790488251],[-1.9251126755890333,48.54530394613221],[-1.9110132247187712,48.51741534739239],[-1.9268720731463556,48.47686450947533],[-1.923895933613775,48.460907740617046],[-1.9486347678108729,48.446456041738884],[-1.9519092329646253,48.42918354147581],[-1.9367895889503266,48.420070240063225],[-1.9384653904593245,48.391389339464936],[-1.947720243456438,48.36894464609711],[-1.9290791323813683,48.34704210576775],[-1.9668973217216907,48.3428189820063],[-1.9548327221541828,48.317109845291775],[-1.998266241844134,48.296980554393514],[-2.014100529199395,48.27953190980406],[-2.0532925486538485,48.29832786130155],[-2.0762583662242795,48.28371148397488],[-2.110118931164646,48.2529034820783],[-2.126853803195948,48.25976994927449],[-2.162901712976404,48.25626974900393],[-2.1869612472272957,48.24637857003084],[-2.1843775145100226,48.213137604790425],[-2.219796763889133,48.20213436033515],[-2.2247373292770836,48.17059701877417],[-2.248230377893739,48.15279776234215],[-2.2832479885362944,48.14529870453187],[-2.287278430400511,48.133745563458476],[-2.307724031505891,48.136767145944454],[-2.321067331808052,48.123313308346624],[-2.371983930719517,48.12276022571531],[-2.375704866327887,48.141440597184854],[-2.399892263143436,48.154593831126384],[-2.4070872062503708,48.167846923022466],[-2.4492428069717214,48.17301268121088],[-2.457460857137994,48.163558679343076],[-2.488996903351025,48.15527484508064],[-2.5336627078715,48.156856696914886],[-2.516390296656647,48.12795387925489],[-2.5493015028073205,48.09906568300373],[-2.5484346321898643,48.07671678652329],[-2.5808040837522404,48.06711154950066],[-2.628212989216798,48.03379948794944],[-2.6708865594355458,48.0502796096436],[-2.6733315926174024,48.06327971694363],[-2.6561723624005746,48.08428809143894],[-2.6531526316222527,48.118092931008704],[-2.6683740921478765,48.1327428357553],[-2.702496597157526,48.11801355272737],[-2.7579911570321793,48.11080992160437],[-2.781951132488677,48.12057973083874],[-2.809828548228586,48.146257335704156],[-2.850803362250115,48.14117007726401],[-2.902695082695001,48.162745095709155],[-2.939688841727517,48.17157869268649],[-2.987721150165838,48.15963608311985],[-3.011766723688266,48.172146259772674],[-3.0139527993300925,48.18705096969819],[-3.0406075793447904,48.20331232171781],[-3.1303749671924512,48.19836233856125],[-3.13949669814907,48.16369070727257],[-3.1552540693335707,48.15849094352833],[-3.197060119674698,48.16274313777778],[-3.2153961448986896,48.148219713915],[-3.252339548077637,48.14912522090896],[-3.272244339627829,48.14001476484374],[-3.299596147833247,48.15481185209133],[-3.3161758750965893,48.1545827022414],[-3.344702681056185,48.16988498065198],[-3.375090054291556,48.16304435591315],[-3.412343177084257,48.14703755651635],[-3.4365241396101114,48.15548652160798],[-3.421483221253355,48.171908070532616],[-3.479531508235686,48.18604551951424],[-3.5226593775760193,48.17866367131642],[-3.564838973733329,48.18574694305737],[-3.538217936786089,48.20645883664802],[-3.5577832202588646,48.22853101061742],[-3.553237531594755,48.241947687032244],[-3.5259985674913756,48.26077449475174],[-3.518062717927428,48.281842614354964],[-3.540871846305997,48.29905273798831],[-3.556786825742612,48.335519987867116],[-3.5545842830629764,48.37776678483146],[-3.605518820600736,48.38654294008208],[-3.6005386081976343,48.42162432587916],[-3.563244712868301,48.43986658912548],[-3.5813817787905893,48.46480510230907],[-3.5989459676290556,48.47050839949987],[-3.6045363791794003,48.49579010573053],[-3.5820087289476406,48.50685582272],[-3.55387113158307,48.53037692213068],[-3.5699848146891386,48.55609659253676],[-3.5933075055755452,48.55460449049691],[-3.5900947382947392,48.58273907967781],[-3.6411048139943123,48.596795685658186],[-3.6542763238260356,48.61697438924653],[-3.6591438196705743,48.659209780669244]]]}},{"type":"Feature","properties":{"code":"23","nom":"Creuse"},"geometry":{"type":"Polygon","coordinates":[[[2.1677857181383846,46.42406650081809],[2.1975702533853765,46.42829596011364],[2.2138451955651943,46.423141210473545],[2.2498713444180876,46.426364231750945],[2.2810476101300576,46.42040537318101],[2.2847885229424363,46.38630891270082],[2.3233435644763096,46.36652595580878],[2.302749949603141,46.35441622497473],[2.3230243720211274,46.32927925675375],[2.3549021067976903,46.32568201768989],[2.3704814292505856,46.312630811170784],[2.3918607677139923,46.329982476677515],[2.4204617595913738,46.310131437621955],[2.421342247531783,46.28462476459887],[2.443031552582666,46.294998578986906],[2.4807602356876792,46.28101200577568],[2.47709210519503,46.26936080025225],[2.4917957849327936,46.24786046438832],[2.5158528050357227,46.23696126598014],[2.5280462333006355,46.186332427553644],[2.55979833292496,46.1733665543973],[2.5653790586982073,46.143032182829025],[2.5505225579409916,46.11895797457819],[2.5521924042632187,46.08251218540567],[2.57170126140345,46.04837735959016],[2.6025111446423104,46.033460147639815],[2.5944189201416936,45.98944187163358],[2.61078659720824,45.971228075938264],[2.5696347302085196,45.95881426721691],[2.55163679096888,45.94126557576326],[2.5279244706403525,45.8992324603817],[2.4922254101808226,45.86402992467918],[2.4706202631864147,45.87233257398153],[2.4265480371985815,45.83477320365116],[2.4013447212803922,45.83757813269279],[2.3880204308712214,45.82737590512424],[2.427406116463833,45.79428142437904],[2.435460687234864,45.76697343160803],[2.454731087219177,45.76088170513876],[2.4921255582417543,45.73767009540705],[2.4358558482207813,45.69927506144423],[2.410248662063398,45.709634900959585],[2.351695193492091,45.71006973438515],[2.3401720745484034,45.682564129551814],[2.3209438982497623,45.668590909995366],[2.3059428488736584,45.674659005456235],[2.2733519532781403,45.664007418292094],[2.271074402972525,45.69164773075567],[2.1939584682323856,45.69904710388085],[2.202325950043259,45.71857614165799],[2.182986086625649,45.72061691902859],[2.1609119774740395,45.73583595403904],[2.1338092129271105,45.735432891151106],[2.1135454727593443,45.72477506502512],[2.0839036779216125,45.7460341651736],[2.0356658672821046,45.75505181598863],[2.0015199455968986,45.7487930104446],[1.988528308650944,45.72135422054224],[1.9565786180296985,45.7247553300422],[1.9417142236595262,45.711351415159655],[1.915517948219608,45.71125548778204],[1.898730779182943,45.69827755120411],[1.880957399347195,45.71285387339609],[1.875140102478583,45.7327797889896],[1.8941319437754782,45.7592554835555],[1.8808988285366512,45.797714818456456],[1.8464472547509174,45.809940191138686],[1.8284337256367398,45.80980874385992],[1.7891620911385413,45.83007210551306],[1.7558371847814345,45.855656306428116],[1.7148786249110421,45.8400586312482],[1.69036360011077,45.84361369992126],[1.6766374034760068,45.83511402023573],[1.6023984681707661,45.85746515857901],[1.6023488376186423,45.89096810343807],[1.635996388309483,45.88844297865446],[1.6397206723679907,45.89953853071148],[1.6150681481078124,45.93195022666644],[1.5791744495987925,45.93040642363652],[1.5782614117742197,45.91727264832772],[1.5472651107258997,45.91683379316217],[1.5299613213195493,45.93182220228596],[1.5325001755915217,45.95280423814569],[1.5661484901291225,45.96325060326457],[1.5764733332307777,45.98099739362502],[1.5648266887508957,45.99711597960844],[1.5385468041090549,45.99742846047048],[1.5363833974668037,46.02629327721946],[1.5491757848158925,46.03541014153877],[1.5317830893571065,46.05816171452662],[1.5429508225169888,46.0765888129599],[1.5048991958425688,46.08815343941205],[1.4919762107249506,46.11473183426131],[1.5052016882428472,46.127461799559406],[1.467878491573528,46.151750416293105],[1.4552353294299893,46.18103071472153],[1.415268536568449,46.177157045823584],[1.3749003074212893,46.2154511009523],[1.394145356288105,46.238349230413554],[1.4168521672178434,46.24087405708507],[1.4036544413446612,46.25990982797783],[1.4265688116168553,46.298921049134],[1.4437697350516507,46.30589420737529],[1.4151905101137505,46.34721849587296],[1.4353808001913293,46.363844088424806],[1.462936752493747,46.375350693466984],[1.5223068332769556,46.42652499450049],[1.543962708576285,46.416887448744504],[1.5462010463391824,46.39346394164149],[1.5696928311710425,46.4054957864533],[1.6143011395442397,46.405298584782024],[1.6448464161558112,46.38681584908517],[1.6836025202595086,46.41817777856285],[1.710900805328006,46.39205717074327],[1.7277004157566196,46.38940888777561],[1.7601258090399783,46.42758992898391],[1.747590198721343,46.45002145600438],[1.7983765894227512,46.45481762095847],[1.8195004176655625,46.430038338950894],[1.883436954441824,46.43255455176469],[1.909176472236739,46.44350179050311],[1.9243082864873586,46.431902226728816],[1.978108199916569,46.439771706882276],[1.9930823669027022,46.43091738935582],[2.044395406151348,46.42134446075375],[2.074201476301987,46.41984302086565],[2.088941803334241,46.40890318674806],[2.129684686571857,46.41986520092511],[2.1677857181383846,46.42406650081809]]]}},{"type":"Feature","properties":{"code":"24","nom":"Dordogne"},"geometry":{"type":"Polygon","coordinates":[[[0.6297424639524398,45.71456998977268],[0.6542322548355602,45.68870460553755],[0.7021017463764117,45.68712391220238],[0.7164967555921232,45.69492986065276],[0.742191639150923,45.690583187900515],[0.7636991223155143,45.66825689490875],[0.7758431349260253,45.6675695723418],[0.7630383629892018,45.62833642730259],[0.751529712610917,45.618323854020026],[0.7803710896124326,45.591186976030635],[0.8035615373389846,45.59623658602799],[0.8115003322647284,45.575870643461926],[0.8425878139261963,45.58227280988904],[0.8593270163801664,45.61255366991051],[0.8748028110501537,45.62135072197518],[0.8981892208012014,45.59978358036884],[0.9470174998837003,45.61359375507784],[0.9863932565151387,45.604487080117515],[1.0232467983202298,45.60995990299867],[1.0358490435954522,45.600209290253126],[1.0354291459916498,45.573323428579684],[1.0475013530672403,45.55793278314188],[1.0746444865790412,45.54577271138723],[1.080359033146871,45.533998770505264],[1.1103236008119233,45.54491026026193],[1.137684533027224,45.53977362177215],[1.1672867970396268,45.52482220464761],[1.1359472599446487,45.50640914164488],[1.1197844789851377,45.48778292627877],[1.1358342826377092,45.47086498923646],[1.1641763230169675,45.47552956976588],[1.1865884187192175,45.45529497029879],[1.209501347214524,45.463084747625864],[1.2531518386328937,45.44421907802482],[1.2886523745642784,45.426113502905665],[1.2596039598397974,45.39834890279047],[1.2797966098842408,45.38451121421732],[1.2959441431554541,45.39478234683706],[1.32391737940144,45.37898344779817],[1.3157869427441322,45.360911470391635],[1.2891042257150067,45.35407630580714],[1.2726101443911217,45.32822630817563],[1.235803372736093,45.3220410364473],[1.2415605436420754,45.30063281308439],[1.2271194403372112,45.271979970998935],[1.2545821687088141,45.254867349405984],[1.2744827002548649,45.257076684850865],[1.2745146719905638,45.23791148068256],[1.2336078544796087,45.2221954421389],[1.2322937564526977,45.197704072069364],[1.2741303261002948,45.200069727068225],[1.292124890237363,45.18651272307218],[1.2853426192045976,45.17595247253618],[1.2547674981005628,45.15931225123928],[1.2899337103990007,45.14204241946589],[1.3173936647057205,45.1421087376802],[1.3521193591746319,45.13399031293482],[1.3852045692932187,45.13561794853778],[1.4128982767653495,45.12508229172991],[1.4094740420968277,45.11264145564816],[1.3864424774272137,45.102881378523996],[1.4063598793620342,45.069297115006954],[1.3998064471929033,45.06159332248495],[1.4482615439322117,45.01931315867405],[1.40926521871603,45.00600178685703],[1.4335895146429747,44.93830164881089],[1.4106099419064448,44.90896015297044],[1.4398566373102875,44.8889508179699],[1.4397519128973866,44.87494627874561],[1.4048386704545461,44.86234716877302],[1.4019390596723829,44.849446039670674],[1.3614038259537624,44.84079526684299],[1.3641029713426986,44.81156818641523],[1.3281098679785208,44.80652884504556],[1.2996352435270742,44.79691953728407],[1.296243021698294,44.7778123630601],[1.322817940494351,44.76513318662047],[1.3160508396721997,44.74037462834149],[1.2794274292251306,44.715831247801496],[1.248270791913345,44.70770636912258],[1.22455005545425,44.6842663489296],[1.1688078503397572,44.680017048529535],[1.1466718447537778,44.67034606645626],[1.1537498404734852,44.63882020403],[1.0957075874791038,44.59024337388754],[1.0751408247250982,44.577324783565565],[1.0733204955931674,44.595582525404495],[1.014756458102413,44.614096475712024],[0.9908384393481793,44.63713268673032],[0.938715915523624,44.63970350097892],[0.8907495915923311,44.61499646988759],[0.8699961633461998,44.597307270914904],[0.8386686479648295,44.60073353333194],[0.8373861616885234,44.61609958290861],[0.8170042739845023,44.62700147643911],[0.8363594164481827,44.6385854946771],[0.843404038496723,44.66348079792942],[0.8260869083147476,44.675993641671084],[0.8270009642517767,44.69188957907683],[0.7977266310515655,44.701767285601186],[0.7798374176059383,44.68338808872983],[0.7290670391461425,44.67608019640507],[0.6609287903127476,44.676687086290784],[0.6539964422514456,44.696742561948255],[0.6300837174762535,44.70504186396566],[0.6097310220706117,44.69537205404958],[0.5771464644207092,44.694023979180336],[0.5704204904951242,44.67489859623235],[0.5461757009438561,44.664653811569345],[0.5156727555160711,44.678339438211495],[0.4875231075582992,44.666678761175476],[0.47053010943012324,44.66957916232141],[0.44565684789610666,44.65274912995912],[0.41754944795275234,44.64625042497145],[0.36900627419453386,44.661175745652166],[0.3496189213624863,44.66012732964435],[0.35961911790454776,44.69100214687724],[0.340537569558902,44.70304824522456],[0.346186543626901,44.7225420355276],[0.3232866327071292,44.74761897166385],[0.2973255098237856,44.76228467395237],[0.2742254006482923,44.78339312502083],[0.2637263179027021,44.82627665355831],[0.2840562599933618,44.823659365748206],[0.31506665558289004,44.84541323207388],[0.27905937516440416,44.86697670764365],[0.2376501157602628,44.86924207555338],[0.24120144851108916,44.85652879127665],[0.2062908527795184,44.838781587007574],[0.19284351960714802,44.820802554808736],[0.10655870123187683,44.832720431213495],[0.046921251109006,44.82458068187802],[0.018664421295006353,44.849628493830664],[-0.021935541227067503,44.850692462395095],[0.03436214413600705,44.91546925454322],[0.0032479456177751075,44.947439781487724],[0.019184278571431145,44.98034965777573],[0.04010873279330704,44.99350460562092],[0.035847937705388945,45.01115004721698],[0.07329671773303688,45.07012096510982],[0.06352711067229469,45.09563292386136],[0.04083219110465748,45.115350817593736],[-0.003552786965686552,45.11956999344142],[-0.04020033978963981,45.102384335963414],[-0.029231978204044492,45.129832110551455],[-0.03705116480547907,45.139026589692236],[0.004720897151709058,45.153735338120526],[-0.017366400658601018,45.16986388363175],[0.004330746876933936,45.191632555616],[0.007749483713343667,45.20202343974376],[0.034845860697314227,45.20874744152009],[0.05343044144838288,45.226854975561835],[0.07573321487779969,45.2202598278516],[0.09619541225687946,45.2278578556264],[0.13030604926862757,45.20798900287554],[0.17055210372198007,45.23701026486455],[0.17763742117729522,45.253740934302506],[0.20441616387648323,45.26359520741223],[0.22141736394530237,45.290328116659495],[0.24739630895607334,45.289484009049765],[0.26971965078434545,45.30539294080847],[0.26498472290743125,45.334216796479616],[0.25007284811879654,45.371801187374246],[0.2781514641521634,45.427303344509845],[0.2943995470605675,45.434183799907565],[0.3078489404274546,45.46087036559335],[0.356537146854989,45.465479098992546],[0.4327895064931416,45.5024678675343],[0.46573672024377105,45.539623254776004],[0.4962604525540854,45.5444880543905],[0.506492513438957,45.55388701893163],[0.5007291724346205,45.57307480085136],[0.5155919010618789,45.600377918791985],[0.49986594015823305,45.616678558714106],[0.5355449863742777,45.63336713201865],[0.5612176923905663,45.63273730287464],[0.5678112654431465,45.6510243172179],[0.5988182940413804,45.67062696828461],[0.6297424639524398,45.71456998977268]]]}},{"type":"Feature","properties":{"code":"25","nom":"Doubs"},"geometry":{"type":"Polygon","coordinates":[[[6.80700533167707,47.562801384972],[6.816660001724921,47.54792247821983],[6.860809068981891,47.54751358468233],[6.883473648745609,47.55533115808764],[6.905669627634239,47.547361521011815],[6.909674152385642,47.525507149094636],[6.946162450184676,47.51131633258056],[6.930856287246399,47.49817970710937],[6.907596719688256,47.49436626816266],[6.917231799861733,47.46886980086098],[6.932315529660057,47.45581501043693],[6.940536510867674,47.43337372140521],[6.9383780521299885,47.40601986473863],[6.917565696040302,47.40554258429283],[6.911280984371045,47.3856550932385],[6.8853970779398175,47.37459946804773],[6.87936818281023,47.35839729641757],[6.919496443267278,47.35536414476774],[6.994215518452339,47.363057159308],[7.012120561775966,47.37292288887178],[7.049718402997699,47.360719992295074],[7.062207100094967,47.34415745980239],[7.046203037401215,47.326976713950984],[7.016140643996923,47.31359873592356],[6.993126569921015,47.29554511879603],[6.942895673773597,47.287754384904254],[6.955208843014741,47.244149772352195],[6.940725555973242,47.231843645454894],[6.882433031143578,47.201615584703326],[6.858349567867174,47.164383477038406],[6.800236684357302,47.128793351463806],[6.763777402656871,47.11979205072034],[6.739920812240863,47.1080561130741],[6.74109066784422,47.091064413033465],[6.717835845806807,47.08893991246636],[6.691621066187363,47.06668923642061],[6.7140493259380465,47.04912442357012],[6.699656601550015,47.039041188281],[6.661624427517901,47.02822165295931],[6.633742279087916,46.99841408318843],[6.59318642597294,46.991771506770114],[6.566568468914689,46.98063803499442],[6.5188133537312165,46.970857851315834],[6.49668554758685,46.97418077120232],[6.446572766755816,46.9341439731704],[6.432669440426171,46.92860208537252],[6.4645840104267736,46.89020943846434],[6.460055924791717,46.85168246859297],[6.44262902075631,46.83235109259498],[6.434826378361494,46.801464616461466],[6.458567776224122,46.788495437539005],[6.425917841439646,46.75480272370325],[6.39507223431701,46.74824769305675],[6.391779221321134,46.73835933517175],[6.344803166577885,46.711872179216],[6.285329368806656,46.691241021954745],[6.227994158729884,46.64830608201645],[6.175538722376977,46.61413990223054],[6.127338291895881,46.59030639234697],[6.110748015678899,46.576313203446446],[6.1381085470292716,46.55766039903405],[6.131429786217584,46.55374316497247],[6.048566902902156,46.60772285612786],[6.059172114439157,46.62611096798534],[6.105519201667375,46.65048282928723],[6.069828479910839,46.689524885344895],[6.11296041814117,46.707745262586364],[6.139950483346064,46.7252665040831],[6.180271003478625,46.741575238392656],[6.185275300570877,46.75514278256941],[6.206667229738774,46.766127080274636],[6.175722465411307,46.80024737987558],[6.134201093056517,46.82606829489227],[6.091004700025405,46.84186203649593],[6.065722840490433,46.85966779654168],[6.034013122897841,46.84959669047568],[6.026247153653252,46.86409173600443],[6.005778412779799,46.8730528372109],[6.011720201418477,46.88892677308902],[5.9826340237056,46.90845204586353],[5.996550634911118,46.93349025460158],[5.9640723607092,46.94807945340021],[5.979788604869103,46.963477609202336],[5.968560305501438,46.98044449059873],[5.945444530036826,46.98892069091779],[5.928902914958152,46.981557598992175],[5.9110704645310355,46.99949662045942],[5.838703245735162,47.00893073323631],[5.818320069354114,47.01634936206399],[5.810142553295952,47.04676497151418],[5.787650426326096,47.02060775116385],[5.749513452394782,47.01724338346852],[5.740853599399733,47.031142664947374],[5.784717290338706,47.054912309682756],[5.768548742190094,47.08943503996254],[5.8045619988542985,47.1133407822186],[5.820691451026131,47.144415939401],[5.811467446057154,47.16905381606456],[5.785253964111757,47.1730387486781],[5.786363077074669,47.1880831609518],[5.7615922644946265,47.193351935732494],[5.754029730428721,47.20619762753816],[5.720409103677726,47.2199367429909],[5.719658737830903,47.24039349857038],[5.698725742766405,47.264996774959506],[5.732304584331136,47.2635708244963],[5.772794289154126,47.27839174115347],[5.783911882300601,47.29062859459643],[5.84401524176912,47.30002560772319],[5.860063369485741,47.31441371512956],[5.908850384555448,47.33130809335063],[5.926973317778065,47.344842696907314],[5.965726777821383,47.33714799401978],[5.979565477765114,47.32599225383308],[6.031152213443059,47.337818639776025],[6.038905360008941,47.345543807863976],[6.080045800270596,47.35403647497674],[6.118643218077476,47.39516918586829],[6.159315835079816,47.38763809750605],[6.20045182507361,47.4291448308537],[6.227146778558152,47.421361759224745],[6.256322884311814,47.42460267369418],[6.2635413933118995,47.446113357872484],[6.280184223466656,47.44396949481327],[6.3343537374171,47.50596607053227],[6.4176533951113335,47.52107576002842],[6.463493609157821,47.51211727914121],[6.475912751751343,47.49653791477729],[6.495895471628419,47.50568894568784],[6.5183760537344355,47.49650598459375],[6.534536369742796,47.50605436714645],[6.55356252302069,47.49279726215029],[6.573512260277363,47.495493621813196],[6.583644236898135,47.50998705821796],[6.568287888950471,47.53296730090853],[6.581373134078281,47.5439823802077],[6.6108754443878,47.530375696762064],[6.646719240296149,47.53526063805599],[6.670176179849052,47.55789898345777],[6.715410264318535,47.55291548061491],[6.738845896180387,47.55702322452207],[6.767404952407747,47.538017268556935],[6.797499350037713,47.5495126825397],[6.80700533167707,47.562801384972]]]}},{"type":"Feature","properties":{"code":"26","nom":"Drôme"},"geometry":{"type":"Polygon","coordinates":[[[4.800493926884063,45.298360661142944],[4.858798773300606,45.30895383074844],[4.879709663152382,45.2969314761542],[4.927837287858217,45.322467078582974],[4.960882968689533,45.329431946438525],[4.989191483458711,45.34404664083611],[5.00965209426827,45.34223102677266],[5.019860000114205,45.32012334781686],[5.054318727576239,45.319054679747346],[5.075414977696186,45.28182474686916],[5.138525456127068,45.29621886821675],[5.121425532367965,45.24833591809063],[5.176540876984406,45.2484020449113],[5.184576231954122,45.231193647083316],[5.165271150444932,45.1998716765054],[5.188573507748233,45.171268538792575],[5.187438130822191,45.12083055585071],[5.162894297608516,45.0984305870661],[5.148624024939402,45.07523359417633],[5.171188406008603,45.06901345142979],[5.1833365351237415,45.08488121016097],[5.226123302713108,45.07917959620953],[5.248350471901153,45.06093433768146],[5.300641951274725,45.06258684321087],[5.317097625615876,45.05144543143657],[5.3438842908647155,45.04990301119417],[5.388382939418146,45.03613916354605],[5.449788835244156,45.070783659173316],[5.4594242070232415,45.084354048653296],[5.482962641076428,45.083813985829416],[5.466222808609953,45.05369264423919],[5.480457675487145,45.013866206651436],[5.493108370230375,44.99650387405212],[5.477674326344703,44.96675249985711],[5.483647138020397,44.92229059824822],[5.475071217930305,44.86759688581832],[5.463794835880649,44.82597088831498],[5.484766003910795,44.82306199061912],[5.4641587549688655,44.79242749679306],[5.538609682625281,44.77435333052135],[5.582046117791262,44.777862736908396],[5.583886354820008,44.76534387074039],[5.627084872571889,44.75246442874924],[5.647101681531142,44.724098953876464],[5.708698705355806,44.720924547440156],[5.7387858126735685,44.712419126045255],[5.757110126926433,44.6960374105235],[5.801469996094522,44.706778512869995],[5.82711625324567,44.70028877822114],[5.825802514085463,44.68569233800322],[5.799407769469486,44.67394966436931],[5.790619766631355,44.65329030204328],[5.753939211901072,44.662713661324155],[5.726039426074854,44.63939834273572],[5.641715054881292,44.65107468886509],[5.643926214041127,44.60972161106435],[5.617737322579476,44.583133580603594],[5.5972487980667855,44.543273727979226],[5.627373773874302,44.53458025973445],[5.664504139914002,44.501894032401594],[5.629785093116038,44.5011871029685],[5.6163088106464185,44.47271206540212],[5.603651238319425,44.465544996850255],[5.562404689872195,44.47485185176209],[5.516510011697751,44.49138247772147],[5.4798758917737445,44.49123966897652],[5.458727518186473,44.46614393059478],[5.464433745418449,44.44788666870274],[5.498303440849121,44.43732497621575],[5.4764897049095795,44.41972379409436],[5.447194165800079,44.431852481873705],[5.418530667075709,44.424947370319],[5.443026623183156,44.391237330733084],[5.434953500862137,44.36911743294876],[5.46065693964672,44.36832054562284],[5.46941457400079,44.35149029453098],[5.4930715607447445,44.33717752081172],[5.521782790630088,44.34931163553876],[5.5373670436986435,44.333525718131106],[5.617135908418277,44.332475894185805],[5.608077262744189,44.30850908328983],[5.637756422122977,44.29968616697366],[5.631970064900461,44.284721309902835],[5.647509019416229,44.27247769824454],[5.676206589256276,44.27551099308782],[5.672996044869041,44.23984311301397],[5.681311859737585,44.23289466958045],[5.676037325543462,44.19143313185896],[5.651592585237082,44.18957707724826],[5.646965152793732,44.166291647187435],[5.68271535182101,44.16321640945639],[5.67860502821166,44.14608869344783],[5.6316731817286305,44.15136802990124],[5.63959354437225,44.16758605191366],[5.609572963808623,44.18817112634557],[5.576187167563138,44.18804165094906],[5.564374392120529,44.17090170649433],[5.582976621063447,44.15762325973775],[5.551327343869811,44.14979115926589],[5.540435810430644,44.13221365213216],[5.498787806458752,44.11571934778835],[5.45471645974309,44.119227904662864],[5.43571830913588,44.1516641531859],[5.383240887752097,44.15528473021913],[5.384523055943825,44.201046720663136],[5.354042708088259,44.21342924717531],[5.3368331508273,44.20353145731521],[5.292247629624085,44.214467072564894],[5.2565087145716225,44.23005632855739],[5.23814970804007,44.213233332998946],[5.174965607033191,44.22080662233339],[5.154903556803357,44.230944996200954],[5.161547590528067,44.24559067110522],[5.1497271329806695,44.28208386834487],[5.167205149288734,44.29205090874127],[5.172696360911815,44.309393695074476],[5.1045087340965685,44.27953745155323],[5.076512049103177,44.2840860159789],[5.060564583015947,44.30813976056077],[5.005535817021755,44.286754820483196],[4.981451791724815,44.2848325971684],[4.932910424012261,44.2621518073366],[4.879050668886603,44.26148357791232],[4.826652705578103,44.22832506640777],[4.814096088903183,44.23231467832123],[4.812665863343398,44.257719064767414],[4.8031008029072115,44.27998919217419],[4.804563291806201,44.303896893827336],[4.762251228111598,44.32538168266028],[4.720123840256769,44.326714895236336],[4.679025302617316,44.32048933622703],[4.6506150134375535,44.329805791511276],[4.648946169255066,44.372462486293166],[4.664373400022996,44.398944273043945],[4.667379937465383,44.43066429434984],[4.69865229412497,44.45230946012676],[4.6989568502390995,44.481694190593686],[4.689973321952771,44.49125058500801],[4.692050189601407,44.5152420465306],[4.707018905489797,44.53084113511007],[4.692361920905272,44.55589194997334],[4.710266499941698,44.58154911470836],[4.741168931840421,44.58877434873562],[4.74040453633284,44.60239249321297],[4.77408913696615,44.644269843250804],[4.7811100231594805,44.682833634690404],[4.762850574483207,44.72009203958483],[4.760941584679994,44.771713549802],[4.795665859771827,44.793769117314746],[4.821656483202532,44.83867049616437],[4.841340887618573,44.842596306238924],[4.85945820884153,44.87175235284045],[4.8579011507481304,44.903155110736876],[4.8855710639544006,44.93465153198947],[4.875684162327823,44.95520873214619],[4.860170175358192,44.96586245571145],[4.851264766161909,44.99467770210391],[4.837672652853049,45.00479181394786],[4.840341325313034,45.03578322392562],[4.860746068970967,45.055429204446796],[4.831651038103518,45.07026753675957],[4.827354281438577,45.10214857279052],[4.804492252463412,45.12194771680664],[4.804461066670614,45.133197210828584],[4.829100372157167,45.15669010756043],[4.813699779096304,45.16341716248438],[4.804809814114698,45.194030298693185],[4.812569706062625,45.204307182925724],[4.802585860487608,45.22693117215798],[4.809597016988471,45.26036757990201],[4.80945700146176,45.28984878023442],[4.800493926884063,45.298360661142944]],[[4.892909784975503,44.36481842003465],[4.871546699824252,44.349624687939915],[4.89532799567956,44.33806148358807],[4.881629025271996,44.32487165610533],[4.8894629809408325,44.30401919301177],[4.922149021948395,44.30878294851454],[4.978583367650993,44.297463038388315],[5.023291388686099,44.34594820774989],[5.0270075535733945,44.362835342005326],[5.052014293962954,44.364659059368094],[5.048760348502809,44.381234267021824],[5.015759498726315,44.39276614596861],[5.013305911983339,44.405345557740354],[4.988609946346962,44.42320030980228],[4.963297700567191,44.42193444899826],[4.918515009368784,44.40778504385655],[4.906627552610216,44.37409911682911],[4.892909784975503,44.36481842003465]]]}},{"type":"Feature","properties":{"code":"27","nom":"Eure"},"geometry":{"type":"Polygon","coordinates":[[[0.2972244202906153,49.42986163728299],[0.33898282435946164,49.440931306061266],[0.36879599400345847,49.44396615809678],[0.4315314440644818,49.45895529203515],[0.49007688558798895,49.48360764057147],[0.5249403531988139,49.47786858986832],[0.5790634674462867,49.43507202120442],[0.606260846591224,49.428697933243775],[0.6341203993784739,49.43446117824468],[0.6597835439594861,49.41617560182564],[0.6652914150341133,49.40200234791148],[0.7736557882409092,49.41808160502643],[0.8035289901620026,49.41664937662084],[0.8265612311602684,49.395044519606806],[0.860851622884771,49.39535013278994],[0.8853214512018548,49.38352473329317],[0.9181193706199334,49.385460584535736],[0.9214023473164947,49.33855254623689],[0.8875928951071438,49.34591517415329],[0.8662303093667536,49.34231160512299],[0.8622783261742117,49.32742242737676],[0.8915316720257209,49.31656133415404],[0.8924955592567678,49.303062511451586],[0.9366215857125476,49.321701430518324],[0.959487909604523,49.28612972876709],[1.0133166256832071,49.252262976528414],[1.0540696575756032,49.26810664758745],[1.0644211959188252,49.28193243229649],[1.0482359283696867,49.2966707056018],[1.092924014464112,49.30997367751731],[1.133993537971445,49.30984205819146],[1.1359587366778499,49.32511330683783],[1.1602558424773857,49.3419941567295],[1.1990286032008088,49.35080528187691],[1.2721366387570638,49.346289233389804],[1.2860248038650488,49.36318319072627],[1.2931900574437356,49.394994727671126],[1.3080682780467234,49.39535659061039],[1.3096318834456244,49.42873257275235],[1.3353971000652705,49.43371952908696],[1.345233363898118,49.44805852414145],[1.378499108777362,49.45742638657252],[1.4771860122081044,49.45132697219684],[1.503549409663381,49.43807237615207],[1.5283196177789204,49.44198980558868],[1.576136831058076,49.43973886640559],[1.6069566095899943,49.410854416858434],[1.6210669431541742,49.414378158641135],[1.6593030583878112,49.39898608539559],[1.7139375433100608,49.409224988863485],[1.7203156024953805,49.39482842844473],[1.759340781875861,49.368238985112555],[1.7741379719748898,49.33469565160132],[1.7679448109268296,49.31982583692622],[1.7757705439300602,49.29951534986682],[1.8026808722972285,49.271950623613535],[1.7895325987859003,49.247868037421206],[1.7643521273092135,49.2630859414422],[1.7345063044967537,49.26899820204799],[1.7104793339744566,49.26446416218004],[1.7043642065965865,49.232201775163404],[1.674090204376027,49.210248479159524],[1.6643738026115165,49.15336752369717],[1.655777439712795,49.13016217033744],[1.6350518648476458,49.11430020855939],[1.6087960706299218,49.07789415353795],[1.6017185942276444,49.08450261108525],[1.5570756944651978,49.06962240086733],[1.5380423840651944,49.072342033316],[1.4848834480593345,49.05154791492779],[1.4607983669865394,49.0627440580796],[1.4474328265726297,49.04518805211747],[1.4577625828067995,49.026291046220386],[1.4770779834042216,49.01679764336922],[1.477085024550759,48.978790316157344],[1.4974212515808907,48.97955944476306],[1.5015238197988665,48.94105360615515],[1.4613084344852056,48.93755797274698],[1.4483097630235757,48.92433060014346],[1.471281965082692,48.897831449765356],[1.4549910456481823,48.87032343188624],[1.4093616066102121,48.86115348650526],[1.3621810029001884,48.834179003372945],[1.3583524111815377,48.8164325477948],[1.3769640090609683,48.791769052281],[1.3195484140595357,48.76096509555226],[1.300298160774345,48.76753862976326],[1.270215830640388,48.75748087478701],[1.2460222122058793,48.7696776023494],[1.184730602501536,48.77263016325766],[1.159490184478893,48.769724918274406],[1.1521108654240828,48.78556141919787],[1.121402821755998,48.789193818459175],[1.1186480947364004,48.75458615785833],[1.0957317749783022,48.74871690601713],[1.0590671926768536,48.756763319856546],[1.0140709189239645,48.7280968183202],[0.9614508974400996,48.7257249507322],[0.9552461079026382,48.71678344138858],[0.9023959771326227,48.7106473551684],[0.876707237647973,48.71549244581689],[0.8619896827437209,48.68705769224572],[0.8276671061162353,48.68072356503085],[0.8148191028635925,48.67016796018795],[0.7822053215915061,48.66652415160697],[0.7640759546715993,48.67527365639454],[0.7660502318369231,48.69679825478523],[0.7433928921084365,48.71690523836887],[0.774959043114129,48.73752726458568],[0.7508055582409985,48.75949683157833],[0.7584300486684715,48.767971967774606],[0.7319447587721393,48.78545800743581],[0.6889623683560373,48.79460354988005],[0.6687110370739024,48.80802140346215],[0.6078685100835315,48.832489316673694],[0.6109659813863897,48.853218358881485],[0.5780409793892106,48.89364694598877],[0.5525030083730612,48.87553783157171],[0.5021397353658976,48.878150204150515],[0.4761125006440536,48.88686266076319],[0.45358528537402837,48.88019513771439],[0.4200659412941513,48.88818710783798],[0.42156714219561403,48.89864779537123],[0.38618934896504153,48.91041450585282],[0.3907837746929919,48.9271332888758],[0.412814532889088,48.950626367694355],[0.42880993562155445,48.96612177413988],[0.43394360004573646,49.00495438261333],[0.4462781902001329,49.014969905257644],[0.42590416560578637,49.031961024526844],[0.39019525565888735,49.03437482486719],[0.37767980975475124,49.04945033019971],[0.37935511955028134,49.06776772669734],[0.40780490572913114,49.07739021420981],[0.3997150635817522,49.10053337795652],[0.4267310809928099,49.146911914644164],[0.3858907764132056,49.15405567420366],[0.3947289759189785,49.20844416130579],[0.36654884147794087,49.21588212665217],[0.33741825014085014,49.23147819071951],[0.32113000687689647,49.24813594819387],[0.382786744119418,49.26401647481274],[0.3808108509605511,49.28238539554381],[0.3648958938390429,49.29519774636941],[0.32302317286212995,49.29699256482139],[0.31206679218437866,49.32225733229892],[0.32342800534930133,49.34064201714996],[0.30171362422988823,49.37130535987279],[0.30882332255488343,49.38786856245116],[0.2972244202906153,49.42986163728299]]]}},{"type":"Feature","properties":{"code":"28","nom":"Eure-et-Loir"},"geometry":{"type":"Polygon","coordinates":[[[0.8148191028635925,48.67016796018795],[0.8276671061162353,48.68072356503085],[0.8619896827437209,48.68705769224572],[0.876707237647973,48.71549244581689],[0.9023959771326227,48.7106473551684],[0.9552461079026382,48.71678344138858],[0.9614508974400996,48.7257249507322],[1.0140709189239645,48.7280968183202],[1.0590671926768536,48.756763319856546],[1.0957317749783022,48.74871690601713],[1.1186480947364004,48.75458615785833],[1.121402821755998,48.789193818459175],[1.1521108654240828,48.78556141919787],[1.159490184478893,48.769724918274406],[1.184730602501536,48.77263016325766],[1.2460222122058793,48.7696776023494],[1.270215830640388,48.75748087478701],[1.300298160774345,48.76753862976326],[1.3195484140595357,48.76096509555226],[1.3769640090609683,48.791769052281],[1.3583524111815377,48.8164325477948],[1.3621810029001884,48.834179003372945],[1.4093616066102121,48.86115348650526],[1.4549910456481823,48.87032343188624],[1.471281965082692,48.897831449765356],[1.4483097630235757,48.92433060014346],[1.4613084344852056,48.93755797274698],[1.5015238197988665,48.94105360615515],[1.5073440226070087,48.927598989147334],[1.5386150005667363,48.92179645733065],[1.5385208308731109,48.90668492167043],[1.5595052783343866,48.88205164409549],[1.5462315883376268,48.87242890235984],[1.581598875031263,48.85499897015231],[1.5772685877162862,48.84436076548629],[1.5912030850964909,48.814869639400584],[1.5756742260519878,48.7905067944881],[1.5875947031508344,48.773602302755286],[1.6263993499269267,48.748094297484094],[1.579545829918285,48.70181187348942],[1.6117708691618606,48.68947111646258],[1.603118482168126,48.66241796207503],[1.651574528306872,48.63812870428749],[1.6662188615195896,48.613706715891],[1.714895681919355,48.61439494545783],[1.7019890546581085,48.58499862181419],[1.7092527874670105,48.57802434626235],[1.7653297161980415,48.56937104099974],[1.7872450519775867,48.55374456486673],[1.775751488475668,48.52770729661422],[1.7768442507697113,48.50931096191216],[1.8032057888939028,48.472565678495286],[1.8321369890615689,48.467581442678565],[1.84486306037181,48.4493607065379],[1.8716851573650342,48.43978475842447],[1.9064022701801788,48.44014576962788],[1.9221489648373706,48.457600286064135],[1.940657409608177,48.42520626181189],[1.9258935288275238,48.412738189076535],[1.9765777946992387,48.39938447447991],[1.9734600276085819,48.38883055198841],[1.9868210109251592,48.36214189229105],[1.9699915637784469,48.33969146951863],[1.9799848326906437,48.31848007972407],[1.9592272366957604,48.308689574530625],[1.9752916566344318,48.28719843612737],[1.9940847180593788,48.286585877943075],[1.9878756044776544,48.268707563969706],[1.9654790051841269,48.255466245296866],[1.9625953467362638,48.22259665048149],[1.9514550396684471,48.18958117854365],[1.9250485316689847,48.17448662149941],[1.9033398897931277,48.152806309750886],[1.920402814020387,48.14638533996389],[1.9010631123528121,48.129720309688054],[1.8843851938361136,48.097661066466635],[1.8656712589157682,48.08385719871519],[1.797975547328593,48.07686831186792],[1.7448338583126362,48.0661443495906],[1.6789955266507441,48.065829398062704],[1.6556783876479508,48.076176598146596],[1.6245928719693987,48.067222742913955],[1.6138290938946773,48.04498314926178],[1.5941156652809598,48.03069992074373],[1.545306911308587,48.0445885217016],[1.512975755811939,48.02872178084264],[1.5266687471482352,48.00726560320355],[1.5201238283340488,47.982278476987],[1.4396560496498594,48.01194932329023],[1.4372409526093535,47.9764987201296],[1.4068828320031919,47.97009659263769],[1.3869462890722553,47.9812831788851],[1.3700158222874876,47.95374905485532],[1.343701298620938,47.957530775683054],[1.3086281518302283,47.953853799768815],[1.2995800659732568,47.96816150698365],[1.262653160836444,47.96284180147032],[1.2456512469484482,47.979278052584],[1.2096430686639739,47.96850051668402],[1.1695601007353318,48.00668912927458],[1.1666303937374705,48.02739182079259],[1.122713770015408,48.035980030467925],[1.1031936171142485,48.08108800423722],[1.0260026950898764,48.088407307781466],[1.0085477409246668,48.0831267789959],[0.9915488801693668,48.09741164653938],[1.0456264025684945,48.11762847776995],[1.0387342870949972,48.13165484141439],[1.012548026499917,48.132548614185936],[0.9813105576003316,48.119560230186515],[0.9502768856001645,48.09927549241419],[0.9440295929845693,48.11237193590575],[0.8909295923841402,48.10206310395515],[0.8758906410789156,48.10943550861685],[0.8412172317044129,48.10306240932052],[0.8525696983122546,48.133605674559426],[0.913802022562964,48.13512781830264],[0.9116186783263119,48.14886135015183],[0.8619836907733601,48.16682130452495],[0.8367739335625146,48.166991974853865],[0.797655838494225,48.19445221754921],[0.8302416950484665,48.21430027818372],[0.7875964742272762,48.26131463776064],[0.7958184564245077,48.28648186022423],[0.7688672771787132,48.32194393371593],[0.7854319060188925,48.34042724028456],[0.8187477629538905,48.3492990187552],[0.8837069426865347,48.35671469741493],[0.9090291135378351,48.37025942165492],[0.9486303005350746,48.40254075139077],[0.9439900556805834,48.41543779690512],[0.9584142860496184,48.442595257597894],[0.9357072927920254,48.475553713886015],[0.956288496333069,48.48228110680156],[0.9539997024327551,48.50383926047164],[0.9667159729358187,48.52408891339411],[0.9226089134985012,48.5377152127879],[0.9387576535104647,48.55055845317247],[0.8912620563004201,48.57217735609871],[0.8676826582446395,48.57348477486485],[0.8495690718886973,48.584317085863454],[0.8465847869380818,48.60477987546661],[0.8177592533729132,48.616321964340834],[0.8268154990669214,48.63060614219509],[0.8148191028635925,48.67016796018795]]]}},{"type":"Feature","properties":{"code":"29","nom":"Finistère"},"geometry":{"type":"MultiPolygon","coordinates":[[[[-5.102603031250701,48.43611710405846],[-5.103600745641675,48.47233254581352],[-5.065760515653101,48.48139267104152],[-5.04035308104457,48.46511684576535],[-5.063102244199608,48.44905420596996],[-5.102603031250701,48.43611710405846]]],[[[-3.6591438196705743,48.659209780669244],[-3.6542763238260356,48.61697438924653],[-3.6411048139943123,48.596795685658186],[-3.5900947382947392,48.58273907967781],[-3.5933075055755452,48.55460449049691],[-3.5699848146891386,48.55609659253676],[-3.55387113158307,48.53037692213068],[-3.5820087289476406,48.50685582272],[-3.6045363791794003,48.49579010573053],[-3.5989459676290556,48.47050839949987],[-3.5813817787905893,48.46480510230907],[-3.563244712868301,48.43986658912548],[-3.6005386081976343,48.42162432587916],[-3.605518820600736,48.38654294008208],[-3.5545842830629764,48.37776678483146],[-3.556786825742612,48.335519987867116],[-3.540871846305997,48.29905273798831],[-3.518062717927428,48.281842614354964],[-3.5259985674913756,48.26077449475174],[-3.553237531594755,48.241947687032244],[-3.5577832202588646,48.22853101061742],[-3.538217936786089,48.20645883664802],[-3.564838973733329,48.18574694305737],[-3.6283881260752544,48.1687248221492],[-3.6518557265570566,48.156583426737576],[-3.69467505545132,48.15091429371495],[-3.7155113160954,48.14222278424499],[-3.717299501973206,48.12152104588753],[-3.73401071349441,48.11285300326305],[-3.725890623875097,48.09496610205945],[-3.7032714693453843,48.08734402006448],[-3.69816707482359,48.06231160032721],[-3.675286774640338,48.059296687637904],[-3.662606521516704,48.02008121333488],[-3.640231533075075,47.98524271311537],[-3.5813379803683882,47.98707045002737],[-3.5552758457516087,47.993098470462],[-3.5156118733539357,47.97536899639446],[-3.497303664400367,47.97663709189755],[-3.4813997640454386,47.95187230610157],[-3.4627039996577236,47.948470485246176],[-3.4128264844188565,47.9741964735994],[-3.3922406780637284,47.95650358632056],[-3.4015047820862296,47.94296944095624],[-3.3870295747062062,47.925240278144464],[-3.406618446285296,47.917155590887866],[-3.4040114963344528,47.86615562756545],[-3.449172314379866,47.861897916786695],[-3.4584776087007003,47.83672369691625],[-3.488375735328993,47.82369125414433],[-3.5117214211485104,47.83199375246112],[-3.523004293499609,47.84914685714251],[-3.5396513689234244,47.83617965304551],[-3.5425770850250635,47.82151227934617],[-3.5229226544939514,47.80223614015396],[-3.5386344188426375,47.76264176980493],[-3.5641121250447267,47.76861005548025],[-3.6173293885938573,47.76951026006133],[-3.666828405107558,47.78066980771674],[-3.6808401232958055,47.776789568451115],[-3.7359638663585395,47.80568353533829],[-3.7620343226442494,47.790565500089855],[-3.80058711359008,47.787633168752826],[-3.8206966045621122,47.79704005110039],[-3.8510582202094192,47.79595113220543],[-3.9014575009234087,47.83811402726429],[-3.9352297901853737,47.88271768897734],[-3.979285765673716,47.90506331053172],[-3.9892426691277407,47.88124042404969],[-3.9779071580540446,47.85370904171028],[-4.041402101062129,47.84560407995417],[-4.071579359966193,47.8639343495831],[-4.12605004973185,47.864172382493564],[-4.163559448578027,47.84918510804166],[-4.175106219653961,47.87596847062619],[-4.1971340520002265,47.86102385449842],[-4.179428919445678,47.83927438037873],[-4.15940114971976,47.8318173246385],[-4.183013010492385,47.800536704160066],[-4.2165887057710965,47.793144928603546],[-4.269232846114915,47.790984442793075],[-4.298541674244525,47.80045582335789],[-4.362405222202317,47.79574452412905],[-4.379252075100091,47.82205366025167],[-4.349806909070088,47.830787344673475],[-4.35026147711619,47.85720715426938],[-4.367485583327389,47.895018967431604],[-4.388015035003269,47.926654784945555],[-4.423497441952159,47.9629190746406],[-4.45357212479016,47.98178335103627],[-4.509946245392576,48.00508930612951],[-4.540544158513848,48.01277237320508],[-4.564748323475724,47.99983217909559],[-4.617153960280601,48.01668341623001],[-4.632961817787164,48.029371518298575],[-4.65236486621254,48.02197780046869],[-4.699486095336003,48.0276385517676],[-4.716343505589336,48.06246408637442],[-4.673766453815838,48.060832956449374],[-4.6659348329354255,48.07024114770002],[-4.621727492652852,48.068543619046565],[-4.5801348626137575,48.08191194086029],[-4.553615731275088,48.07713834742257],[-4.532513782688574,48.08825622911054],[-4.487667360513949,48.086548703734806],[-4.466691486895225,48.09914603365788],[-4.42937785197245,48.09921479885298],[-4.374400199477134,48.110160305908614],[-4.306988535338467,48.089182615717235],[-4.2855866218113725,48.104744565148835],[-4.2837220130952955,48.126900982468996],[-4.271721077823729,48.133056537289555],[-4.273083579380047,48.15418112435729],[-4.295843919274587,48.16142932399722],[-4.292060558661123,48.17634830008409],[-4.303105949344183,48.19481221480856],[-4.332028821902894,48.20625396161038],[-4.367421587366783,48.20518414807059],[-4.376408546426716,48.217120176811314],[-4.462948817851071,48.23822329999254],[-4.501654363959345,48.230424062827204],[-4.520558957420493,48.191481893648785],[-4.5541301011022846,48.167773715825284],[-4.55239723973961,48.20798329589854],[-4.564023813101924,48.232230611567076],[-4.544514592316071,48.241191573122464],[-4.556269907144756,48.25839883522839],[-4.583648389279179,48.25188609816883],[-4.606432460120089,48.260804316606915],[-4.566613794720501,48.286343567274294],[-4.5805180078903875,48.31953640425027],[-4.553173678040408,48.33877871593713],[-4.545322996139177,48.32453014489154],[-4.552688342449066,48.29433138900056],[-4.535044973995933,48.28408016653001],[-4.51791127193264,48.29532344340755],[-4.502598847108407,48.28086108393083],[-4.455054516900592,48.292768680960236],[-4.423778354693354,48.291677200748616],[-4.4121268947877414,48.27743520886878],[-4.384499553201252,48.27515572709832],[-4.338007897909741,48.28559363845158],[-4.308030328849242,48.29716811390846],[-4.271673566367982,48.29591729189257],[-4.261871578053853,48.27947084714217],[-4.223087545336637,48.296299071102354],[-4.281228861951339,48.314447470573086],[-4.328634688910267,48.31488418033181],[-4.316134692309666,48.335818592679146],[-4.367224196551887,48.34371171314183],[-4.375256083838373,48.32630324311795],[-4.442251665475733,48.32677107157494],[-4.443889468046649,48.34883595893029],[-4.402940735996712,48.390022498012094],[-4.424948261340765,48.397597431903],[-4.435282416373567,48.38339288656854],[-4.458114014938408,48.385867352822785],[-4.5070286895447,48.375178986581524],[-4.538022709122905,48.357127206507],[-4.54966862065911,48.362005158047474],[-4.608723907528041,48.33788748522352],[-4.628097678951578,48.33751415715651],[-4.678429988988318,48.35543131935038],[-4.69483398347226,48.35279072707112],[-4.707560306796703,48.33232585661272],[-4.7722963997844206,48.329183978768505],[-4.769925202904266,48.361796246678736],[-4.760909970272357,48.37274934621913],[-4.774449224429342,48.389388669092874],[-4.773685539184036,48.40492512169256],[-4.79490980371592,48.41306522400434],[-4.778308286782586,48.44933411185572],[-4.759049827922969,48.47040485137466],[-4.777001937365527,48.50311695180772],[-4.757988885564184,48.52093310825663],[-4.762396097201912,48.530913179201654],[-4.730582004767845,48.556349210517865],[-4.704749488588449,48.56897618289027],[-4.681095549020893,48.56731997011509],[-4.627815146836776,48.57891940354545],[-4.6098896150813555,48.575823083209116],[-4.590772268866488,48.59402847039412],[-4.562764141371104,48.59817521227606],[-4.557624352657544,48.623470387580625],[-4.519579706212667,48.63461429836846],[-4.501808596546954,48.621190515057386],[-4.431795383056437,48.635233047605645],[-4.417756994812844,48.65471295900724],[-4.398044453426728,48.65561657189681],[-4.35001885330614,48.67651959770488],[-4.3167824361752904,48.67199333723616],[-4.271733741368674,48.64950099695784],[-4.223767566780155,48.648361716153644],[-4.209602839214799,48.67044798555623],[-4.186935690423405,48.68646122790089],[-4.1089633691562515,48.69443456873133],[-4.057584711672935,48.689257976253764],[-4.0534274992711286,48.7032941013924],[-4.032990823785386,48.71270325427199],[-4.0005346564303155,48.71162801931488],[-3.9834396203178497,48.72630319219002],[-3.9668110875090608,48.7196296260678],[-3.973629366481163,48.70388914743309],[-3.9694817850407995,48.67541780327085],[-3.9494614719873633,48.65286849015005],[-3.9035069777805154,48.66440380162745],[-3.8895722831453385,48.64166403341278],[-3.845544973771357,48.62696293321332],[-3.8562366572284197,48.64905420905967],[-3.8458155271587935,48.66164492704556],[-3.8544747780529227,48.68637205322022],[-3.820777313163899,48.701354575208065],[-3.7874874253592217,48.70179551925303],[-3.765699137667055,48.70888608345991],[-3.7332511605024314,48.70742218765922],[-3.702432092334233,48.69038564489073],[-3.6591595380103863,48.69489143579908],[-3.642801218211254,48.672120238447434],[-3.6591438196705743,48.659209780669244]]]]}},{"type":"Feature","properties":{"code":"2A","nom":"Corse-du-Sud"},"geometry":{"type":"Polygon","coordinates":[[[8.573411068108614,42.38140571205032],[8.594967598626758,42.370442888773276],[8.640801666424288,42.373436353833],[8.650412807593723,42.36235593170432],[8.681978913121439,42.358465400722466],[8.68321233664994,42.348405991522625],[8.715164693117954,42.34731408789375],[8.759078812317421,42.33804006429769],[8.770887277733078,42.324764827713246],[8.819561377056067,42.317558041882876],[8.861675727165986,42.32811167142221],[8.859024483697455,42.29995020570288],[8.87520921911696,42.29428830686922],[8.881953886518218,42.27178078880156],[8.904766989145307,42.253859280700944],[8.933097537277835,42.25043111224553],[8.947076130982284,42.23422817213641],[8.973044637723564,42.232597522891176],[8.991464818157644,42.216579484852076],[9.024603276811161,42.20363389421303],[9.04565931380628,42.206923431408285],[9.050611468499882,42.17000397791563],[9.064131426559902,42.166950715680095],[9.08185038106952,42.1259098454875],[9.123403164538574,42.10551607054204],[9.13482913062442,42.08700036410981],[9.130916384150003,42.05440439115911],[9.161526350789277,42.024930468066465],[9.188367061229057,42.03108582200928],[9.221084024655989,42.02759696053908],[9.223140183667368,41.95046593535651],[9.230490115935124,41.932324073627385],[9.220925415083576,41.9218761454385],[9.248804246301058,41.908855875310024],[9.25220736357214,41.898984720376],[9.234965106156862,41.87934237596686],[9.22749739090474,41.85558903234784],[9.236915461534869,41.84652580746613],[9.270702639104186,41.840591858357556],[9.301434820029463,41.84490426472732],[9.309095237783188,41.832145235940885],[9.329474334205734,41.83678041560044],[9.37190803582647,41.86500821735677],[9.40226832441199,41.858698242272276],[9.406272769840172,41.82236027573807],[9.394129959534725,41.79894602702587],[9.40804423486613,41.765964137404545],[9.399816891537837,41.692798815395356],[9.372306452198895,41.67882801196141],[9.3867990309586,41.66013485456259],[9.370050242610121,41.63650941542051],[9.354744447894907,41.64070711833988],[9.336739554234802,41.6215416098364],[9.287840387799415,41.60914794779935],[9.29567773050855,41.58331885207275],[9.318350951823037,41.60473961141595],[9.342535240446413,41.594200027915484],[9.365038855194317,41.596441470607836],[9.340900099192766,41.559245310577836],[9.30264040024383,41.54562427007991],[9.283924696074152,41.52045330843586],[9.275938375380612,41.496440290295695],[9.28564621195539,41.481455763871594],[9.256106433634463,41.45544645978787],[9.223954643701347,41.44249242165367],[9.226384203660677,41.41695973685865],[9.2502303450001,41.4084598048058],[9.217973376538382,41.36822599455603],[9.179838238258498,41.36705499317599],[9.167240749781808,41.385592289043764],[9.148965906928566,41.38520002286676],[9.123343747407722,41.39749027875982],[9.092348336772952,41.39866884973409],[9.104353270113341,41.4255060819188],[9.097269216996475,41.44376682791671],[9.074312339266525,41.44292158486769],[9.039677264505034,41.46863417186722],[9.0227210321415,41.46376611394031],[8.99284982541176,41.48539712661482],[8.959459141628432,41.49213642659868],[8.921974806573186,41.49333335996221],[8.91474945736704,41.50721159848068],[8.884614957295412,41.50507147381323],[8.877812471356815,41.523794319360206],[8.852559366284032,41.53340920646009],[8.839699710816092,41.54602923754972],[8.82073184232227,41.545714667370824],[8.800523477489595,41.57188276189636],[8.775873328951134,41.59168224390554],[8.789698855828817,41.605741813229336],[8.793554350339635,41.62955326123481],[8.821776132159119,41.63009123019617],[8.850720584313095,41.64641263412892],[8.869502509562649,41.64609463570318],[8.880911938109922,41.66809704399582],[8.915782780480423,41.68156786818509],[8.914509146058741,41.68972719719775],[8.841281825467787,41.69754888764182],[8.812716636350928,41.71412605870484],[8.773461665894612,41.71202820764472],[8.78400108030721,41.73521507782763],[8.77244949030242,41.74151395397478],[8.721540704721875,41.724158153889434],[8.686037575634304,41.748045833798216],[8.713140775389308,41.760833711858524],[8.730281258947743,41.776823799920166],[8.70924681599125,41.79940893302203],[8.740535859236362,41.80060842998491],[8.770981055994985,41.811121572150675],[8.784393807344568,41.830407894413874],[8.790279130273717,41.86641909560435],[8.779265166063484,41.88361463279185],[8.802495279594497,41.89037396990991],[8.780329131904372,41.924549684275014],[8.740124001713054,41.92079895025009],[8.717470184551035,41.90771623226959],[8.671249490634217,41.90478838139739],[8.641453371512307,41.90989807542862],[8.613429079275429,41.9012604850547],[8.620491915709744,41.92638143385013],[8.59770740264425,41.95324242752227],[8.614841081409581,41.97132815848069],[8.646060498119223,41.96813286974832],[8.665774103171897,41.978579613548604],[8.656419834192247,42.00934596433834],[8.690325750960795,42.02759574803638],[8.702100729051129,42.02667306302128],[8.741332481964943,42.04090929509705],[8.739158783588737,42.06270232429793],[8.719858223120928,42.063513495459055],[8.71025694439948,42.09582422568561],[8.683317701085334,42.10767939043072],[8.658338303250986,42.10633293826876],[8.647011374442783,42.121135348279964],[8.62381016858365,42.12310886026918],[8.577473591502791,42.15655723250558],[8.590170524060465,42.16388769237882],[8.578216021601701,42.188552849158576],[8.581385985210854,42.20594433664427],[8.56099542798187,42.23688048012684],[8.615721768949843,42.253944800849766],[8.689105710448825,42.26352397175119],[8.690120554846226,42.27821075076003],[8.65998027654801,42.30242037262011],[8.637554534466465,42.30184726505929],[8.62490287547782,42.3121592221741],[8.628148233048128,42.338703487843894],[8.614873875271428,42.349587758831014],[8.59038224862291,42.35235664185015],[8.562054289065225,42.33282223020302],[8.551790417379964,42.34737867747405],[8.573411068108614,42.38140571205032]]]}},{"type":"Feature","properties":{"code":"2B","nom":"Haute-Corse"},"geometry":{"type":"Polygon","coordinates":[[[9.40226832441199,41.858698242272276],[9.37190803582647,41.86500821735677],[9.329474334205734,41.83678041560044],[9.309095237783188,41.832145235940885],[9.301434820029463,41.84490426472732],[9.270702639104186,41.840591858357556],[9.236915461534869,41.84652580746613],[9.22749739090474,41.85558903234784],[9.234965106156862,41.87934237596686],[9.25220736357214,41.898984720376],[9.248804246301058,41.908855875310024],[9.220925415083576,41.9218761454385],[9.230490115935124,41.932324073627385],[9.223140183667368,41.95046593535651],[9.221084024655989,42.02759696053908],[9.188367061229057,42.03108582200928],[9.161526350789277,42.024930468066465],[9.130916384150003,42.05440439115911],[9.13482913062442,42.08700036410981],[9.123403164538574,42.10551607054204],[9.08185038106952,42.1259098454875],[9.064131426559902,42.166950715680095],[9.050611468499882,42.17000397791563],[9.04565931380628,42.206923431408285],[9.024603276811161,42.20363389421303],[8.991464818157644,42.216579484852076],[8.973044637723564,42.232597522891176],[8.947076130982284,42.23422817213641],[8.933097537277835,42.25043111224553],[8.904766989145307,42.253859280700944],[8.881953886518218,42.27178078880156],[8.87520921911696,42.29428830686922],[8.859024483697455,42.29995020570288],[8.861675727165986,42.32811167142221],[8.819561377056067,42.317558041882876],[8.770887277733078,42.324764827713246],[8.759078812317421,42.33804006429769],[8.715164693117954,42.34731408789375],[8.68321233664994,42.348405991522625],[8.681978913121439,42.358465400722466],[8.650412807593723,42.36235593170432],[8.640801666424288,42.373436353833],[8.594967598626758,42.370442888773276],[8.573411068108614,42.38140571205032],[8.608843089791446,42.38638181068826],[8.608422093704315,42.416825413431944],[8.623443614293404,42.421015734058656],[8.655236173325635,42.41573491228313],[8.67479692494207,42.47624538852454],[8.664552800602856,42.4929949414802],[8.665497159436656,42.51362834780463],[8.696840811820111,42.52558454397895],[8.71045001223845,42.52370248684714],[8.720517193362127,42.55564630552545],[8.756417557530522,42.570659862791466],[8.760441827402945,42.55857137100389],[8.787065945635801,42.55803097954457],[8.804094980454654,42.569860341632605],[8.808932860020777,42.599055946968434],[8.87503956071919,42.61316864013493],[8.881531586278046,42.62934512068445],[8.902416916945402,42.62713736501694],[8.918133832632359,42.63690557613399],[8.94178034180466,42.63409527809801],[9.010380292350433,42.64035285104823],[9.061821349825943,42.66509048310729],[9.053801584912287,42.67995503339286],[9.085757984829678,42.714606767529766],[9.124558531022126,42.731635182878094],[9.168148283828739,42.73637983567517],[9.19805748276381,42.724981437235],[9.220663922308333,42.73560950529737],[9.293321757624451,42.67431591000078],[9.32260417864183,42.69810306283922],[9.32247464967814,42.71680913865703],[9.3451446458748,42.73666315749103],[9.337520755219344,42.765033852323455],[9.340204735886463,42.800597016108405],[9.311621298469504,42.829728091907505],[9.331968178166248,42.87026782937916],[9.322219609930274,42.899631062547094],[9.347705223407253,42.91305574845976],[9.358875948356951,42.94492748470534],[9.340869996691138,42.99446130565274],[9.359044857554936,43.006721643949774],[9.413672465126256,43.00653079400656],[9.463553614767086,42.98640316480421],[9.451876286538043,42.964357928208706],[9.466129664769332,42.9409504747163],[9.469036245492854,42.90508876257289],[9.48223146636352,42.86451840047255],[9.491086000893741,42.79496852775402],[9.47207892681302,42.7705337050651],[9.446187747709702,42.67357644963208],[9.474879109198852,42.62483253404349],[9.514827798261265,42.58472928229309],[9.527302925634157,42.566105171529315],[9.53474359181352,42.523009178263784],[9.529616852014632,42.489443970187914],[9.54134697029719,42.455927275892016],[9.543397471188387,42.428489580925785],[9.532439507617266,42.38377840928965],[9.537662619936489,42.34360270025531],[9.559720920174655,42.281366796993574],[9.552574586239787,42.23523928410182],[9.558966860048981,42.19643769306218],[9.556601094642179,42.14214728519851],[9.549983013016067,42.104163972329616],[9.530222254216497,42.08620807802025],[9.466958564261997,42.01274493764188],[9.441543252653778,41.98975134561307],[9.41378283019094,41.95570089844187],[9.415949003320323,41.927960722873955],[9.397017056900047,41.87461789997752],[9.40226832441199,41.858698242272276]]]}},{"type":"Feature","properties":{"code":"30","nom":"Gard"},"geometry":{"type":"Polygon","coordinates":[[[3.373648044830684,44.170755872105644],[3.4308257080086695,44.14799915248837],[3.4397298934659637,44.12909826593223],[3.4814122244595582,44.12400876421138],[3.505848181205205,44.12627491460725],[3.5464898950428156,44.11382085664054],[3.5683776807910426,44.12255725261015],[3.607405064801489,44.116029399262366],[3.632837509244816,44.12122297377445],[3.637535082199747,44.1758044419647],[3.6577924199864618,44.17331757538967],[3.6835417745626877,44.18049607631633],[3.706247388904811,44.16469033158088],[3.72562362185747,44.164239828951345],[3.762454627385766,44.148796144815584],[3.7969951126604835,44.127389079486896],[3.8224027407450274,44.13619346399231],[3.8720717351442726,44.12886978328462],[3.894888943932836,44.14779538799471],[3.9526044819739092,44.170793726068595],[3.959878514814277,44.191253656704994],[3.9387003573911197,44.19367822410952],[3.9501597790209626,44.223545860744586],[3.9461674161736497,44.242375852165004],[3.973127020352843,44.2525823769431],[3.956793721250768,44.27180072553845],[3.9355689182657865,44.2747470409525],[3.9362541551640287,44.29349216194984],[3.922858913740669,44.30521794102567],[3.9446647587995822,44.31912094308078],[3.9127709736236946,44.36850586796493],[3.8859181039452233,44.38799905234691],[3.9079213910830926,44.4026196632778],[3.944362317344653,44.39956750349231],[3.961144148606084,44.41397029137253],[3.9762196820180424,44.441115482032224],[3.998162987763964,44.45979755586323],[4.037601702020996,44.44572224016011],[4.047796695540712,44.41806858494041],[4.068441217053273,44.40511357294197],[4.052980345425569,44.3786960081517],[4.053413964443739,44.339252388242215],[4.0368642122249785,44.330767432006844],[4.051451662788466,44.31732365711701],[4.0716271173670755,44.327301470845015],[4.126751899132338,44.33773352004587],[4.142867700090412,44.31335085540006],[4.177742579074996,44.317880186655266],[4.186703448446319,44.299689052797774],[4.215253431785848,44.290671875558495],[4.241323541622981,44.270098246787754],[4.25884619798255,44.26478557642796],[4.277460812236595,44.27473441763758],[4.2894083121626245,44.293211983267184],[4.288429093459214,44.314658540974904],[4.321723881147898,44.32398630005241],[4.336073225463424,44.339522743700286],[4.366781304696769,44.339496632938484],[4.386524834610318,44.346613952796865],[4.403209845144098,44.33389735712032],[4.390787503015712,44.30304942711613],[4.398976853249833,44.288946280259694],[4.432780130031507,44.28698938355873],[4.448416311728308,44.29660651655647],[4.4511432681787,44.33458990256618],[4.45762136443186,44.34163465741125],[4.503310494319003,44.339246206238236],[4.54446827908279,44.320768740097236],[4.5569412251008385,44.30414412850996],[4.606815593785338,44.290470941442756],[4.61814481108176,44.278546617366906],[4.638060170291897,44.28296923867679],[4.649223666100485,44.270359865010946],[4.654069363595851,44.25434245648795],[4.674835744164297,44.23855142877028],[4.676647952353196,44.212568030429516],[4.706545407713171,44.21443008164891],[4.705782650078868,44.192789712499234],[4.722074664233516,44.18742154948267],[4.707458356688192,44.10367246401244],[4.730134251131141,44.0790279145671],[4.757852990967429,44.07724513689432],[4.787978024928094,44.06505409747017],[4.789122145192578,44.05219781937887],[4.8376753047986,44.01494231096372],[4.842106431474998,43.98647433852841],[4.8159847814707275,43.98880175042401],[4.815061095574236,43.96762596960125],[4.779022226905269,43.937890875835855],[4.739060856654237,43.92405947349057],[4.723369654284791,43.90595389117946],[4.693327338994554,43.88497348729056],[4.641909591242105,43.86747754714164],[4.666304849946619,43.84477593971714],[4.6424160670333485,43.83143872315902],[4.654752667357286,43.80231435958277],[4.6512411791496495,43.782277934314685],[4.62998556436456,43.76267064663956],[4.613635008064088,43.72981961114202],[4.613036230103559,43.71429404725378],[4.627660521184518,43.69054089775907],[4.5930322483013235,43.687462402972955],[4.58188049548336,43.696373117975405],[4.5369411541005595,43.70751108523803],[4.487236861293796,43.6992377666192],[4.475496620134662,43.67109343801706],[4.4542439312837825,43.66662787515181],[4.427040425527008,43.62067740923795],[4.439746618135546,43.61067366667502],[4.475231595661822,43.60829885495057],[4.450257392496214,43.58355447784505],[4.425539875574249,43.5852225597615],[4.409349673740097,43.5611278006361],[4.353650066858599,43.54739365400947],[4.295851866824911,43.51453493286982],[4.239683975737728,43.499174558069626],[4.230283393392478,43.46018543272639],[4.165622110206285,43.47191333107422],[4.12719685937579,43.48945145875348],[4.116910879157792,43.508975353807415],[4.13888058730906,43.53212392513865],[4.1010416754063925,43.55437094640862],[4.109405863103809,43.568485089709014],[4.098910460898469,43.58523878512484],[4.124013506161594,43.58895024124645],[4.168767208555132,43.609030770419295],[4.19101716179093,43.63923214645544],[4.194485354419471,43.653448436512676],[4.162849158006259,43.68732177934626],[4.163624537724226,43.70657178584523],[4.144780927023585,43.73388653553411],[4.114038963229966,43.73774213316613],[4.085559128122547,43.767493809895264],[4.054004107876562,43.77221337157522],[4.053530448080167,43.78560921749941],[4.002046166191344,43.81146444231582],[3.974348495402355,43.80147398295832],[3.9617205831596944,43.8167773461929],[3.9725832619500827,43.83722722610361],[3.922097434480497,43.85838300161044],[3.919593011194314,43.88129069251848],[3.858311217120308,43.87706482556825],[3.849320972386986,43.86820739246809],[3.8060678269182384,43.87790410064622],[3.799542371073363,43.89081274352567],[3.8290153156909916,43.92451362259504],[3.820307051180645,43.942408448784796],[3.7964825512716502,43.9435656989855],[3.783735333757727,43.96771518482477],[3.743769681529186,43.9666083634669],[3.7321754924092114,43.97201470844574],[3.6823066705348104,43.947443190978206],[3.672466832939281,43.91160371751443],[3.6235886150953553,43.91697856675755],[3.5754482408134063,43.865522240877404],[3.5994166278303736,43.85472891826037],[3.5778543279413246,43.84392003202783],[3.5307009207380955,43.85562471396163],[3.5232801410108805,43.88592559562791],[3.5133433004920533,43.89620522669112],[3.4825869494241135,43.88988383609219],[3.462718642490944,43.87205197750373],[3.431373451816578,43.87257632839371],[3.4393061475282316,43.89791410822335],[3.4244480676686226,43.911598168447306],[3.3583594413044624,43.913832893255005],[3.3515992359998137,43.93803681173031],[3.3781609146564224,43.967548345837926],[3.4054945930695584,43.9702673408017],[3.420487392791084,43.99414155773302],[3.439167690806169,43.99803716044466],[3.449940594755056,44.020259628606446],[3.4323231338542683,44.03257989364055],[3.3670810890076868,44.058216824075586],[3.3407758500745954,44.05682580426664],[3.3289104186209886,44.079029903874805],[3.290256259022499,44.07173186446177],[3.2640453082464216,44.09159000805124],[3.3243979232334686,44.11534226731356],[3.3202909661039373,44.13590273654235],[3.3360602348274,44.15867236265549],[3.373648044830684,44.170755872105644]]]}},{"type":"Feature","properties":{"code":"31","nom":"Haute-Garonne"},"geometry":{"type":"Polygon","coordinates":[[[0.9539831166064948,43.78737246570886],[0.9777987859720318,43.7864397525409],[0.9910444477374416,43.797045697236534],[1.0361954975370666,43.804232715802144],[1.0591319349426427,43.798594472191574],[1.0808172102613443,43.81306583616325],[1.1124096388582891,43.79707276987681],[1.126079238294049,43.80959552989913],[1.1577904338124643,43.81838124698653],[1.1798084884492999,43.7952937589264],[1.2161233635195094,43.791159600168356],[1.2192055591403763,43.7707867235541],[1.2666508924183946,43.78318101448264],[1.2676345847416235,43.79377274514794],[1.311084838455899,43.800602295519234],[1.3600316395881045,43.81720012311376],[1.3572704568738654,43.83369324204132],[1.328030911759578,43.83816349035954],[1.3137064308190725,43.8322272891667],[1.2965943993985685,43.847335316271405],[1.3626018809802545,43.85723006032639],[1.349235626213503,43.871655526938696],[1.374917030255939,43.8843365489393],[1.4086035229055638,43.88264557304525],[1.418934148647794,43.87135534680213],[1.4529636675835562,43.87502936555188],[1.47466252365823,43.90211274166312],[1.4907818788063523,43.888997239785134],[1.5233234997345355,43.90360072658564],[1.53278908620992,43.92135227933209],[1.5556171726831822,43.91831715512138],[1.5466741254835874,43.90227582964282],[1.5604448006284883,43.88193633936389],[1.5595369144011864,43.86612807085979],[1.5725847390862493,43.84880231415562],[1.593170425533653,43.843138372370525],[1.5902324934871344,43.81453310403227],[1.6264959472746285,43.80130658412972],[1.6447876270393125,43.80025749535743],[1.6424989428665737,43.77836778877496],[1.655698865700349,43.76426648219855],[1.6499189090514812,43.75186514404521],[1.7000226658018673,43.725322579061185],[1.7072267665260739,43.71239499211101],[1.6689046629721764,43.70425646859944],[1.663572654706257,43.694057655631546],[1.71671390955716,43.68932470041024],[1.7308693816067124,43.65775037692843],[1.7056013351461534,43.65256600106776],[1.687771093611741,43.63070037401986],[1.7450478782076964,43.603462190630566],[1.7639547679681267,43.603570939255114],[1.7794523688032238,43.586981588268245],[1.8334565523038187,43.57823452761835],[1.8494522810871268,43.56754406011732],[1.850708886716764,43.54928175630703],[1.8804140168444965,43.540315043888405],[1.893376989480592,43.511429254268904],[1.9169530392384777,43.501607534442506],[1.9560763206968899,43.494064073594906],[1.9899972756684245,43.47746968529684],[2.0102344593980876,43.48184918070482],[2.015050754536418,43.5043691931112],[2.037543768971243,43.50685651452312],[2.0482899751352006,43.48572590288188],[2.0181412825331915,43.47035021960434],[2.0138097404810105,43.44990469289765],[2.0291328387973606,43.43689796484212],[2.013251174841698,43.41479228000688],[1.9882982689321873,43.40760727642704],[1.9563832142288617,43.42542487943702],[1.9321973483656796,43.42425346114769],[1.9030825485451017,43.40648077638579],[1.8961151188637693,43.418448380585566],[1.8587429714302222,43.443820891217364],[1.8275744264204186,43.41839399539007],[1.8040846789340412,43.39168480485615],[1.8042058556067164,43.35792861707674],[1.7722726989104796,43.33697670685812],[1.7560895669919805,43.347786239580316],[1.72381890913847,43.32974907649138],[1.7264566850126617,43.31355860790404],[1.7041401191232926,43.302731061004685],[1.7083882204712093,43.29126593638564],[1.6884197209147511,43.27355372810048],[1.674798339388505,43.28121472293003],[1.637330392962705,43.255476822404304],[1.602045022703857,43.265966045322976],[1.5475200495883703,43.27567426925568],[1.5187255867607068,43.26917438445627],[1.517589782341532,43.28942028243403],[1.4962195339449893,43.29276893893769],[1.489433194310029,43.25842220794179],[1.504462615387652,43.24943643931495],[1.5046005088805332,43.22131429070002],[1.4845439726661527,43.226162777288515],[1.4703750181603599,43.21207194480044],[1.4479297220390106,43.2128941335395],[1.417617895565898,43.227838739549625],[1.4253606535844838,43.256571535866705],[1.4114797701413646,43.270269012569514],[1.3497399802929155,43.31601406526464],[1.3239682844769867,43.30940019027638],[1.3180291746094754,43.29589235276595],[1.2925309175036508,43.28836637975412],[1.3083430062252406,43.26452855969102],[1.3306718864082818,43.26256355573771],[1.332370877192311,43.248931806901766],[1.3667896677356772,43.2418101294384],[1.3827658374979088,43.228123061206055],[1.3743734334754012,43.21374576570538],[1.3441516514601857,43.210695251898116],[1.3200644605867593,43.19008881581775],[1.274066147426889,43.19622758930005],[1.243672974766193,43.18955616855956],[1.2139801500053244,43.16243740075925],[1.2189486150323017,43.15316275519517],[1.2743729840086873,43.144383453050935],[1.2914479372138445,43.12411619713413],[1.2808453772316608,43.11141550841685],[1.2600621395015414,43.10918367913112],[1.2615510081488481,43.09151179346513],[1.2236282372389116,43.086062046332636],[1.2087344680123453,43.11795105080988],[1.1749842663258816,43.14097449686551],[1.1623107695613917,43.13229310791629],[1.1321077536262771,43.15194534202816],[1.0898382360674839,43.141811753194446],[1.0597948169991893,43.1407984031395],[1.0388356827344098,43.100552820032235],[1.0185271263876248,43.107387874976396],[0.9909145410998831,43.09277803898931],[1.0052536354583397,43.08066466566629],[0.9856931292491957,43.06291853162641],[0.9867409563385678,43.02750002800353],[1.0162603018777892,43.01021732861986],[1.0013417692542665,43.002384225909054],[0.9791013887263271,42.97443096191435],[0.9124553143730214,42.95939313750352],[0.8749113719387422,42.957775746315285],[0.8853071428027446,42.93602990091024],[0.8735856733231423,42.92679338211308],[0.8446280617921965,42.9259553847581],[0.8261273850230597,42.91428331470268],[0.8429206845448278,42.88857838383233],[0.8598831874145956,42.83829919038498],[0.8583056667230173,42.82571908908446],[0.8014829737147933,42.840482516254525],[0.786497752721584,42.835955365811344],[0.7377189409040268,42.84872835147501],[0.708377779630982,42.86140184526933],[0.6590147498491514,42.838529465460994],[0.6698627393614355,42.82438101654399],[0.6705882589690579,42.80475875717359],[0.6445405045620645,42.78307646581688],[0.6503239309882353,42.76416869986073],[0.6822635276176596,42.70896825363519],[0.6705736143224804,42.68989711626274],[0.607646803436206,42.69905996655662],[0.5868270391623184,42.69500344995768],[0.5296137950834886,42.702684358976896],[0.5185245887513461,42.691876177213395],[0.47774954032737066,42.69999034279792],[0.4845912327562892,42.70987563691782],[0.4550942250736491,42.728060641999555],[0.46339485659012236,42.75961776986063],[0.45587668333542497,42.769893094701686],[0.4631381823278041,42.79013609203236],[0.45645030119577185,42.81819976680441],[0.4773565901163487,42.87824375089618],[0.5324055542379432,42.863293191606644],[0.5598104479575664,42.86131086278569],[0.5759351469518764,42.870825923039746],[0.5865354938150936,42.899764469600925],[0.6060586556910943,42.93436290905924],[0.6419907184981635,42.95287272899541],[0.645536953415737,42.96206456656776],[0.6188348311181961,42.972417013199525],[0.6116327283329046,42.98841659996602],[0.6274179241908862,43.00010287323426],[0.6080473328079602,43.034009064146474],[0.5918253760443509,43.022372936614325],[0.5673867928980146,43.02086035561931],[0.5412081928415171,43.001720551955394],[0.5341218546281855,43.01498318247417],[0.5379303286735891,43.041641647509145],[0.5652571210979821,43.04118358284234],[0.5573359728300217,43.066396922958404],[0.533134473195984,43.08279812294234],[0.5322696523895433,43.093864488407256],[0.46394373544501977,43.117816246348056],[0.4419985587106282,43.13127313187027],[0.4700411050323527,43.15730371100298],[0.4878146424725309,43.16525164014629],[0.515732011440808,43.189611401008044],[0.5173856740584795,43.212372971316064],[0.5518748957180641,43.20914713009289],[0.5738333078065921,43.22033420729316],[0.5511319943370407,43.236236596459726],[0.6183078501522927,43.29035045829162],[0.6357239806030284,43.300074553718005],[0.6068109749570959,43.310885991585494],[0.6456712299650619,43.31206330707761],[0.6693654275735994,43.324708346706295],[0.7175914463388228,43.376630810082574],[0.733730472605264,43.37096706524623],[0.7455585564051908,43.39499187362083],[0.7704216393342749,43.4168097427721],[0.8063000758469085,43.39997470202246],[0.8205416805525511,43.41697502257888],[0.8444010068380974,43.40988373774269],[0.8624052826149649,43.41471351563584],[0.8948859188377402,43.4052792090662],[0.9172511345137194,43.40633268927769],[0.9416846595723644,43.38408549124462],[0.9643403785279276,43.386475780857246],[0.9780837577086212,43.36265170654419],[1.0024979781750354,43.377080651683535],[0.9937847184126083,43.40798472527798],[1.02278785655839,43.41170392033953],[1.0190323220764022,43.43079483892832],[1.0321604609431316,43.440852444747534],[1.0399574087550072,43.46285347872525],[1.0221951427122764,43.479243133371575],[1.0518532839588568,43.48698884399707],[1.0608961902495995,43.5127821423026],[1.0578193301966023,43.52698286709649],[1.0718141320185244,43.546348314375535],[1.0970817946149973,43.533222452089504],[1.1250779695020832,43.55436438795678],[1.1543767194578116,43.55757543303593],[1.1640382379592968,43.57239102182334],[1.199342708925358,43.56918429556797],[1.2013370084855526,43.594812955020146],[1.1809652008406388,43.61400383428095],[1.1581444988078047,43.60561827536576],[1.130581177959073,43.642651776415875],[1.1148256080508376,43.636718418209675],[1.0876957388199562,43.64497503168885],[1.0509823342326547,43.677823838616014],[1.06415307016496,43.70277548531269],[1.006928222163991,43.72890805398772],[0.9688276136449294,43.75915093896533],[0.9539831166064948,43.78737246570886]]]}},{"type":"Feature","properties":{"code":"32","nom":"Gers"},"geometry":{"type":"Polygon","coordinates":[[[0.07604560969926086,43.98314313658291],[0.14096031674824933,43.99467654310261],[0.1379369703469956,43.976883130578564],[0.1634750890689333,43.975927867916795],[0.1667631974496389,43.99683417955631],[0.18957513112649763,44.014641710019696],[0.22470724318893848,44.019168066012675],[0.23519766394983782,44.00847404202415],[0.299563922705621,43.99275637569358],[0.3575675314065643,44.01637987419657],[0.3815242105137543,44.00637522428769],[0.39446331623218994,44.01998446971625],[0.44244991475496404,44.0287619833259],[0.4595156323439905,44.05523744897399],[0.4858132156850541,44.058600121652084],[0.5384274746319986,44.05295246662407],[0.5650779969821476,44.059221404780686],[0.5765096062579593,44.075205934881076],[0.6022274135910171,44.07371011611412],[0.6278895165319084,44.06062754308569],[0.6316490534555541,44.04949866816937],[0.6770868392750434,44.02697200478653],[0.6876624158684242,44.045888241623125],[0.707796417778404,44.05801693922403],[0.7418847912050018,44.06519923501575],[0.759648653180342,44.049474350183324],[0.7640478940656028,44.0296390768852],[0.8273513279716257,44.05525093595275],[0.8578678740058554,44.03490133585646],[0.835544710660537,44.024621299340474],[0.8136473846848539,44.024906180353696],[0.8277030720805598,43.99957154660625],[0.796774360578817,43.97561613750477],[0.7845407712528714,43.9558047755343],[0.7601497122296061,43.945349940213774],[0.7706960292642194,43.92228348891115],[0.8092979458979879,43.9323016655978],[0.840062943234885,43.9163310081733],[0.8635672395335378,43.923563445790464],[0.8898495576086674,43.90333223113469],[0.8834946132400759,43.87525629317644],[0.8994393128667493,43.86469845813272],[0.895421911527158,43.840341795321024],[0.9258616635111263,43.83162570191422],[0.9016078422827867,43.803642278388125],[0.9225087136116431,43.792160090217415],[0.9539831166064948,43.78737246570886],[0.9688276136449294,43.75915093896533],[1.006928222163991,43.72890805398772],[1.06415307016496,43.70277548531269],[1.0509823342326547,43.677823838616014],[1.0876957388199562,43.64497503168885],[1.1148256080508376,43.636718418209675],[1.130581177959073,43.642651776415875],[1.1581444988078047,43.60561827536576],[1.1809652008406388,43.61400383428095],[1.2013370084855526,43.594812955020146],[1.199342708925358,43.56918429556797],[1.1640382379592968,43.57239102182334],[1.1543767194578116,43.55757543303593],[1.1250779695020832,43.55436438795678],[1.0970817946149973,43.533222452089504],[1.0718141320185244,43.546348314375535],[1.0578193301966023,43.52698286709649],[1.0608961902495995,43.5127821423026],[1.0518532839588568,43.48698884399707],[1.0221951427122764,43.479243133371575],[1.0399574087550072,43.46285347872525],[1.0321604609431316,43.440852444747534],[1.0190323220764022,43.43079483892832],[1.02278785655839,43.41170392033953],[0.9937847184126083,43.40798472527798],[1.0024979781750354,43.377080651683535],[0.9780837577086212,43.36265170654419],[0.9643403785279276,43.386475780857246],[0.9416846595723644,43.38408549124462],[0.9172511345137194,43.40633268927769],[0.8948859188377402,43.4052792090662],[0.8624052826149649,43.41471351563584],[0.8444010068380974,43.40988373774269],[0.8205416805525511,43.41697502257888],[0.8063000758469085,43.39997470202246],[0.7704216393342749,43.4168097427721],[0.7455585564051908,43.39499187362083],[0.733730472605264,43.37096706524623],[0.7175914463388228,43.376630810082574],[0.6693654275735994,43.324708346706295],[0.6456712299650619,43.31206330707761],[0.6068109749570959,43.310885991585494],[0.5474473878405767,43.329319731373445],[0.5043244698794473,43.333508245170144],[0.49803381879209657,43.32618057240136],[0.44498008716314374,43.340735933546554],[0.4430328988271061,43.32792703588786],[0.3957284672697182,43.33360258395701],[0.3883410229269578,43.35621468006998],[0.33909513817586934,43.34345707398941],[0.32831696781083425,43.34849301742664],[0.32769435096802535,43.37095370345262],[0.30085675386203575,43.37175476096837],[0.27840649370482956,43.38622497108639],[0.2317041924912655,43.36771211454836],[0.18203121400006392,43.37118267445077],[0.17380494234693045,43.40277225485803],[0.1538629917033123,43.39932405975342],[0.1374594398551805,43.43399175225508],[0.16599704732355133,43.44273636926645],[0.14930802677520033,43.465363039807976],[0.1350017858108604,43.46572396335525],[0.1304678194460616,43.49489917669358],[0.11212423457670333,43.51736991981858],[0.08975008845749399,43.51017249617227],[0.08058083535969605,43.523863090805406],[0.056081443916198466,43.5188072498529],[0.029579566383845242,43.544897297852316],[0.015782134897742738,43.543393230182545],[-0.0019248187812945813,43.56554046143869],[-0.006638780883364193,43.59430394426513],[-0.015780894995830737,43.60465738319822],[-0.07397188111422878,43.60631260105189],[-0.0772195291003595,43.59016567666762],[-0.09678297320877491,43.582405897631695],[-0.12160423721761877,43.58624235445866],[-0.1604496417177948,43.58057113664128],[-0.17292754407472402,43.59364235835892],[-0.20474047168197715,43.583595044006366],[-0.21060677583663345,43.59323717586582],[-0.24283655874306692,43.58497620901365],[-0.2472036903728421,43.615949823145584],[-0.2777099095136678,43.616204272478164],[-0.28211107433706983,43.64307015979027],[-0.243162288337736,43.6545058231693],[-0.23973019201148485,43.67124152201394],[-0.2558984040423508,43.679791305136796],[-0.23910333247309243,43.69394560059394],[-0.2466545863762805,43.71066950060451],[-0.2286074364319675,43.715376271697906],[-0.19414330237233995,43.737016685694684],[-0.20605373558746434,43.7500763289867],[-0.2271397672790903,43.808272976810954],[-0.19246168396068822,43.81017700393666],[-0.19855660923175042,43.86241563374058],[-0.19456201236331316,43.881572646215844],[-0.2344384631811253,43.899006040339785],[-0.200087659676207,43.914834830061565],[-0.17595413172084393,43.936327270993594],[-0.16632109560044633,43.92805052482344],[-0.12468082668137451,43.94434508821349],[-0.07235713337565827,43.946531834485505],[-0.04653101813218577,43.96104391789014],[-0.0361689246680343,43.98374032755233],[0.001446300333196457,43.959885381064026],[0.00420637351659139,43.94342582438924],[-0.01861461418396192,43.9313867432444],[0.030793555000742517,43.9005633671888],[0.05569199596666372,43.8976445612464],[0.07251111881590214,43.91379372164531],[0.07101167271921884,43.93329587806085],[0.05530723606827761,43.957963973072],[0.07604560969926086,43.98314313658291]]]}},{"type":"Feature","properties":{"code":"33","nom":"Gironde"},"geometry":{"type":"Polygon","coordinates":[[[-0.7188015186962935,45.327417794908314],[-0.6443063251392437,45.322045380590644],[-0.5944806728104985,45.32114282458838],[-0.5689666025873613,45.331523297246314],[-0.5706388485277301,45.299823114254885],[-0.5135928628951079,45.286334723467014],[-0.4862106750078733,45.293564321887025],[-0.4405443881756486,45.283811947310674],[-0.41542471256519675,45.269332661912166],[-0.40842823644582854,45.247807627855394],[-0.42076715723359287,45.20853163878696],[-0.4028499593466693,45.19049531934403],[-0.3971235767306027,45.1703375875983],[-0.3797037928837214,45.155347363684704],[-0.36355979846534786,45.17026408300375],[-0.3383605974453927,45.16688438562319],[-0.32063912086288726,45.156166213658715],[-0.2753589385784497,45.14140091335047],[-0.246841022219567,45.108630449000074],[-0.21824686420972253,45.10643197473333],[-0.18919958385014424,45.094461907846785],[-0.15295329411286412,45.08880721589072],[-0.13063644905467223,45.096672426969135],[-0.11493018897120878,45.11390010810251],[-0.0877028308704419,45.121388836286684],[-0.06357364725413155,45.09914913207582],[-0.04020033978963981,45.102384335963414],[-0.003552786965686552,45.11956999344142],[0.04083219110465748,45.115350817593736],[0.06352711067229469,45.09563292386136],[0.07329671773303688,45.07012096510982],[0.035847937705388945,45.01115004721698],[0.04010873279330704,44.99350460562092],[0.019184278571431145,44.98034965777573],[0.0032479456177751075,44.947439781487724],[0.03436214413600705,44.91546925454322],[-0.021935541227067503,44.850692462395095],[0.018664421295006353,44.849628493830664],[0.046921251109006,44.82458068187802],[0.10655870123187683,44.832720431213495],[0.19284351960714802,44.820802554808736],[0.2062908527795184,44.838781587007574],[0.24120144851108916,44.85652879127665],[0.2376501157602628,44.86924207555338],[0.27905937516440416,44.86697670764365],[0.31506665558289004,44.84541323207388],[0.2840562599933618,44.823659365748206],[0.2637263179027021,44.82627665355831],[0.2742254006482923,44.78339312502083],[0.2973255098237856,44.76228467395237],[0.2557380828743981,44.750109827832176],[0.22538308407055824,44.761938628969595],[0.20145524828961092,44.72314903553606],[0.1941659722396007,44.743134942046765],[0.15300384600842007,44.73048103978557],[0.13340494933362354,44.70463342458088],[0.11781564233279757,44.71279600247887],[0.10217651632957546,44.699261620698685],[0.10990756955468833,44.684238793464466],[0.13439127028221218,44.681785671797996],[0.14155522468909407,44.66553015383226],[0.16217020857686018,44.670520278429166],[0.1826776591534784,44.66107212400698],[0.15503121242167628,44.61515967421126],[0.08618477510895356,44.57628609745734],[0.07072066177634428,44.54932864142863],[0.03685067130235277,44.55377569309968],[0.01809835904410432,44.52978491547094],[-0.015453699893016518,44.505062787136026],[-0.00964812423297182,44.458953045356914],[0.007529968364000282,44.44714235059867],[-0.012027062235710009,44.42216048739268],[-0.002882225353325675,44.40546555102971],[0.018233646559888256,44.389878791845064],[0.014724678596450859,44.36661482670666],[-0.012122430998677084,44.371315036223],[-0.02996839148968028,44.36051961592557],[-0.07881922376705748,44.35369515694866],[-0.08575207965012982,44.33761004988665],[-0.059508100967366126,44.32137184585115],[-0.034811250980738076,44.296725798024596],[-0.03298436987139304,44.271725233652084],[-0.05336184991028127,44.265764926478745],[-0.08804999010961528,44.23886102586299],[-0.12013584466981135,44.23674667953463],[-0.14068847985275829,44.226404747689884],[-0.1664311622268672,44.241645770485846],[-0.17860380229840828,44.26119359476371],[-0.2260044378069046,44.26478415652428],[-0.22344709828329407,44.20589826380183],[-0.2721185290366108,44.19380924623558],[-0.31133609242726,44.20327170097005],[-0.38961736206091696,44.20948462715673],[-0.3962403182108504,44.237695224176385],[-0.38338729038705516,44.28631066773658],[-0.404736006733474,44.28738094305708],[-0.43013450581532475,44.304781669300105],[-0.43183954131517804,44.32257705443087],[-0.47887161721109855,44.32489189867455],[-0.5176354697700613,44.33911112646833],[-0.528103107297291,44.364654043262846],[-0.57097020407163,44.38252695965793],[-0.627647611184293,44.39814566253359],[-0.6287774027434528,44.44319224087455],[-0.6760254579024039,44.45733288174258],[-0.6819329255443941,44.444104603018644],[-0.7307029568976173,44.446374662072536],[-0.7724266413748072,44.4400689012159],[-0.7787977956453461,44.429621612205196],[-0.8124255218387905,44.420432411546486],[-0.8433457118512414,44.41817667183869],[-0.9120213474779492,44.43693794653607],[-0.9191704541834174,44.44334436259599],[-0.9695842480121452,44.429379805191715],[-1.0079983966164947,44.43628954261453],[-0.9806969914576482,44.48287893553743],[-0.9911544881491408,44.511849168147315],[-1.0266309572095953,44.5071249515487],[-1.0851664955491247,44.53219457167761],[-1.1064909647292618,44.502772891337074],[-1.2538901028077145,44.4676042123461],[-1.2517315717900113,44.514864026059136],[-1.2586140715490404,44.547134908509065],[-1.227400657614334,44.57575101363341],[-1.2035061581038056,44.62271377486185],[-1.2041641060667378,44.63998931395565],[-1.1915395677551643,44.660726555771724],[-1.1617602687791189,44.66337536905334],[-1.1407652758832603,44.64722441419704],[-1.080794255404563,44.64060270635637],[-1.0660081141503954,44.646890088823476],[-1.0167859243981427,44.64936614924531],[-1.024772192870524,44.67594768817969],[-1.056012096331499,44.707980341287296],[-1.1066690697160937,44.74264984128815],[-1.1172415691037478,44.74399705140438],[-1.165808013375802,44.77527626694913],[-1.1800101830102927,44.758098157761154],[-1.1738129355689804,44.745358451222856],[-1.2205928890641693,44.709423690526556],[-1.2378317329560085,44.680472950808145],[-1.2462033009619466,44.641861781385515],[-1.262052894231634,44.63219970212472],[-1.251726794177239,44.71201817211294],[-1.2245842811118994,44.853825371133354],[-1.2041211009419968,44.989784597043446],[-1.1902342986818488,45.1076052722213],[-1.1623411294779713,45.297866853836986],[-1.1588809392970065,45.35758854145279],[-1.1605511012170588,45.41069085511738],[-1.1510569561631872,45.44160185108563],[-1.157040252187612,45.47037006217617],[-1.13642305844502,45.510996841105246],[-1.100291537957874,45.54164579436281],[-1.0911993078778204,45.56240962499771],[-1.0608731648946181,45.559687159252995],[-1.0399629327796032,45.53624996681034],[-1.0394312457678239,45.51187047075673],[-1.0052560088445266,45.49288102324259],[-0.9741453673216026,45.46337798565173],[-0.9339187159877002,45.44354638799416],[-0.8975412931164795,45.413920961435664],[-0.8380858049594333,45.37799277602822],[-0.803863792011378,45.3483837452359],[-0.7677088201843572,45.289668398897916],[-0.7511045662834447,45.248111104699966],[-0.7415941186185122,45.18951228689129],[-0.6827151048736609,45.07868957712152],[-0.6531808034769909,45.04997165854475],[-0.6085452595854771,45.01540165572232],[-0.5906665446401641,45.041946989301174],[-0.635943850069436,45.074304489771464],[-0.6522025754037655,45.10762754422008],[-0.6677719424227322,45.12666694807424],[-0.6699486553314091,45.16929377695903],[-0.6882053149295403,45.21937742756459],[-0.7037353439558368,45.283639400976455],[-0.7188015186962935,45.327417794908314]]]}},{"type":"Feature","properties":{"code":"34","nom":"Hérault"},"geometry":{"type":"Polygon","coordinates":[[[3.3583594413044624,43.913832893255005],[3.4244480676686226,43.911598168447306],[3.4393061475282316,43.89791410822335],[3.431373451816578,43.87257632839371],[3.462718642490944,43.87205197750373],[3.4825869494241135,43.88988383609219],[3.5133433004920533,43.89620522669112],[3.5232801410108805,43.88592559562791],[3.5307009207380955,43.85562471396163],[3.5778543279413246,43.84392003202783],[3.5994166278303736,43.85472891826037],[3.5754482408134063,43.865522240877404],[3.6235886150953553,43.91697856675755],[3.672466832939281,43.91160371751443],[3.6823066705348104,43.947443190978206],[3.7321754924092114,43.97201470844574],[3.743769681529186,43.9666083634669],[3.783735333757727,43.96771518482477],[3.7964825512716502,43.9435656989855],[3.820307051180645,43.942408448784796],[3.8290153156909916,43.92451362259504],[3.799542371073363,43.89081274352567],[3.8060678269182384,43.87790410064622],[3.849320972386986,43.86820739246809],[3.858311217120308,43.87706482556825],[3.919593011194314,43.88129069251848],[3.922097434480497,43.85838300161044],[3.9725832619500827,43.83722722610361],[3.9617205831596944,43.8167773461929],[3.974348495402355,43.80147398295832],[4.002046166191344,43.81146444231582],[4.053530448080167,43.78560921749941],[4.054004107876562,43.77221337157522],[4.085559128122547,43.767493809895264],[4.114038963229966,43.73774213316613],[4.144780927023585,43.73388653553411],[4.163624537724226,43.70657178584523],[4.162849158006259,43.68732177934626],[4.194485354419471,43.653448436512676],[4.19101716179093,43.63923214645544],[4.168767208555132,43.609030770419295],[4.124013506161594,43.58895024124645],[4.098910460898469,43.58523878512484],[4.109405863103809,43.568485089709014],[4.1010416754063925,43.55437094640862],[4.056139135742867,43.55754349700192],[4.011185334395634,43.552446652511314],[3.9685779965496257,43.54002202677775],[3.9071342421308484,43.51684377775197],[3.85119536986901,43.486462477159925],[3.796663802013001,43.44103590991042],[3.724916367109535,43.41579045126172],[3.725633295848447,43.40119286766748],[3.692847761038597,43.39286075111627],[3.66215922818193,43.392279064377114],[3.6026190412473764,43.35542655651462],[3.5582388767895456,43.31887037271225],[3.509760183543765,43.27194467481957],[3.467228588445924,43.276787686264214],[3.4303316940306616,43.29020953643601],[3.3869064784452894,43.28413968534662],[3.343863387032852,43.27039600610152],[3.263447246832585,43.228865527136406],[3.24056113717041,43.21280863308409],[3.2103050300757787,43.235638559541265],[3.2010265503923754,43.249167148053665],[3.175401641785767,43.24369767269661],[3.1472079664155532,43.24700506844497],[3.1220006410048176,43.26158196380372],[3.110944425233587,43.253471060898335],[3.0783431423637917,43.261829334517095],[3.0548510434943674,43.27971779305137],[3.005861156020884,43.28492197900128],[3.004349268167806,43.3201311415976],[2.9469414010608523,43.31208498526138],[2.8867026665888473,43.32989534646164],[2.890171804390596,43.36535216139457],[2.872040834033522,43.373176887725414],[2.868317493236679,43.32958665849561],[2.8385539311891925,43.32211574816248],[2.79178868739065,43.293015551205826],[2.7869223712743656,43.273512651125344],[2.772248225673249,43.25778564580618],[2.7525204916724526,43.254593867354295],[2.737891172803547,43.26734188065557],[2.7002195943205365,43.28232047565704],[2.7068228959310465,43.293727070528135],[2.6935895397617924,43.32048879782006],[2.6587668022165167,43.29400885554122],[2.6016030790296316,43.29870698639686],[2.5847987373211803,43.333574828863085],[2.547404327067849,43.33874150409467],[2.55675033079638,43.3671181357703],[2.5532224612518877,43.381578705629835],[2.569215560940852,43.40030210238747],[2.593459760332987,43.4125861022952],[2.5657873980365586,43.42295974410401],[2.6083131770094083,43.433261066263796],[2.6404157795956293,43.456170094886865],[2.665159813486489,43.46562405590211],[2.6549053505045195,43.496865365205636],[2.6556293418118515,43.526612299085116],[2.615607192520078,43.56663335506618],[2.630666452845948,43.581990495056836],[2.614324097727256,43.59922725257067],[2.6286278265574405,43.610128390915975],[2.6446987288829193,43.65454190899258],[2.7202035511311102,43.645368462055636],[2.754523557193863,43.61413878643581],[2.7948588118902697,43.62443489640862],[2.8159272603949876,43.64006590950408],[2.9073523053079366,43.65422802689393],[2.9197089782492416,43.662246071066406],[2.9190783288815148,43.68754825993107],[2.9354629666803715,43.69466778518887],[2.9465514600279064,43.6929371414868],[2.9848044810902232,43.708885107652996],[3.0334575248710003,43.69205430194576],[3.0601699178851627,43.69294263093098],[3.0681377277946873,43.70869387475869],[3.053457816225651,43.71617068001798],[3.0530638218978536,43.74618963728415],[3.0758829435264556,43.768519616825884],[3.0570597724827286,43.782641043208976],[3.049402198661958,43.80382793190341],[3.0602924932316915,43.80942874668814],[3.0598559764719786,43.8316473799454],[3.089161041674374,43.83475002166805],[3.129188579676226,43.81693696893768],[3.209694860701851,43.8129603323146],[3.2490369949799924,43.82957970414178],[3.251093231989111,43.84207470180914],[3.2344586173849077,43.85756325069015],[3.275074750407491,43.898352311519034],[3.3179342390620543,43.890982402561455],[3.3583594413044624,43.913832893255005]]]}},{"type":"Feature","properties":{"code":"35","nom":"Ille-et-Vilaine"},"geometry":{"type":"MultiPolygon","coordinates":[[[[-2.1237080247752895,48.6044100285603],[-2.141418514151318,48.63150826238565],[-2.1110187885946092,48.639371270835035],[-2.0731195987308073,48.639848527788644],[-2.0550968709795594,48.62731181103318],[-2.030265589793804,48.623037585858],[-2.0335527005150444,48.60945056178775],[-2.0135087146521657,48.58752054847777],[-2.006894935706843,48.56611290198358],[-2.0462129661682633,48.54401486364402],[-2.044804968300762,48.56420276394202],[-2.0924894843076234,48.572462492473],[-2.1233140883470694,48.58901274793282],[-2.1237080247752895,48.6044100285603]]],[[[-1.9480369010443914,48.53880790488251],[-1.9611498133853817,48.55028465234394],[-1.9919510225165333,48.59410622069773],[-2.0087091801575645,48.60763335351246],[-2.025977992976761,48.634440306350065],[-2.0259623321650078,48.651529854005666],[-1.9952407599257496,48.66014163675909],[-1.9698282134951834,48.686323125327455],[-1.938080197743341,48.69445682698749],[-1.9058385211153706,48.69048099448555],[-1.8905012399508623,48.69894290465139],[-1.8485728474073226,48.69470909677442],[-1.8364331812622583,48.68121682888067],[-1.862720260590434,48.66727765633872],[-1.8716564802790996,48.64741056211108],[-1.8450734275301934,48.61636825056999],[-1.7739813304009915,48.60347255264488],[-1.6611080846074195,48.61074343781696],[-1.571087121326364,48.62644574305228],[-1.5395886706131567,48.59990995187043],[-1.5429924815935763,48.580444133540496],[-1.5189153941473403,48.56659421958314],[-1.5332845735947223,48.548008242217605],[-1.5195667662578034,48.54001612578908],[-1.4956341385339116,48.508901592854826],[-1.4899474351423645,48.4893748476061],[-1.4492619036481307,48.48610480553381],[-1.4291375679083818,48.46255700303843],[-1.3825547062366061,48.4568090552251],[-1.3446860862323986,48.47306856926301],[-1.3286586444430455,48.49624141596003],[-1.2792064911793741,48.50916990134831],[-1.2722484935647256,48.533924823055],[-1.206555726308375,48.54220594454138],[-1.1883677623098592,48.52868744833374],[-1.1709940931325373,48.53107346572728],[-1.1470794109416749,48.517497772579],[-1.1305430914657242,48.52170438546665],[-1.0701645143702043,48.50849381419032],[-1.0757201292558587,48.499394433638884],[-1.06581502082362,48.4511898364817],[-1.0830222073820854,48.43355484623164],[-1.0771281225801501,48.41169597169672],[-1.0539346752839132,48.383988802654805],[-1.0646345421184056,48.36828025341763],[-1.0450195299623026,48.327727830000974],[-1.0820973324543777,48.298390519589205],[-1.1015118599620337,48.26179752391566],[-1.0736642370047438,48.20075616092018],[-1.0796054903163383,48.18347699576321],[-1.0602909002161003,48.150112461248],[-1.04960608939875,48.08980493060165],[-1.023283345569893,48.06891120315209],[-1.0346655165784813,48.03361464779431],[-1.018202579829028,48.012309356573546],[-1.0212610284765602,47.99494016247969],[-1.0709701077191276,47.98180281363006],[-1.1026711686637318,47.98906278289821],[-1.1260769059410864,47.97331126695682],[-1.1539806565642339,47.96582146885006],[-1.1595139860083212,47.939220868111676],[-1.176229425978116,47.89739680946678],[-1.1966267612194066,47.88926967278471],[-1.1892286738461781,47.8675257247478],[-1.2139598200974668,47.84431487401968],[-1.2160077396105768,47.83115457607098],[-1.2382517343256678,47.80999146297073],[-1.2458823462890538,47.776717547680406],[-1.318489521021141,47.79233158240722],[-1.360603817710753,47.798432206803135],[-1.3904279688415837,47.828280801153184],[-1.4178432025307772,47.82748441208516],[-1.4651862054088018,47.83460451273148],[-1.475255403833222,47.82540410017005],[-1.4666150070573418,47.8074975400483],[-1.5042371318422498,47.8009448646891],[-1.5280651896409132,47.78584499709324],[-1.5934074072820492,47.77605009178189],[-1.6163557701095264,47.76415676086167],[-1.635569613301689,47.74266025266195],[-1.6381801885560439,47.72231564110314],[-1.6556020388557997,47.71053299603197],[-1.6911255411567772,47.71282712864092],[-1.7236704751667482,47.698676218818825],[-1.752032319383817,47.70741764750666],[-1.7724163023563184,47.69845339608558],[-1.8225344895568474,47.70628736859361],[-1.8640133393104241,47.7069846705491],[-1.9363047156903395,47.68664646647229],[-1.9546408028570217,47.67170187943092],[-1.9690539759076384,47.688369032568346],[-2.0093556937669623,47.67137826011831],[-2.0357262501792506,47.668539150280836],[-2.050619855103944,47.65113784113771],[-2.0747365598102796,47.65166099544987],[-2.097035597340287,47.63135984401428],[-2.1143465125517733,47.64948078140733],[-2.104362517130758,47.67679662818726],[-2.1226631940444274,47.68266972251208],[-2.1193410051181774,47.71063202277528],[-2.131472084919135,47.72224026215694],[-2.108708446187951,47.736577355949336],[-2.05870429699438,47.73825600134232],[-2.0847208937394774,47.76271449098266],[-2.1281864076334727,47.76137577244934],[-2.072263910083875,47.79043840708027],[-2.07046358794415,47.81140390317735],[-2.0495260703928677,47.816917397929046],[-2.035760594626103,47.83230046155979],[-2.0516011501156974,47.84056453938214],[-2.05159236139944,47.858773023325405],[-2.0912481690997526,47.8434473982296],[-2.0963111903663836,47.862554271425815],[-2.1162985684590643,47.88095628988424],[-2.104913226347623,47.90237571011746],[-2.0847410993122524,47.90544356892739],[-2.079088544973962,47.91952249839454],[-2.098673563613805,47.93553710123405],[-2.1112032705184025,47.959278246467555],[-2.143950368919052,47.983469165776214],[-2.174134646718617,47.97976235737829],[-2.2048365524509523,47.99406221955531],[-2.2328964298568574,47.998867256915695],[-2.282925404888046,47.99091881499263],[-2.2795950136703538,48.02636073132026],[-2.2418711140864542,48.05284164383506],[-2.193720023024239,48.05137966801874],[-2.1703797438923407,48.06358155989515],[-2.1873980178837424,48.08098581530162],[-2.2332446439270166,48.07562787634504],[-2.255362117704863,48.065686457906594],[-2.255541810894401,48.10943651832076],[-2.287278430400511,48.133745563458476],[-2.2832479885362944,48.14529870453187],[-2.248230377893739,48.15279776234215],[-2.2247373292770836,48.17059701877417],[-2.219796763889133,48.20213436033515],[-2.1843775145100226,48.213137604790425],[-2.1869612472272957,48.24637857003084],[-2.162901712976404,48.25626974900393],[-2.126853803195948,48.25976994927449],[-2.110118931164646,48.2529034820783],[-2.0762583662242795,48.28371148397488],[-2.0532925486538485,48.29832786130155],[-2.014100529199395,48.27953190980406],[-1.998266241844134,48.296980554393514],[-1.9548327221541828,48.317109845291775],[-1.9668973217216907,48.3428189820063],[-1.9290791323813683,48.34704210576775],[-1.947720243456438,48.36894464609711],[-1.9384653904593245,48.391389339464936],[-1.9367895889503266,48.420070240063225],[-1.9519092329646253,48.42918354147581],[-1.9486347678108729,48.446456041738884],[-1.923895933613775,48.460907740617046],[-1.9268720731463556,48.47686450947533],[-1.9110132247187712,48.51741534739239],[-1.9251126755890333,48.54530394613221],[-1.9480369010443914,48.53880790488251]]]]}},{"type":"Feature","properties":{"code":"36","nom":"Indre"},"geometry":{"type":"Polygon","coordinates":[[[1.32666554504539,47.186225424714024],[1.4014266290701616,47.21244937239578],[1.4241047321761513,47.22954437481808],[1.4484622479605171,47.23796792120677],[1.4815998938388473,47.239163055882926],[1.5245337678448851,47.22597700817113],[1.539459756494749,47.25652806281719],[1.566277084478891,47.261616837192406],[1.59104001493485,47.25746333923802],[1.5924281213159723,47.27667661628705],[1.6504371377870972,47.27317015052999],[1.6659002787349648,47.25778142355442],[1.7058305011298698,47.26587806828036],[1.715953376298902,47.276776997807374],[1.7397902842883757,47.2549073525034],[1.77611073651641,47.23138256399343],[1.8088371356765827,47.23387535753442],[1.8390792420529518,47.219308157716554],[1.8422371270362656,47.17758044921177],[1.8234729723307537,47.173942852701636],[1.8100544192382355,47.15615809030652],[1.7776202085696244,47.13240064713366],[1.793670861418607,47.12090886272082],[1.8226530300255424,47.122071863013495],[1.8488587784887625,47.10936986097168],[1.882721849834433,47.1019495456428],[1.9184124209566409,47.10482799182933],[1.9664139793909294,47.12541751372791],[1.9966600854821617,47.12699833408193],[2.024534600265164,47.104448294258844],[2.0483747223375235,47.10602450452247],[2.05567516887427,47.07168995789588],[2.0297138722809316,47.04747052812152],[2.0933838995940373,47.01573583572996],[2.1088559092730397,46.99719111950124],[2.0702028641356307,46.95442291025531],[2.0706986163554206,46.93399643786306],[2.109999619994995,46.91338987501182],[2.1460169903433157,46.91750721360478],[2.154834385411464,46.91162948370054],[2.1390397070573326,46.888569836472456],[2.106948767251103,46.87213575040175],[2.0782472483795438,46.83892644966574],[2.048810332345124,46.82944826814363],[2.072503508712849,46.808814332303335],[2.1032165162358063,46.79543413838327],[2.116649522348319,46.779717208437596],[2.0929846391107216,46.75496838536534],[2.065751312591214,46.742494802064904],[2.111303456191762,46.71160114289773],[2.1554479927780568,46.69216020128774],[2.138670574914567,46.66743461292721],[2.1894467123408132,46.64214127258008],[2.187486147291389,46.61672498199302],[2.1671454437331246,46.588979151612705],[2.1732125948301104,46.56618677203497],[2.158700190947214,46.557346281682186],[2.1810826759773936,46.52903506403956],[2.2043972607989812,46.48439997524806],[2.193160461276067,46.47025540007179],[2.1565419224007676,46.46152623851912],[2.154348029342259,46.43408051549606],[2.1677857181383846,46.42406650081809],[2.129684686571857,46.41986520092511],[2.088941803334241,46.40890318674806],[2.074201476301987,46.41984302086565],[2.044395406151348,46.42134446075375],[1.9930823669027022,46.43091738935582],[1.978108199916569,46.439771706882276],[1.9243082864873586,46.431902226728816],[1.909176472236739,46.44350179050311],[1.883436954441824,46.43255455176469],[1.8195004176655625,46.430038338950894],[1.7983765894227512,46.45481762095847],[1.747590198721343,46.45002145600438],[1.7601258090399783,46.42758992898391],[1.7277004157566196,46.38940888777561],[1.710900805328006,46.39205717074327],[1.6836025202595086,46.41817777856285],[1.6448464161558112,46.38681584908517],[1.6143011395442397,46.405298584782024],[1.5696928311710425,46.4054957864533],[1.5462010463391824,46.39346394164149],[1.543962708576285,46.416887448744504],[1.5223068332769556,46.42652499450049],[1.462936752493747,46.375350693466984],[1.4353808001913293,46.363844088424806],[1.4151905101137505,46.34721849587296],[1.4090311642821585,46.3613359928752],[1.3835265726019255,46.374757364316125],[1.3560228953092233,46.40012317441316],[1.3223399070687456,46.38965357258241],[1.3030567860553472,46.37099465262579],[1.2604032451287535,46.37878248650986],[1.2191909673622259,46.36592410433378],[1.2047624195766258,46.387692968021526],[1.1772799568053671,46.38395162215293],[1.2109861172875847,46.42936675668184],[1.1516045347766355,46.449236175811976],[1.152977857618218,46.47295586110232],[1.1349676142912506,46.495261976149834],[1.1491434460646581,46.50220256803704],[1.1082908975477561,46.53150940181887],[1.08759324171297,46.538172760099805],[1.0206069888359919,46.53709643301311],[1.0147644249831798,46.56776399882199],[0.987237034592862,46.56556286906366],[0.9408377357519268,46.581410311122475],[0.9158653080538118,46.59663148752451],[0.8943018154002151,46.62573665182289],[0.9065157405117292,46.64774942034653],[0.9084421594440936,46.6826701222059],[0.9279553620387494,46.69539122809664],[0.9010383725080395,46.73609229312116],[0.8674688807081561,46.74821910504847],[0.884637875531021,46.75486872319864],[0.9252287975177681,46.757176324942904],[0.9469595959139807,46.73670637149566],[0.9590385851297228,46.73775035471489],[0.9833806433152704,46.76418354026803],[1.011690169362143,46.75780474174544],[0.987243902482599,46.79818923636699],[1.0032488288235037,46.81410411812478],[1.022251434317954,46.86391503191526],[1.0338011309915904,46.90747018486123],[1.0380284215747493,46.9420186917126],[1.0635443101027082,46.95731046262916],[1.0498776400419192,46.98064041873546],[1.0736483557273722,47.00265445404348],[1.0840420847936154,47.021019619722956],[1.1102641592923617,47.02923293261394],[1.1321442636157986,47.02762569675012],[1.1818533493699115,47.04081998846271],[1.1955887210148548,47.02953520853475],[1.253119794649933,47.021765630239194],[1.2776118302465334,47.04039666478023],[1.2937693555688192,47.07225420538248],[1.3121550924937646,47.0718848367818],[1.3188363969257677,47.104914121347655],[1.355725988719157,47.10878543596063],[1.3653609997076237,47.12205127770916],[1.3467111123061792,47.168764854539475],[1.32666554504539,47.186225424714024]]]}},{"type":"Feature","properties":{"code":"37","nom":"Indre-et-Loire"},"geometry":{"type":"Polygon","coordinates":[[[0.6144311990931555,47.69421364605317],[0.6313085686496198,47.709099413081624],[0.6747744974506991,47.699004075610326],[0.701006484813832,47.68458422067955],[0.7386942552766614,47.696124610338615],[0.7689302951021508,47.68497280116767],[0.8349728165936311,47.67716533256789],[0.8595037193186879,47.669207269893576],[0.8436538464911009,47.645477850792176],[0.8638905035844368,47.59963034358335],[0.8989296726576519,47.60470549484694],[0.9190111731399363,47.63260906008665],[0.9917892369385366,47.62002605530995],[0.9867433094857044,47.59068498133699],[1.0037237984188345,47.58435868340903],[1.0147853330259788,47.60470741380823],[1.0333525357335172,47.60701157045949],[1.0763363652479012,47.563221554317444],[1.0464291767245975,47.536720528819714],[1.0739220708330763,47.51210138412339],[1.0945042162450278,47.469318385564065],[1.1128833087567993,47.46591695745825],[1.1333660737875422,47.44894991839347],[1.1144031703140151,47.42842030526633],[1.093707046251301,47.42905551300356],[1.1215488811681436,47.382432672337416],[1.1043501548322552,47.370150192490236],[1.1228695110868157,47.35644850071685],[1.106312735447246,47.331083370539545],[1.0948532977686622,47.3285366431566],[1.1079035040639091,47.29948400233637],[1.127510095723219,47.29676734084024],[1.1623243677400883,47.272335282824905],[1.1732084801290505,47.285312153710144],[1.194077711170585,47.282955427790995],[1.2233351560525534,47.29417679425747],[1.2433106673289427,47.2738511703364],[1.2753776194772806,47.25665618088809],[1.2945860121083586,47.23735505703783],[1.32666554504539,47.186225424714024],[1.3467111123061792,47.168764854539475],[1.3653609997076237,47.12205127770916],[1.355725988719157,47.10878543596063],[1.3188363969257677,47.104914121347655],[1.3121550924937646,47.0718848367818],[1.2937693555688192,47.07225420538248],[1.2776118302465334,47.04039666478023],[1.253119794649933,47.021765630239194],[1.1955887210148548,47.02953520853475],[1.1818533493699115,47.04081998846271],[1.1321442636157986,47.02762569675012],[1.1102641592923617,47.02923293261394],[1.0840420847936154,47.021019619722956],[1.0736483557273722,47.00265445404348],[1.0498776400419192,46.98064041873546],[1.0635443101027082,46.95731046262916],[1.0380284215747493,46.9420186917126],[1.0338011309915904,46.90747018486123],[1.022251434317954,46.86391503191526],[1.0032488288235037,46.81410411812478],[0.987243902482599,46.79818923636699],[1.011690169362143,46.75780474174544],[0.9833806433152704,46.76418354026803],[0.9590385851297228,46.73775035471489],[0.9469595959139807,46.73670637149566],[0.9252287975177681,46.757176324942904],[0.884637875531021,46.75486872319864],[0.8674688807081561,46.74821910504847],[0.8279817587178017,46.776816236170745],[0.8119017840639386,46.79450796471714],[0.8093213661875756,46.827858093390724],[0.7521109761823577,46.86086544125436],[0.704324392050786,46.903293353155846],[0.7062532556123257,46.937154623849935],[0.692569282364634,46.97430706301784],[0.6362054885332586,46.985451805972254],[0.6188741963763473,47.00746096968646],[0.5669489614197056,47.00227037444166],[0.5783449036180749,46.97981081817415],[0.6011756847806528,46.97309082433285],[0.6015594112278456,46.95910993478791],[0.5644222278144092,46.95552996701939],[0.5392917082788095,46.960220880583776],[0.5027297280171042,46.9579123909043],[0.44480383249233546,46.94114889283753],[0.4387096602536596,46.929582071059045],[0.3665152631758488,46.94955720761298],[0.3248406111614126,46.93065213256517],[0.31122704760535835,46.93783959199593],[0.30073625724988334,46.97382765864781],[0.3081773026194614,46.99988348323911],[0.2986715021217093,47.01959741824875],[0.3093302509672645,47.04413338267026],[0.29823142261819696,47.05391872520871],[0.2718544387898612,47.04638904119169],[0.2455423301785185,47.07128604001384],[0.20800102904621295,47.05323202361692],[0.1742206159576792,47.07127519606643],[0.20095302486598468,47.09125887635545],[0.18146114771856547,47.11438824881292],[0.15685150997252176,47.103344382080465],[0.1347219236888625,47.1078700305567],[0.13613090268194533,47.121580554147506],[0.07637120084195233,47.12393194888823],[0.05382761471070587,47.16373008265526],[0.06659419807362671,47.18979325990068],[0.0532775371077964,47.19718486964462],[0.07249546123856535,47.22050992119078],[0.06792548837999822,47.2473308040697],[0.0785963884113725,47.28394130124859],[0.11746224213975613,47.33234274537884],[0.14729836062565832,47.34537579230401],[0.14939629089256964,47.36226337889678],[0.18295674766364445,47.38033212018486],[0.16799336737564852,47.3869314962575],[0.1676400513828326,47.405415942568375],[0.18528045906678275,47.42473344937359],[0.1812364735767597,47.4526491231434],[0.20921732522172254,47.49365838444261],[0.22010925240137172,47.50195329711621],[0.22484312443395177,47.52727704290141],[0.20150359657525238,47.544318760659884],[0.2150171714816557,47.57064544903573],[0.23453424561335756,47.577982037960055],[0.2300017263531844,47.60839829191704],[0.2592506238809073,47.61225007215638],[0.27798986367452727,47.59737754800952],[0.32305499229698215,47.59299821090531],[0.3395858922127171,47.579470515833165],[0.37848363992659617,47.568525933307754],[0.4025770030261876,47.57851243241093],[0.39696475621012467,47.59398591871484],[0.36465541592168343,47.62601597769362],[0.396250654091774,47.640846063055804],[0.4239064036884163,47.61782807903746],[0.449927725905683,47.619326961976206],[0.45663070361835445,47.63882641156769],[0.49841790772099426,47.644762985249095],[0.5168171483414108,47.6548633763592],[0.5446201655241357,47.656594675363216],[0.5599236683507411,47.67081925112141],[0.5847693599955615,47.66857981952678],[0.6148109083098767,47.682749216116356],[0.6144311990931555,47.69421364605317]]]}},{"type":"Feature","properties":{"code":"38","nom":"Isère"},"geometry":{"type":"Polygon","coordinates":[[[5.623748035268078,45.61326832676418],[5.623027366443004,45.60428439343032],[5.675167496407929,45.552447358553074],[5.671709636036369,45.53657315102359],[5.690155380407807,45.52805094541753],[5.71223316468065,45.505057950484435],[5.719054346580329,45.48422397831694],[5.73637233564262,45.47254042424704],[5.731970000928497,45.45281667211181],[5.740104011811925,45.43734623286918],[5.782081150720109,45.44065533936711],[5.820296539907869,45.421184335243574],[5.854272829475331,45.41656686156957],[5.8797384015593375,45.406796712103805],[5.891004502554541,45.39221582440636],[5.909619159426924,45.3904002917266],[5.901623412018766,45.41803604702067],[5.9205757281996165,45.446107810736585],[5.92551858695235,45.46607303539041],[5.915370443544101,45.47644734987887],[5.966169653050879,45.49230872138139],[5.991189721035916,45.47515424577151],[6.010911085643492,45.4732028948577],[6.008517618674313,45.45384805163827],[6.049753851710852,45.43791952965108],[6.090976636521003,45.444017712369956],[6.097443053810049,45.43210624582376],[6.13250773126349,45.43338472055341],[6.144660957447894,45.41359714609229],[6.177450938299202,45.39316148783122],[6.194758976954228,45.35224190534863],[6.1844503207792245,45.31794850760671],[6.160203556675586,45.31249020082116],[6.131944929909637,45.288287215984546],[6.140875621531491,45.261921460435985],[6.125696481423486,45.244270268835855],[6.159477588169717,45.202453059383735],[6.161919245441667,45.188407230805964],[6.143789597164076,45.15455037021851],[6.16131722681015,45.151009138334466],[6.189207693158913,45.163732283277994],[6.227710427654607,45.142718202360385],[6.248933790379999,45.14966269770901],[6.265373167502132,45.139612058658614],[6.260566197557925,45.12684791386632],[6.229388123209472,45.108750055807405],[6.243017832342709,45.06906387836911],[6.2200801563699395,45.06536793621533],[6.203927022398643,45.012469165084845],[6.251755823777455,44.99669933009644],[6.300180534522452,45.00397824625707],[6.321848392012048,45.000080059582814],[6.3148150406516885,44.98018487183722],[6.3285028218875325,44.969718924476524],[6.3289997583261135,44.94731911410858],[6.3588400606704845,44.941284471463],[6.354621853701313,44.92359576979837],[6.358440638759468,44.89205674340702],[6.350781709377172,44.88120395797154],[6.354685212537601,44.85597093285778],[6.336319027358193,44.84836943493937],[6.300679811301804,44.87347754001874],[6.269405725021001,44.87047437006196],[6.25054409332542,44.85265497741959],[6.196382213093447,44.85897725265292],[6.1707886083957675,44.85422409321522],[6.128361780211359,44.86189793671716],[6.111944264637026,44.844104598030206],[6.056880845755912,44.81648809334095],[6.030210546238997,44.838096097754196],[6.004863991929379,44.82044164675532],[5.979181680039922,44.81858485233257],[5.94951924784745,44.80453012289717],[5.977781702799108,44.79098097178422],[5.9801466158902254,44.78117807160656],[5.92220546362268,44.75408063667132],[5.900145988864039,44.75831810886521],[5.888833543818295,44.74880281266777],[5.846789359515513,44.75162114202083],[5.82777670542201,44.7400904212036],[5.801469996094522,44.706778512869995],[5.757110126926433,44.6960374105235],[5.7387858126735685,44.712419126045255],[5.708698705355806,44.720924547440156],[5.647101681531142,44.724098953876464],[5.627084872571889,44.75246442874924],[5.583886354820008,44.76534387074039],[5.582046117791262,44.777862736908396],[5.538609682625281,44.77435333052135],[5.4641587549688655,44.79242749679306],[5.484766003910795,44.82306199061912],[5.463794835880649,44.82597088831498],[5.475071217930305,44.86759688581832],[5.483647138020397,44.92229059824822],[5.477674326344703,44.96675249985711],[5.493108370230375,44.99650387405212],[5.480457675487145,45.013866206651436],[5.466222808609953,45.05369264423919],[5.482962641076428,45.083813985829416],[5.4594242070232415,45.084354048653296],[5.449788835244156,45.070783659173316],[5.388382939418146,45.03613916354605],[5.3438842908647155,45.04990301119417],[5.317097625615876,45.05144543143657],[5.300641951274725,45.06258684321087],[5.248350471901153,45.06093433768146],[5.226123302713108,45.07917959620953],[5.1833365351237415,45.08488121016097],[5.171188406008603,45.06901345142979],[5.148624024939402,45.07523359417633],[5.162894297608516,45.0984305870661],[5.187438130822191,45.12083055585071],[5.188573507748233,45.171268538792575],[5.165271150444932,45.1998716765054],[5.184576231954122,45.231193647083316],[5.176540876984406,45.2484020449113],[5.121425532367965,45.24833591809063],[5.138525456127068,45.29621886821675],[5.075414977696186,45.28182474686916],[5.054318727576239,45.319054679747346],[5.019860000114205,45.32012334781686],[5.00965209426827,45.34223102677266],[4.989191483458711,45.34404664083611],[4.960882968689533,45.329431946438525],[4.927837287858217,45.322467078582974],[4.879709663152382,45.2969314761542],[4.858798773300606,45.30895383074844],[4.800493926884063,45.298360661142944],[4.769929030711337,45.316015123688956],[4.761388480871705,45.34063001021366],[4.772556757363274,45.35486449672088],[4.755996992712002,45.36567226076598],[4.755804203494391,45.39641527650575],[4.744760477737733,45.42132931211987],[4.758664794548146,45.43109160083594],[4.756935570818616,45.45570734978024],[4.775917949204341,45.45421052340817],[4.782279555986659,45.47220452723034],[4.8412638959614664,45.50060628572331],[4.868481734036511,45.5234402120416],[4.864438371893341,45.5373424891419],[4.840117013694024,45.543291913290595],[4.808696981728118,45.5723005698916],[4.828114865183135,45.58789311790868],[4.85277784466551,45.57887851405256],[4.864457684448963,45.59360146128447],[4.901457719834113,45.606267804658444],[4.927527809638902,45.605706962994894],[4.9719731415095545,45.61268302966118],[4.997963145407583,45.60341491364353],[5.0047455923475,45.62311113752578],[5.038083762231331,45.61507172104689],[5.035148740524161,45.63720294798379],[5.058062092364437,45.65324362294234],[5.059543480830934,45.66509793238911],[5.1081318769103605,45.68802493937274],[5.131061214476138,45.7077086126494],[5.159431081299061,45.7088530167123],[5.126011929215237,45.73790916787724],[5.094526879742294,45.739453359509234],[5.093091174921406,45.766089791057205],[5.068368951685849,45.765473881827624],[5.059330594890989,45.79197852353507],[5.089312645190639,45.784275022180616],[5.101067478338776,45.81337808264365],[5.1603687442585455,45.80231368825673],[5.176892976082814,45.7934833284559],[5.191532760208242,45.771688000938774],[5.221074288749879,45.76845271626348],[5.266894883868229,45.78936901099017],[5.288915017040864,45.81112188995001],[5.302019342914551,45.84764710800802],[5.329298728282268,45.86357404303832],[5.351020842949957,45.883709517437694],[5.413134793996487,45.85221987973304],[5.434944676804955,45.831093776494285],[5.422469140800665,45.80730767616671],[5.457406410775327,45.78099315590627],[5.482525465260449,45.754586398783026],[5.516232131684801,45.73225264077732],[5.52567323556446,45.71672537840989],[5.5455415978088505,45.71359345746488],[5.5757522584808825,45.69178828956468],[5.552743866622332,45.67988793690172],[5.586411372003499,45.66707375970352],[5.602655500360425,45.651527036877965],[5.623748035268078,45.61326832676418]]]}},{"type":"Feature","properties":{"code":"39","nom":"Jura"},"geometry":{"type":"Polygon","coordinates":[[[5.518538729512594,47.30418661945213],[5.531653812708307,47.28437396080552],[5.572097032797981,47.2684421265039],[5.574464664810694,47.25405893079992],[5.602110210787404,47.26053058449396],[5.641087079328796,47.255902139031384],[5.67598472782394,47.27574753150103],[5.698725742766405,47.264996774959506],[5.719658737830903,47.24039349857038],[5.720409103677726,47.2199367429909],[5.754029730428721,47.20619762753816],[5.7615922644946265,47.193351935732494],[5.786363077074669,47.1880831609518],[5.785253964111757,47.1730387486781],[5.811467446057154,47.16905381606456],[5.820691451026131,47.144415939401],[5.8045619988542985,47.1133407822186],[5.768548742190094,47.08943503996254],[5.784717290338706,47.054912309682756],[5.740853599399733,47.031142664947374],[5.749513452394782,47.01724338346852],[5.787650426326096,47.02060775116385],[5.810142553295952,47.04676497151418],[5.818320069354114,47.01634936206399],[5.838703245735162,47.00893073323631],[5.9110704645310355,46.99949662045942],[5.928902914958152,46.981557598992175],[5.945444530036826,46.98892069091779],[5.968560305501438,46.98044449059873],[5.979788604869103,46.963477609202336],[5.9640723607092,46.94807945340021],[5.996550634911118,46.93349025460158],[5.9826340237056,46.90845204586353],[6.011720201418477,46.88892677308902],[6.005778412779799,46.8730528372109],[6.026247153653252,46.86409173600443],[6.034013122897841,46.84959669047568],[6.065722840490433,46.85966779654168],[6.091004700025405,46.84186203649593],[6.134201093056517,46.82606829489227],[6.175722465411307,46.80024737987558],[6.206667229738774,46.766127080274636],[6.185275300570877,46.75514278256941],[6.180271003478625,46.741575238392656],[6.139950483346064,46.7252665040831],[6.11296041814117,46.707745262586364],[6.069828479910839,46.689524885344895],[6.105519201667375,46.65048282928723],[6.059172114439157,46.62611096798534],[6.048566902902156,46.60772285612786],[6.131429786217584,46.55374316497247],[6.1381085470292716,46.55766039903405],[6.1564485471743415,46.54546781327305],[6.112697563396416,46.50963869187334],[6.096828928594163,46.481206078469945],[6.073927085793577,46.46394600628466],[6.085838952286885,46.440997039522614],[6.06400848181829,46.41622698893153],[6.029516385230691,46.38681597881577],[5.983619269600146,46.36236225578993],[5.94141074779852,46.309447376328514],[5.918004636082658,46.30919342038628],[5.908938421371525,46.283951620059554],[5.894626274200642,46.286605180505944],[5.878362837898188,46.26923930243743],[5.849846074176259,46.26206360332615],[5.76565366968616,46.26829459697285],[5.725183003095842,46.26072920479395],[5.715004075499846,46.281794854191894],[5.714717731644379,46.30876884774591],[5.6845818644582415,46.31092471469043],[5.649352566100887,46.33949973060812],[5.617647005041448,46.32909642404822],[5.597401953530867,46.29717016200506],[5.566359117801653,46.29405393089148],[5.542037828826235,46.27020190870743],[5.5202584619727855,46.264154428816624],[5.4730553115738125,46.26506376332347],[5.4568376845310524,46.27447818647901],[5.475143359983399,46.314983312313444],[5.466922894957274,46.32326983579511],[5.437795113853317,46.31511297122548],[5.425824019124199,46.33893598335614],[5.401973542783007,46.33904473846451],[5.373462288620209,46.35223630468514],[5.375550503997551,46.380228055197534],[5.341420750039618,46.40179770821096],[5.298803013245869,46.41268163222961],[5.319500329420964,46.430811362520714],[5.310560613770375,46.446766420719875],[5.3233509593207256,46.462505958303325],[5.373305922688233,46.460100694018294],[5.415741925117894,46.47313865941284],[5.40775059526701,46.50005419367624],[5.384819294338149,46.51562428945251],[5.359203918767164,46.52256069453744],[5.369638182241569,46.58033249938761],[5.405690744011141,46.58167055755078],[5.417107587832548,46.61545539475532],[5.441107903009741,46.637540014709465],[5.415503039920619,46.654982421219465],[5.422089954439316,46.673031501871684],[5.395359314315539,46.68505154004584],[5.407751223773992,46.69588136597287],[5.393640625030492,46.728633357928615],[5.361096638423232,46.73098281339333],[5.366370235232235,46.75127756992356],[5.390414912053985,46.76783202725685],[5.352854015210384,46.793190147243955],[5.3329251666131325,46.796100557884984],[5.3285860378953895,46.8129521008927],[5.409821779763356,46.83254621337176],[5.4488892034635485,46.82627111311263],[5.462804105486921,46.84077447546622],[5.4592864241149215,46.855244785634916],[5.418370968481785,46.86028266347864],[5.401826175213913,46.868321923377145],[5.403416904275394,46.88995270444294],[5.390761534745653,46.89436876615946],[5.3633777404924405,46.88326000729678],[5.328705057646148,46.8902268196612],[5.306862019346935,46.92461572569682],[5.308497060036723,46.93735552157344],[5.274765609317477,46.93484664855668],[5.260170972283091,46.94558220686418],[5.255236339191406,46.97988809464049],[5.278877381251384,46.99902304373498],[5.302902725063236,47.002995600434],[5.310049747453535,47.018020896757406],[5.275326877554134,47.02693403703708],[5.2839203158010815,47.04791289990898],[5.322186205925132,47.07298220144242],[5.386025055163915,47.08197683820708],[5.410655482578915,47.11409007735421],[5.408710637565267,47.12607417258199],[5.439973300314684,47.1443971913906],[5.459209017913762,47.18344166980506],[5.447990684518002,47.19618128392872],[5.48000850446928,47.21736948822585],[5.474016456865987,47.23108930134431],[5.485950818628809,47.25097372798523],[5.488282961724511,47.28934747031664],[5.504737607495882,47.28566080102212],[5.518538729512594,47.30418661945213]]]}},{"type":"Feature","properties":{"code":"40","nom":"Landes"},"geometry":{"type":"Polygon","coordinates":[[[-0.24283655874306692,43.58497620901365],[-0.2763965148657968,43.584761045574],[-0.30369046804673383,43.560276850255974],[-0.33595845896027376,43.55085163558024],[-0.35359679862890814,43.561780875085],[-0.4060419475368964,43.568225638621044],[-0.45203767058593636,43.550435492790825],[-0.4634382109634287,43.566589232141745],[-0.43347042112212875,43.580338984734894],[-0.44992960469658516,43.595703984518344],[-0.5076560922832347,43.56923087293328],[-0.5105948945954394,43.563209686236384],[-0.5571744316529481,43.542797175106195],[-0.5670718315523744,43.558215555933955],[-0.6008401126869658,43.538204154807815],[-0.670807186170969,43.5667169721834],[-0.7009707203498448,43.56096357592762],[-0.7180970591845858,43.54064303476207],[-0.7682806920100282,43.57948154907272],[-0.7817805196343679,43.564167159066834],[-0.8426740269835161,43.55356012044782],[-0.8556394802658646,43.541912093762534],[-0.8966906468904682,43.55048921576566],[-0.9509135778063627,43.53212326134325],[-0.9758267609662757,43.53928445138307],[-0.98987372975074,43.53346243559243],[-0.9933935609538049,43.505388046842114],[-1.0265078502683154,43.503370175677496],[-1.073598211038545,43.51939437447959],[-1.109247829938908,43.51412989565137],[-1.1195951980376606,43.50151151366748],[-1.1625744604180746,43.49153545937573],[-1.1639945144136432,43.50839178467792],[-1.1315682094233597,43.51069576475205],[-1.1708199655376668,43.5456098839176],[-1.1956162981323255,43.546095049204695],[-1.2173167238027949,43.53073810827331],[-1.2888696900073222,43.49872862084951],[-1.3274966286590806,43.50492395449724],[-1.3679078186199811,43.49490465671754],[-1.4153887215828598,43.49717030109977],[-1.4311182651313608,43.51461371523744],[-1.4641103174097,43.51978418733692],[-1.4765954372767023,43.539347276261424],[-1.5014142682685339,43.526946780448405],[-1.5248665484221002,43.52970134669009],[-1.491923614747195,43.57231885753228],[-1.4600195931351083,43.6202992244984],[-1.4424122520261093,43.664405589349386],[-1.4365038283323686,43.710565130021784],[-1.4102258105768295,43.80324747446864],[-1.375345240406389,43.91228735051265],[-1.3376743348128222,44.05415734628098],[-1.3159842928578236,44.130037493905746],[-1.2775403203119533,44.31923983571922],[-1.2538901028077145,44.4676042123461],[-1.1064909647292618,44.502772891337074],[-1.0851664955491247,44.53219457167761],[-1.0266309572095953,44.5071249515487],[-0.9911544881491408,44.511849168147315],[-0.9806969914576482,44.48287893553743],[-1.0079983966164947,44.43628954261453],[-0.9695842480121452,44.429379805191715],[-0.9191704541834174,44.44334436259599],[-0.9120213474779492,44.43693794653607],[-0.8433457118512414,44.41817667183869],[-0.8124255218387905,44.420432411546486],[-0.7787977956453461,44.429621612205196],[-0.7724266413748072,44.4400689012159],[-0.7307029568976173,44.446374662072536],[-0.6819329255443941,44.444104603018644],[-0.6760254579024039,44.45733288174258],[-0.6287774027434528,44.44319224087455],[-0.627647611184293,44.39814566253359],[-0.57097020407163,44.38252695965793],[-0.528103107297291,44.364654043262846],[-0.5176354697700613,44.33911112646833],[-0.47887161721109855,44.32489189867455],[-0.43183954131517804,44.32257705443087],[-0.43013450581532475,44.304781669300105],[-0.404736006733474,44.28738094305708],[-0.38338729038705516,44.28631066773658],[-0.3962403182108504,44.237695224176385],[-0.38961736206091696,44.20948462715673],[-0.31133609242726,44.20327170097005],[-0.2721185290366108,44.19380924623558],[-0.22344709828329407,44.20589826380183],[-0.2260044378069046,44.26478415652428],[-0.17860380229840828,44.26119359476371],[-0.1664311622268672,44.241645770485846],[-0.14068847985275829,44.226404747689884],[-0.12947353060156191,44.203862714468414],[-0.12915451548994408,44.152409928751574],[-0.10518222695424868,44.1551363597548],[-0.05985846246111547,44.150817206299195],[-0.0035391663583750703,44.149897854637146],[0.03459384382221056,44.13065240342955],[0.13579733087558213,44.12419368483945],[0.13673121582335918,44.10987087477736],[0.10177914904503296,44.08782254660348],[0.09431661158348077,44.065613157677994],[0.0626980132929106,44.00084249917964],[0.07604560969926086,43.98314313658291],[0.05530723606827761,43.957963973072],[0.07101167271921884,43.93329587806085],[0.07251111881590214,43.91379372164531],[0.05569199596666372,43.8976445612464],[0.030793555000742517,43.9005633671888],[-0.01861461418396192,43.9313867432444],[0.00420637351659139,43.94342582438924],[0.001446300333196457,43.959885381064026],[-0.0361689246680343,43.98374032755233],[-0.04653101813218577,43.96104391789014],[-0.07235713337565827,43.946531834485505],[-0.12468082668137451,43.94434508821349],[-0.16632109560044633,43.92805052482344],[-0.17595413172084393,43.936327270993594],[-0.200087659676207,43.914834830061565],[-0.2344384631811253,43.899006040339785],[-0.19456201236331316,43.881572646215844],[-0.19855660923175042,43.86241563374058],[-0.19246168396068822,43.81017700393666],[-0.2271397672790903,43.808272976810954],[-0.20605373558746434,43.7500763289867],[-0.19414330237233995,43.737016685694684],[-0.2286074364319675,43.715376271697906],[-0.2466545863762805,43.71066950060451],[-0.23910333247309243,43.69394560059394],[-0.2558984040423508,43.679791305136796],[-0.23973019201148485,43.67124152201394],[-0.243162288337736,43.6545058231693],[-0.28211107433706983,43.64307015979027],[-0.2777099095136678,43.616204272478164],[-0.2472036903728421,43.615949823145584],[-0.24283655874306692,43.58497620901365]]]}},{"type":"Feature","properties":{"code":"41","nom":"Loir-et-Cher"},"geometry":{"type":"Polygon","coordinates":[[[0.8412172317044129,48.10306240932052],[0.8758906410789156,48.10943550861685],[0.8909295923841402,48.10206310395515],[0.9440295929845693,48.11237193590575],[0.9502768856001645,48.09927549241419],[0.9813105576003316,48.119560230186515],[1.012548026499917,48.132548614185936],[1.0387342870949972,48.13165484141439],[1.0456264025684945,48.11762847776995],[0.9915488801693668,48.09741164653938],[1.0085477409246668,48.0831267789959],[1.0260026950898764,48.088407307781466],[1.1031936171142485,48.08108800423722],[1.122713770015408,48.035980030467925],[1.1666303937374705,48.02739182079259],[1.1695601007353318,48.00668912927458],[1.2096430686639739,47.96850051668402],[1.2456512469484482,47.979278052584],[1.262653160836444,47.96284180147032],[1.2995800659732568,47.96816150698365],[1.3086281518302283,47.953853799768815],[1.343701298620938,47.957530775683054],[1.3700158222874876,47.95374905485532],[1.3869462890722553,47.9812831788851],[1.4068828320031919,47.97009659263769],[1.4372409526093535,47.9764987201296],[1.4396560496498594,48.01194932329023],[1.5201238283340488,47.982278476987],[1.5648186289077217,47.989771943729956],[1.5654541645457618,47.97421749655934],[1.525499326800869,47.94229204754703],[1.5254235639039053,47.929113580200145],[1.5571710400083827,47.91853552571645],[1.581422578383437,47.90192694837693],[1.588137738369647,47.8764265961909],[1.5579324839494983,47.84812808991504],[1.5351015717504108,47.839545777266615],[1.5337009096463892,47.82052592915118],[1.57053819365027,47.79658651597201],[1.571250855065289,47.786963386235925],[1.5478779921036048,47.76976159021967],[1.608594434126198,47.73393326082299],[1.6266316344148937,47.760971714419085],[1.675275323556801,47.73862278622698],[1.7113085978372213,47.73187770277278],[1.72806479545811,47.699564603486614],[1.7399382527750795,47.66153396917555],[1.7819763886541304,47.65230252991529],[1.8451687786713176,47.657075980599814],[1.8436947697611497,47.68635321599452],[1.8701081905766355,47.67418008034603],[1.8995427041357686,47.67321863025759],[1.9341238444974078,47.6794171004311],[1.943437380081729,47.66008510917376],[2.00158311405148,47.66867970749289],[2.008045857144552,47.67730418039903],[2.066463070283871,47.6743106765294],[2.0712946786313693,47.681559290786815],[2.1397679887163026,47.67737542400391],[2.148515572748776,47.67042742106637],[2.20255850774907,47.67814460514722],[2.2199555931269646,47.667865521618396],[2.2409780083952664,47.63734539809969],[2.2392136309887465,47.62097830786331],[2.1979481169523365,47.607172865315],[2.1537378905390843,47.60082068488091],[2.1195753203342678,47.58295161292573],[2.131269305993213,47.550272515078134],[2.1956362774138967,47.54857375639977],[2.2152905780056495,47.52210707630713],[2.2178746796449196,47.495343490555165],[2.247745015297621,47.491732324776784],[2.2369731533510286,47.4712635208768],[2.2478944881999485,47.44140228778668],[2.24369191507804,47.414818238040475],[2.2052259819019713,47.40525327924356],[2.1886360612239333,47.43774542166242],[2.1428436560395734,47.40889739927532],[2.1170302440572,47.41010870128665],[2.103653119991459,47.39321656330969],[2.128211459230398,47.331734733954534],[2.1515587241969385,47.310723959822234],[2.1389909561599825,47.28548622024678],[2.111689632581936,47.279437465410155],[2.0772893478221053,47.285804260444245],[2.03110991609486,47.269807386211056],[1.998492852908483,47.264047399335425],[1.940816059215001,47.29013078285961],[1.9214647164538976,47.26271748785687],[1.8947687643612021,47.25466020007403],[1.9165941784807092,47.23598592691221],[1.9038108872203174,47.21524765964095],[1.8730051860601082,47.20531826355262],[1.8554824505856486,47.22040769184943],[1.8390792420529518,47.219308157716554],[1.8088371356765827,47.23387535753442],[1.77611073651641,47.23138256399343],[1.7397902842883757,47.2549073525034],[1.715953376298902,47.276776997807374],[1.7058305011298698,47.26587806828036],[1.6659002787349648,47.25778142355442],[1.6504371377870972,47.27317015052999],[1.5924281213159723,47.27667661628705],[1.59104001493485,47.25746333923802],[1.566277084478891,47.261616837192406],[1.539459756494749,47.25652806281719],[1.5245337678448851,47.22597700817113],[1.4815998938388473,47.239163055882926],[1.4484622479605171,47.23796792120677],[1.4241047321761513,47.22954437481808],[1.4014266290701616,47.21244937239578],[1.32666554504539,47.186225424714024],[1.2945860121083586,47.23735505703783],[1.2753776194772806,47.25665618088809],[1.2433106673289427,47.2738511703364],[1.2233351560525534,47.29417679425747],[1.194077711170585,47.282955427790995],[1.1732084801290505,47.285312153710144],[1.1623243677400883,47.272335282824905],[1.127510095723219,47.29676734084024],[1.1079035040639091,47.29948400233637],[1.0948532977686622,47.3285366431566],[1.106312735447246,47.331083370539545],[1.1228695110868157,47.35644850071685],[1.1043501548322552,47.370150192490236],[1.1215488811681436,47.382432672337416],[1.093707046251301,47.42905551300356],[1.1144031703140151,47.42842030526633],[1.1333660737875422,47.44894991839347],[1.1128833087567993,47.46591695745825],[1.0945042162450278,47.469318385564065],[1.0739220708330763,47.51210138412339],[1.0464291767245975,47.536720528819714],[1.0763363652479012,47.563221554317444],[1.0333525357335172,47.60701157045949],[1.0147853330259788,47.60470741380823],[1.0037237984188345,47.58435868340903],[0.9867433094857044,47.59068498133699],[0.9917892369385366,47.62002605530995],[0.9190111731399363,47.63260906008665],[0.8989296726576519,47.60470549484694],[0.8638905035844368,47.59963034358335],[0.8436538464911009,47.645477850792176],[0.8595037193186879,47.669207269893576],[0.8349728165936311,47.67716533256789],[0.7689302951021508,47.68497280116767],[0.7386942552766614,47.696124610338615],[0.701006484813832,47.68458422067955],[0.6747744974506991,47.699004075610326],[0.6313085686496198,47.709099413081624],[0.6144311990931555,47.69421364605317],[0.5805178732790718,47.71232800971273],[0.6116040970811059,47.728130849502094],[0.6207093570907236,47.747478130583154],[0.6512736394121261,47.75525397111593],[0.7248506777855144,47.79889099623824],[0.7452461943264459,47.82624263074177],[0.7745788175007324,47.83968729513432],[0.7573343557395469,47.8911737517487],[0.7805065684044099,47.91037691407999],[0.8091382962389404,47.91066255080899],[0.8171444727137281,47.93447148791446],[0.8454683997304765,47.9413323536207],[0.8376537080820077,47.96869214349436],[0.8186564019800159,47.9892543363892],[0.8323705747596303,47.996592919852844],[0.8405346727531238,48.021049640847735],[0.7975514233427093,48.03724057968432],[0.8011883732648392,48.0715172542445],[0.8430226369432118,48.07264184794484],[0.8412172317044129,48.10306240932052]]]}},{"type":"Feature","properties":{"code":"42","nom":"Loire"},"geometry":{"type":"Polygon","coordinates":[[[3.8995333931893303,46.27590543921817],[3.9094002908986636,46.25772625699907],[3.8901323277345172,46.21449064143864],[3.9135641774619283,46.20692040053432],[3.972545422490283,46.20271202778806],[3.9817875015959623,46.176336440402444],[4.0304983004444725,46.169772418692666],[4.051958867651804,46.181688397585496],[4.104090700200876,46.19839492284894],[4.133393277727922,46.17732129820146],[4.188443814996147,46.17512895597164],[4.18453492610967,46.188021124528625],[4.207908679923857,46.194835796707316],[4.224689888463,46.177995310819746],[4.257372590726873,46.18473517832983],[4.257119428326002,46.157287705187656],[4.2818305705425415,46.156597324529926],[4.292313251311721,46.17248235017095],[4.3157404325049695,46.17203342079279],[4.362151387631787,46.195596184477786],[4.388079599211451,46.21978851671503],[4.422612723182659,46.2025561207876],[4.395991931108271,46.18913351748368],[4.438590902796802,46.16787882969539],[4.410785750373344,46.13662430946693],[4.380275754005176,46.150004219111246],[4.361588426954295,46.13845862089166],[4.321566636697419,46.1292227390098],[4.306153355734185,46.10204949110961],[4.309660723089374,46.079736904576485],[4.285739765481103,46.05353257676386],[4.254288650960761,46.05273202617171],[4.262156206087431,46.0353981231568],[4.312509748657016,46.00559232184622],[4.300566276670547,45.99131120846098],[4.249195496150678,45.9953837193519],[4.298100713331312,45.96566297835176],[4.293912264205216,45.95339953385285],[4.34518756578921,45.928106708428984],[4.34541858135298,45.915369145765204],[4.32322164118184,45.90393193479993],[4.342152967764877,45.87717650941675],[4.357305400190197,45.867818212138175],[4.396210392438567,45.860049159409144],[4.376223580241809,45.82463846230085],[4.375871288793124,45.782079121045285],[4.3493620257561165,45.77130357540371],[4.373503657509452,45.74949633164302],[4.397995092909568,45.751428954900874],[4.3738410092708815,45.7118281564325],[4.365920195904948,45.67115339597],[4.391675108287153,45.6629035906777],[4.410284239143385,45.632050806327356],[4.440485898400948,45.62348155684874],[4.44944567617998,45.607317262662356],[4.501195680541532,45.585509531030695],[4.521074741734986,45.57279549516226],[4.568607549526933,45.583472510511605],[4.582929001860563,45.57473357946033],[4.625186588148891,45.5690598812714],[4.636946590180618,45.54563402439237],[4.672311111048541,45.5702781100426],[4.684974417954742,45.55444421417092],[4.6505036163787885,45.52825095564595],[4.661754663860458,45.486753449800155],[4.700228209366997,45.478251319676815],[4.721827573373719,45.49439543048306],[4.739409870606086,45.48659464798714],[4.756935570818616,45.45570734978024],[4.758664794548146,45.43109160083594],[4.744760477737733,45.42132931211987],[4.755804203494391,45.39641527650575],[4.755996992712002,45.36567226076598],[4.725825842131706,45.36180904894751],[4.7004091166444315,45.345742863727835],[4.680129607940992,45.34625617395863],[4.614497435388506,45.30983662841341],[4.621039470679837,45.29121612407326],[4.598597055879653,45.28948570433069],[4.590638055650433,45.27303681774206],[4.602422910281466,45.25170405771358],[4.565520406201406,45.247958129182955],[4.540549370042042,45.23475108941549],[4.483134616383878,45.23644648192782],[4.418571110077435,45.275424101661066],[4.369667772097112,45.26036388974016],[4.358165874707906,45.2813072908644],[4.365602171309155,45.30106532546477],[4.33189877989193,45.31806910411131],[4.36629429373957,45.337097928842844],[4.346191897357872,45.36229645766761],[4.308195090413248,45.370806841748106],[4.290739610203065,45.358581485433724],[4.271696633410009,45.35982598379431],[4.244524979129677,45.384914673287405],[4.226432364238226,45.389716036582385],[4.193308884127496,45.384562275069875],[4.17881972832703,45.39254145153728],[4.149768797104822,45.38455824320961],[4.1540322116079285,45.36460333540307],[4.121367666873119,45.36908660993613],[4.083541528780984,45.358094161343104],[4.062397034876466,45.33910649399259],[4.043265536912594,45.355946107018674],[4.016059141026905,45.328622335814885],[4.002609357264608,45.355903224229436],[3.9859297079746523,45.371846404559236],[3.937395868986861,45.37201990198935],[3.9169404058247803,45.33940170910745],[3.897408424881887,45.3570837817156],[3.8892315945582094,45.39452005881283],[3.899187761612733,45.410307649293415],[3.9601432570462634,45.44344571733884],[3.972751884382159,45.46143771943691],[3.966604497321932,45.472189147410184],[3.9844000736338567,45.49411557572152],[3.964839538556207,45.503218682032596],[3.9459486995868804,45.54447980125801],[3.954348408158434,45.555962683335494],[3.935548097136248,45.57675205994888],[3.903596234209209,45.599022466324875],[3.8846825953282202,45.60275694217335],[3.86173367803394,45.62272878464922],[3.823453198078696,45.63241694241682],[3.776946294898936,45.6908405345388],[3.7827600945783164,45.706694635321],[3.7586724976385866,45.74600532878878],[3.727105164096888,45.75553371264516],[3.7310653997028584,45.77483343230172],[3.6906934795455935,45.79217071537155],[3.7116170222098575,45.79955113302971],[3.72534244009261,45.82707398650144],[3.7315424899852925,45.87016039642116],[3.7543707578917007,45.88603083611283],[3.7234546463589506,45.92186686966796],[3.6940178008729885,45.930732356412385],[3.693841059729285,45.94949142878095],[3.7088966387640045,45.97378446779926],[3.741274273248646,45.96600368355748],[3.778005233789911,45.97179985823387],[3.8237895718712145,45.98735259327228],[3.8283904088914604,45.99948536067427],[3.80676406021388,46.04562293029198],[3.806993754653765,46.061272645914705],[3.8218816515656036,46.08798379604504],[3.8025614332413635,46.11032928945375],[3.789761994058612,46.15485133205715],[3.8078602164262896,46.16159515953333],[3.7907469501208273,46.18453497582482],[3.7902842093787883,46.210905673837914],[3.768246928941596,46.237829248308365],[3.802699984915529,46.23850996581434],[3.8048868330812957,46.25485708711847],[3.8690933059580366,46.263723494024156],[3.8778066858099134,46.275939918983156],[3.8995333931893303,46.27590543921817]]]}},{"type":"Feature","properties":{"code":"43","nom":"Haute-Loire"},"geometry":{"type":"Polygon","coordinates":[[[3.897408424881887,45.3570837817156],[3.9169404058247803,45.33940170910745],[3.937395868986861,45.37201990198935],[3.9859297079746523,45.371846404559236],[4.002609357264608,45.355903224229436],[4.016059141026905,45.328622335814885],[4.043265536912594,45.355946107018674],[4.062397034876466,45.33910649399259],[4.083541528780984,45.358094161343104],[4.121367666873119,45.36908660993613],[4.1540322116079285,45.36460333540307],[4.149768797104822,45.38455824320961],[4.17881972832703,45.39254145153728],[4.193308884127496,45.384562275069875],[4.226432364238226,45.389716036582385],[4.244524979129677,45.384914673287405],[4.271696633410009,45.35982598379431],[4.290739610203065,45.358581485433724],[4.308195090413248,45.370806841748106],[4.346191897357872,45.36229645766761],[4.36629429373957,45.337097928842844],[4.33189877989193,45.31806910411131],[4.365602171309155,45.30106532546477],[4.358165874707906,45.2813072908644],[4.369667772097112,45.26036388974016],[4.418571110077435,45.275424101661066],[4.483134616383878,45.23644648192782],[4.489604429758615,45.224787898710176],[4.477266258728365,45.20978594447126],[4.472540720426905,45.179408906886586],[4.447480119407685,45.16118502386361],[4.446118275212825,45.13169134188572],[4.376558944791765,45.1443595905019],[4.37022058732025,45.13029910308921],[4.400229848141373,45.11600398371944],[4.372571367591827,45.10480297518196],[4.346190894999054,45.06964388927494],[4.359614567276412,45.05568487734863],[4.378014671826731,45.05427007966308],[4.379067913162388,45.03617454254133],[4.338428544649489,45.02671076147119],[4.314677006361451,45.03079389328605],[4.297239439669978,45.01702262504178],[4.289827924670836,44.99730682920296],[4.311668803625915,44.97177463884522],[4.251555903015938,44.958924064540234],[4.221702631142119,44.96133612938675],[4.216572079556928,44.933567915009554],[4.1899324439493,44.91419030432338],[4.179951268724776,44.88730128359599],[4.156154791813548,44.87333360834132],[4.103743185520496,44.87725256159482],[4.068313356371929,44.86746929959503],[4.0338762761727365,44.8710458107922],[4.020171384284056,44.84572694383834],[4.028374858328879,44.834081003006155],[3.988454902516046,44.813419515634884],[3.944536875109786,44.82322023968674],[3.937001123548729,44.7954172172997],[3.919817199492905,44.77460034297932],[3.8895265818183935,44.75196027421232],[3.862527190139651,44.743863434670935],[3.836561503873052,44.74784401669704],[3.8428722355724365,44.767658069140836],[3.8025469466502706,44.78217403491838],[3.752688285784399,44.820978132154096],[3.7444352015394076,44.83779866715789],[3.722885793793205,44.8309902964175],[3.6690230882043697,44.828879139980735],[3.67181554273005,44.843385113427054],[3.6548748534796442,44.87421590375256],[3.6264516856693065,44.88025029795416],[3.5943359966689914,44.87542977006506],[3.5980411899153943,44.85950943658448],[3.588921232126889,44.8263980463694],[3.5397490121099957,44.82817873595921],[3.5056510328808947,44.823846640197424],[3.4782424266646075,44.80967976284068],[3.458847484667369,44.839932137298916],[3.4418003889561284,44.85422679293021],[3.4357113347213044,44.880244038151794],[3.410379964997872,44.91777749816426],[3.4158326368156513,44.92853462204254],[3.40455052934818,44.956397735743366],[3.38636652116385,44.952743854804055],[3.3613425807398936,44.97141170967897],[3.34795071948085,44.97386741391429],[3.349918646764341,45.00260138512903],[3.337173969362221,45.02533946243554],[3.3114877307075306,45.02276714381717],[3.3002890808475738,45.03204489436342],[3.300037167089146,45.05612205325275],[3.3142746780569206,45.08502161586657],[3.3340673163073404,45.11112985018295],[3.3013685993945794,45.12408985771677],[3.2880332175079103,45.12042440957931],[3.2606073460103326,45.17094202255946],[3.27247945333649,45.20918164911843],[3.239572097735146,45.21694671205992],[3.220952339250761,45.244178044330745],[3.228040568209475,45.26635049790692],[3.2125769046776993,45.28063487720399],[3.167616208952322,45.280135013197906],[3.1595874385219407,45.29128516779879],[3.1179979977042014,45.284187297622225],[3.0999431470714955,45.316251503364],[3.1134170784877164,45.32717903792977],[3.1034981328800555,45.35437310008832],[3.1680632240379363,45.352259807508],[3.220912377077928,45.37892046186799],[3.290691872112179,45.401821892426035],[3.30631987673738,45.41954639101777],[3.324323216190769,45.40643003851577],[3.355951003761219,45.42270452498479],[3.37740750048678,45.40195065808154],[3.4636110218729947,45.40187938765357],[3.4797803281462016,45.42109945505887],[3.501320580432494,45.42757868705258],[3.5209066851487667,45.40241117172981],[3.5630771718254137,45.39491340017769],[3.5880474177320365,45.375226810928446],[3.5903478302934047,45.35722324299155],[3.6186259166992305,45.33771043696724],[3.6631634778409548,45.36157929015898],[3.679853380401792,45.38418941501764],[3.705828237197212,45.3607062251683],[3.7722554467335283,45.34919188352554],[3.7899965323666374,45.35387675419062],[3.7856753429070356,45.37076437810785],[3.804943044201567,45.392104461166284],[3.8352859719724157,45.37605158297855],[3.837685746380872,45.365713933149365],[3.869748727932898,45.355825177974914],[3.897408424881887,45.3570837817156]]]}},{"type":"Feature","properties":{"code":"44","nom":"Loire-Atlantique"},"geometry":{"type":"Polygon","coordinates":[[[-2.45848916517333,47.44812172071826],[-2.453433891770773,47.46207445240776],[-2.4230264761460525,47.477112579344045],[-2.3999436811786463,47.45598156061156],[-2.370968184053226,47.46338717496278],[-2.354869937092447,47.454890712840786],[-2.31286829291468,47.46446874947645],[-2.3131355987939677,47.48590211028132],[-2.2991284429653516,47.50047998605304],[-2.2613604986657707,47.51360628741794],[-2.244282758246302,47.49360064884759],[-2.1908096601747804,47.51205628181908],[-2.1832952625867295,47.49169698467854],[-2.1541846873077226,47.496364126798106],[-2.1560219978896007,47.52202803044017],[-2.0985539306805943,47.53395835736954],[-2.096505468974894,47.57236562280809],[-2.10372254987444,47.58943141752024],[-2.0869285812433267,47.60277534815358],[-2.084994306680996,47.62123305096733],[-2.097035597340287,47.63135984401428],[-2.0747365598102796,47.65166099544987],[-2.050619855103944,47.65113784113771],[-2.0357262501792506,47.668539150280836],[-2.0093556937669623,47.67137826011831],[-1.9690539759076384,47.688369032568346],[-1.9546408028570217,47.67170187943092],[-1.9363047156903395,47.68664646647229],[-1.8640133393104241,47.7069846705491],[-1.8225344895568474,47.70628736859361],[-1.7724163023563184,47.69845339608558],[-1.752032319383817,47.70741764750666],[-1.7236704751667482,47.698676218818825],[-1.6911255411567772,47.71282712864092],[-1.6556020388557997,47.71053299603197],[-1.6381801885560439,47.72231564110314],[-1.635569613301689,47.74266025266195],[-1.6163557701095264,47.76415676086167],[-1.5934074072820492,47.77605009178189],[-1.5280651896409132,47.78584499709324],[-1.5042371318422498,47.8009448646891],[-1.4666150070573418,47.8074975400483],[-1.475255403833222,47.82540410017005],[-1.4651862054088018,47.83460451273148],[-1.4178432025307772,47.82748441208516],[-1.3904279688415837,47.828280801153184],[-1.360603817710753,47.798432206803135],[-1.318489521021141,47.79233158240722],[-1.2458823462890538,47.776717547680406],[-1.2355437776358398,47.757046555422306],[-1.2545772523262662,47.733641751506994],[-1.2154187219671249,47.718817804901974],[-1.1951181057962028,47.72154902070605],[-1.1894960789668845,47.69916325132362],[-1.1749295691501485,47.694565013829596],[-1.1824294262619501,47.6680046714435],[-1.1608077767122782,47.65632049258235],[-1.1579089209094204,47.63660321755249],[-1.137956817334609,47.619736138890346],[-1.1006492140245874,47.62068366379477],[-1.0564895204285647,47.601479248609785],[-1.026009375226936,47.599308629561634],[-1.0068639898836467,47.58905339488284],[-1.0525094143946503,47.56363638662836],[-1.0397778230870207,47.54883710607215],[-1.0444575006084293,47.50550106908369],[-1.0086170505041334,47.489110660531026],[-0.9674825559179046,47.492800296900974],[-0.9672169416067916,47.468248780242014],[-0.9542208546281663,47.4539097574189],[-0.9610616341565943,47.418146960038484],[-0.9500724202369605,47.40418985727392],[-0.9508302510459343,47.38350557596203],[-0.9748672757080542,47.371382608948814],[-1.0178737847602033,47.36506226317233],[-1.0787286518898893,47.370791947022845],[-1.1082260597696614,47.36577684975045],[-1.167609698077546,47.365887235139574],[-1.182960128465649,47.35431013426607],[-1.2286336711215902,47.34992378396915],[-1.2612216058119492,47.34085259435289],[-1.2998771573086019,47.33762366530587],[-1.3358228427021601,47.3189666448679],[-1.3443707665147786,47.300912351608176],[-1.3017706698751919,47.30303238335918],[-1.2798655849130829,47.29443954491049],[-1.279481478733716,47.274997858626456],[-1.251834385400758,47.248391505350874],[-1.2283649350807286,47.239712044540795],[-1.1980384206236745,47.252940714686886],[-1.1809669432498426,47.24081046650355],[-1.1880521879881976,47.219792216059965],[-1.1784570598013726,47.193390310739396],[-1.1634008936162523,47.18546752937314],[-1.175868309084218,47.16311976069785],[-1.207726991440738,47.1438706405948],[-1.2374293726181724,47.13493300477958],[-1.2258419448390925,47.11944408223294],[-1.2423703743532273,47.10123014862037],[-1.170292292370527,47.093053598552416],[-1.145027574182689,47.06837675006014],[-1.1155386203739606,47.06269707451897],[-1.1170476687025708,47.04013159004134],[-1.1485704887534398,47.029545162586565],[-1.200679265181828,47.04002068735864],[-1.230646678052403,47.0647662671337],[-1.248272600668004,47.068248451977425],[-1.2683044893940385,47.08474885032919],[-1.2903251112226377,47.07019181205101],[-1.2946349782361042,47.03948346966515],[-1.3124114592110108,47.03350963450989],[-1.3627515861913184,47.04068820066417],[-1.3786124689367814,47.03085386698655],[-1.363022131692666,47.005231806651935],[-1.3775094300897999,46.990940454807415],[-1.3590587331965938,46.98113458794234],[-1.3729857700949506,46.95218446660972],[-1.4181594787532137,46.943057239909116],[-1.4582677297055284,46.92583846037384],[-1.4715165512848787,46.93291787054446],[-1.4572082927387657,46.95464665401728],[-1.4769594857010369,46.98097074445235],[-1.469172627780506,47.00198697021648],[-1.4759335714372155,47.029463554503664],[-1.4998449288829532,47.04068947453796],[-1.515724271893768,47.027732420842334],[-1.5552723334553664,47.01533738692226],[-1.542665987015755,47.00327217070728],[-1.5543623514658027,46.97816341773942],[-1.5309030377362816,46.94498074264914],[-1.527927453698693,46.92377826735825],[-1.5007668577856463,46.88389115282979],[-1.5485110748777025,46.86007983436468],[-1.634820511862539,46.87837868837905],[-1.6645131258008816,46.874779205029014],[-1.6870033984268769,46.89055113474326],[-1.7202546726947285,46.88456447923729],[-1.7371139932046213,46.89680599083098],[-1.7362508076850236,46.91143568904478],[-1.7513270577094098,46.929611815604666],[-1.77556460551789,46.92540682943319],[-1.8309821821134158,46.932033724154486],[-1.8318237164160205,46.953809822447525],[-1.872614380314098,46.95312868208426],[-1.9174428113267457,46.97508381963422],[-1.9166202315157645,46.991518959422415],[-1.9432276192598639,46.99471092059494],[-1.9688489284381314,47.02767329905578],[-1.980414486742876,47.02890649407564],[-2.0047172984420274,47.06145903008165],[-2.032603631969014,47.07351687202541],[-2.0534725301465024,47.09412159709027],[-2.114087677200522,47.10989368059357],[-2.1555864883203406,47.11283045616817],[-2.1776732744717013,47.1220648516062],[-2.214466888230872,47.123901610790035],[-2.226823218085358,47.13094036238744],[-2.226132030050598,47.15227424383228],[-2.167064477781809,47.16618049901811],[-2.1583713304619327,47.20905347867946],[-2.1805520828108604,47.23299057764472],[-2.1705404081241095,47.23975355445233],[-2.169993937357407,47.26847661211524],[-2.1873645299124624,47.28061948952369],[-2.245373274313404,47.25599310446833],[-2.2698943084243393,47.23956836515538],[-2.301643363345213,47.23640440229174],[-2.339599042924339,47.25518767687217],[-2.3697489457624465,47.27743476237253],[-2.398380900159916,47.28144600126307],[-2.441973190559724,47.26058258477878],[-2.4555196699772877,47.26813905362376],[-2.513904074004327,47.284623375273924],[-2.502914104344962,47.328751209072664],[-2.5211551419585674,47.35881029297989],[-2.5589409930083042,47.374567573551786],[-2.5341025675524826,47.38296506334218],[-2.483893499163002,47.412419341696214],[-2.4508581636576396,47.425325950967114],[-2.45848916517333,47.44812172071826]]]}},{"type":"Feature","properties":{"code":"45","nom":"Loiret"},"geometry":{"type":"Polygon","coordinates":[[[2.936314411640624,48.1633917441478],[2.9712637126470374,48.15183377076339],[2.990882804955562,48.15249378691091],[3.0294654865478936,48.13320717199774],[3.0498962046090887,48.088837886069456],[3.0504714242752176,48.072334131124755],[3.0883177986514796,48.05393639481059],[3.1040899600034066,48.01354534990655],[3.1245523178040195,48.006029252910174],[3.1284501214452565,47.97097324034548],[3.0784722436737018,47.93141992007049],[3.0646112850926173,47.93051941081648],[3.00722631015934,47.895294555605346],[3.0053630487182557,47.86404745363208],[3.029058320822418,47.857123076441624],[3.0297012521374107,47.83508204151216],[3.0125379851547156,47.834374131761656],[3.0281191130010834,47.80064806639638],[3.023798094359226,47.78655467899923],[2.988221260489061,47.78603448891204],[2.954736881556772,47.77555900512353],[2.9496989968031038,47.76587258709822],[2.9145173600355263,47.76938033260984],[2.8566660682192713,47.76092647077394],[2.848796639073614,47.72588667336868],[2.858973240721994,47.71131839341009],[2.911669508308486,47.69146053421784],[2.9181549279743337,47.66979136771246],[2.954234275262721,47.64577868896602],[2.936290512560618,47.63665230316903],[2.9403094506517125,47.60348550057479],[2.9622747369522457,47.57678810211018],[2.9765380120036067,47.56942879709582],[2.95865823105343,47.55738006412381],[2.914297452553034,47.56597018271849],[2.890770179974213,47.55309660602271],[2.8574899628231805,47.552844658956644],[2.8489038940037736,47.53754044480101],[2.8746252064056805,47.52042311253978],[2.8346896177800054,47.50891434033172],[2.8253483178196612,47.49720762944185],[2.7968724826242704,47.49670238161028],[2.7848278000315037,47.51590818527616],[2.7671158140580423,47.52510072819235],[2.722269834213415,47.52137488790703],[2.7274074958054517,47.498891999551546],[2.716060360099423,47.48953015835246],[2.684437897133784,47.482967548570784],[2.658459112358834,47.48789924166263],[2.6558708896887775,47.51039583983229],[2.612017744333409,47.52638001278611],[2.616737946714408,47.54089713523513],[2.596866741027346,47.5564207348813],[2.5729159948690103,47.560017104315655],[2.547268117212732,47.57517784121953],[2.4991330263197966,47.56751893993049],[2.475044546159242,47.579880080920134],[2.439400020099367,47.60949994575173],[2.402680868810648,47.599506360587185],[2.3730210260695963,47.585524572377516],[2.3424427416844122,47.60527658931115],[2.3249512144551785,47.60757115362496],[2.289632282146918,47.62905507196624],[2.2392136309887465,47.62097830786331],[2.2409780083952664,47.63734539809969],[2.2199555931269646,47.667865521618396],[2.20255850774907,47.67814460514722],[2.148515572748776,47.67042742106637],[2.1397679887163026,47.67737542400391],[2.0712946786313693,47.681559290786815],[2.066463070283871,47.6743106765294],[2.008045857144552,47.67730418039903],[2.00158311405148,47.66867970749289],[1.943437380081729,47.66008510917376],[1.9341238444974078,47.6794171004311],[1.8995427041357686,47.67321863025759],[1.8701081905766355,47.67418008034603],[1.8436947697611497,47.68635321599452],[1.8451687786713176,47.657075980599814],[1.7819763886541304,47.65230252991529],[1.7399382527750795,47.66153396917555],[1.72806479545811,47.699564603486614],[1.7113085978372213,47.73187770277278],[1.675275323556801,47.73862278622698],[1.6266316344148937,47.760971714419085],[1.608594434126198,47.73393326082299],[1.5478779921036048,47.76976159021967],[1.571250855065289,47.786963386235925],[1.57053819365027,47.79658651597201],[1.5337009096463892,47.82052592915118],[1.5351015717504108,47.839545777266615],[1.5579324839494983,47.84812808991504],[1.588137738369647,47.8764265961909],[1.581422578383437,47.90192694837693],[1.5571710400083827,47.91853552571645],[1.5254235639039053,47.929113580200145],[1.525499326800869,47.94229204754703],[1.5654541645457618,47.97421749655934],[1.5648186289077217,47.989771943729956],[1.5201238283340488,47.982278476987],[1.5266687471482352,48.00726560320355],[1.512975755811939,48.02872178084264],[1.545306911308587,48.0445885217016],[1.5941156652809598,48.03069992074373],[1.6138290938946773,48.04498314926178],[1.6245928719693987,48.067222742913955],[1.6556783876479508,48.076176598146596],[1.6789955266507441,48.065829398062704],[1.7448338583126362,48.0661443495906],[1.797975547328593,48.07686831186792],[1.8656712589157682,48.08385719871519],[1.8843851938361136,48.097661066466635],[1.9010631123528121,48.129720309688054],[1.920402814020387,48.14638533996389],[1.9033398897931277,48.152806309750886],[1.9250485316689847,48.17448662149941],[1.9514550396684471,48.18958117854365],[1.9625953467362638,48.22259665048149],[1.9654790051841269,48.255466245296866],[1.9878756044776544,48.268707563969706],[1.9940847180593788,48.286585877943075],[2.0438104559378143,48.2864493366448],[2.052708364877964,48.29547390947902],[2.081503651069427,48.29360440985604],[2.155707101498331,48.30449560310474],[2.1806941723291215,48.31168043030938],[2.2022493722769347,48.344596745334684],[2.223911064819703,48.3364180215832],[2.238046845675527,48.316373357629175],[2.2954192430595457,48.308226039086286],[2.312590884489921,48.330802741661444],[2.3277014892177683,48.33305786731142],[2.3633118415981462,48.309600437933916],[2.402664267131608,48.320719459421184],[2.4210918870276967,48.298668261849855],[2.4237635277023717,48.260297326582666],[2.452518016092004,48.25003251288878],[2.4690901704508605,48.255272821570486],[2.5068882455094257,48.22598658432872],[2.523126693688509,48.19489310648136],[2.5093663344872534,48.18250926382449],[2.5063270278885916,48.15643757520199],[2.4832376593500602,48.164518230078265],[2.460116447222927,48.13685254342551],[2.4903153051303115,48.12660259180864],[2.521518685158647,48.127300215727736],[2.537506945660482,48.14033979679666],[2.570562642830993,48.14081569138084],[2.602684217604197,48.13148889808521],[2.6397338993017683,48.1388605931352],[2.6634205012712795,48.12220248073456],[2.7065470696044738,48.12481924580505],[2.720460981753342,48.136910896310766],[2.7551983055667155,48.145653478490786],[2.7414685556447598,48.15977844911796],[2.7989445730680167,48.16827665010273],[2.7978126665223124,48.14068615599144],[2.8208799789852854,48.12966447731962],[2.868032820232008,48.156433549044586],[2.936314411640624,48.1633917441478]]]}},{"type":"Feature","properties":{"code":"46","nom":"Lot"},"geometry":{"type":"Polygon","coordinates":[[[1.4482615439322117,45.01931315867405],[1.4763205638048942,45.01844899314434],[1.4837421057409195,45.03086980932878],[1.540647783113957,45.04603881243799],[1.5520395032539256,45.028473972211486],[1.5763138744588663,45.04070102069764],[1.6260183242774706,45.03386004522471],[1.6509837683346409,45.02501608647879],[1.671411146688222,45.00429795565169],[1.7026624491356241,44.98782737758246],[1.711027619735059,44.967294403504056],[1.7506251087427585,44.95495947953577],[1.753916747572787,44.94094903140229],[1.7746083879446204,44.92353891590074],[1.787069584525844,44.93223900793819],[1.8239145263410468,44.92768244845694],[1.8311741137699509,44.945489022453565],[1.8862717368855733,44.95606762209103],[1.9081561620078975,44.97842677184467],[1.9390707704475676,44.9732241453493],[1.9407191588474306,44.95514088145865],[1.9816624813968071,44.97286584256669],[2.045437777493513,44.98366934976922],[2.0629142919730623,44.9765064055156],[2.080180633811985,44.95404979923148],[2.0786199838878985,44.93249880393721],[2.1081096992344133,44.91064323067309],[2.0864964046718506,44.90108537322011],[2.093387343737472,44.872914160665985],[2.1398005030167444,44.82382515219366],[2.166838986075325,44.81171436877482],[2.1669553074507704,44.773143530159075],[2.1534919160094748,44.753107579025226],[2.1473467852230246,44.720872889725285],[2.1526517256816478,44.69982758494574],[2.1791523387104577,44.6744488247748],[2.164998532757633,44.66315186421785],[2.1694177928364127,44.63806619142595],[2.207475285530841,44.61553167652982],[2.193605072158649,44.585919536206276],[2.169814750379143,44.5914152242936],[2.148458414466492,44.57058186258418],[2.1268932861145236,44.57892133300102],[2.1052735405908587,44.5712308351366],[2.083044956953958,44.58742511394722],[2.057369025284242,44.58290555966192],[2.020316538227445,44.55550186478567],[1.9885498908449635,44.55118208825662],[1.9562304028473732,44.5184522370375],[1.906117994440278,44.499870752169386],[1.8902881654773012,44.50588875517498],[1.8799562054517298,44.48383493649415],[1.8615755393539462,44.48731998198506],[1.83959954163412,44.475900168970036],[1.8526882779181688,44.45921955120797],[1.8505304217987393,44.435510430042704],[1.8731857077141336,44.424139807111516],[1.8675016882668152,44.39806363608371],[1.9068426542084775,44.364872665176094],[1.882082857535903,44.340065248844205],[1.826465277116675,44.32358769097796],[1.7918320747165322,44.33342155767223],[1.7745395287661794,44.31236243680847],[1.755361660673192,44.325821897882314],[1.6995029158165784,44.313814281404504],[1.6516207663148532,44.286805806785146],[1.6422791348823196,44.270774261083055],[1.6156813561412897,44.27840070659787],[1.616906636210223,44.297528790899236],[1.5707268227394882,44.30150251962804],[1.5872537911119244,44.24900550804784],[1.5752251099432597,44.23873127310143],[1.5417577750229903,44.22781299250401],[1.5290793065479253,44.235377109638385],[1.5096978064892344,44.27344945044928],[1.4951499133483663,44.27109950643376],[1.4732207948805132,44.28421134803531],[1.4531769569737827,44.26735663623184],[1.4535628583819051,44.25411881791156],[1.380368119687147,44.22485773308437],[1.3567953753702289,44.204016861252555],[1.3437890556280911,44.22428502732317],[1.3179163572182218,44.23295776845425],[1.2842650178929034,44.23519209123777],[1.284277976591082,44.25174919798396],[1.304059855892509,44.26295931081006],[1.2978031763342432,44.29486040345977],[1.2680258772309094,44.28148431232658],[1.2379955233318247,44.27589295439949],[1.1957883877382156,44.281420540652135],[1.159346881110355,44.3106276809867],[1.1219514922437734,44.31674824624536],[1.1134152586304344,44.33885107169266],[1.081222945573455,44.354384743572695],[1.0935208798901315,44.365961836772776],[1.1274427936033644,44.37298221773624],[1.133750630714704,44.39298864277138],[1.1067222137699213,44.39234711511698],[1.0640838318649115,44.37851326503539],[1.0514255555669048,44.39209372311952],[1.060650411597149,44.40361122945944],[1.0574884025751128,44.427669679196114],[1.0299753681284962,44.43361948161042],[1.0213774342184947,44.44445120337611],[1.0230092810371172,44.47543907306224],[1.0090253989657336,44.48004110906167],[1.0162314531417111,44.50587117332308],[0.9824267786867313,44.54548429761793],[1.029736286682771,44.551976017460866],[1.0716976200447952,44.56784537769172],[1.0751408247250982,44.577324783565565],[1.0957075874791038,44.59024337388754],[1.1537498404734852,44.63882020403],[1.1466718447537778,44.67034606645626],[1.1688078503397572,44.680017048529535],[1.22455005545425,44.6842663489296],[1.248270791913345,44.70770636912258],[1.2794274292251306,44.715831247801496],[1.3160508396721997,44.74037462834149],[1.322817940494351,44.76513318662047],[1.296243021698294,44.7778123630601],[1.2996352435270742,44.79691953728407],[1.3281098679785208,44.80652884504556],[1.3641029713426986,44.81156818641523],[1.3614038259537624,44.84079526684299],[1.4019390596723829,44.849446039670674],[1.4048386704545461,44.86234716877302],[1.4397519128973866,44.87494627874561],[1.4398566373102875,44.8889508179699],[1.4106099419064448,44.90896015297044],[1.4335895146429747,44.93830164881089],[1.40926521871603,45.00600178685703],[1.4482615439322117,45.01931315867405]]]}},{"type":"Feature","properties":{"code":"47","nom":"Lot-et-Garonne"},"geometry":{"type":"Polygon","coordinates":[[[0.2973255098237856,44.76228467395237],[0.3232866327071292,44.74761897166385],[0.346186543626901,44.7225420355276],[0.340537569558902,44.70304824522456],[0.35961911790454776,44.69100214687724],[0.3496189213624863,44.66012732964435],[0.36900627419453386,44.661175745652166],[0.41754944795275234,44.64625042497145],[0.44565684789610666,44.65274912995912],[0.47053010943012324,44.66957916232141],[0.4875231075582992,44.666678761175476],[0.5156727555160711,44.678339438211495],[0.5461757009438561,44.664653811569345],[0.5704204904951242,44.67489859623235],[0.5771464644207092,44.694023979180336],[0.6097310220706117,44.69537205404958],[0.6300837174762535,44.70504186396566],[0.6539964422514456,44.696742561948255],[0.6609287903127476,44.676687086290784],[0.7290670391461425,44.67608019640507],[0.7798374176059383,44.68338808872983],[0.7977266310515655,44.701767285601186],[0.8270009642517767,44.69188957907683],[0.8260869083147476,44.675993641671084],[0.843404038496723,44.66348079792942],[0.8363594164481827,44.6385854946771],[0.8170042739845023,44.62700147643911],[0.8373861616885234,44.61609958290861],[0.8386686479648295,44.60073353333194],[0.8699961633461998,44.597307270914904],[0.8907495915923311,44.61499646988759],[0.938715915523624,44.63970350097892],[0.9908384393481793,44.63713268673032],[1.014756458102413,44.614096475712024],[1.0733204955931674,44.595582525404495],[1.0751408247250982,44.577324783565565],[1.0716976200447952,44.56784537769172],[1.029736286682771,44.551976017460866],[0.9824267786867313,44.54548429761793],[1.0162314531417111,44.50587117332308],[1.0090253989657336,44.48004110906167],[1.0230092810371172,44.47543907306224],[1.0213774342184947,44.44445120337611],[1.0299753681284962,44.43361948161042],[1.0574884025751128,44.427669679196114],[1.060650411597149,44.40361122945944],[1.0514255555669048,44.39209372311952],[1.0640838318649115,44.37851326503539],[1.0498031510072285,44.36263857861528],[0.9960831328157144,44.36864294446829],[0.9806308033981536,44.35841947585265],[0.9500583334266814,44.35976314594097],[0.9199180731590045,44.384149730804495],[0.8982100442421902,44.381369123534306],[0.8873307771559802,44.36637485759437],[0.8961131685671826,44.34622833470228],[0.8696283736168164,44.309384546367944],[0.8951266314063179,44.29679206245922],[0.916429926804432,44.30219542177865],[0.9239584511688518,44.28869614788378],[0.9504654080705977,44.274984882924066],[0.9190898187097761,44.238270029336576],[0.9292392370345569,44.23025011826531],[0.9051836940209331,44.19731593132676],[0.8596865515735523,44.19273721850749],[0.8535753263369856,44.17496072438758],[0.8722443454179576,44.16786912488895],[0.8884779694239573,44.14877042878723],[0.8687736555079509,44.1263296946747],[0.8204870205722198,44.143244018566314],[0.7950995188269604,44.145608667033],[0.7962434549004299,44.11513490164438],[0.7540526324371263,44.10494098314301],[0.7384290025794918,44.07517631749729],[0.7418847912050018,44.06519923501575],[0.707796417778404,44.05801693922403],[0.6876624158684242,44.045888241623125],[0.6770868392750434,44.02697200478653],[0.6316490534555541,44.04949866816937],[0.6278895165319084,44.06062754308569],[0.6022274135910171,44.07371011611412],[0.5765096062579593,44.075205934881076],[0.5650779969821476,44.059221404780686],[0.5384274746319986,44.05295246662407],[0.4858132156850541,44.058600121652084],[0.4595156323439905,44.05523744897399],[0.44244991475496404,44.0287619833259],[0.39446331623218994,44.01998446971625],[0.3815242105137543,44.00637522428769],[0.3575675314065643,44.01637987419657],[0.299563922705621,43.99275637569358],[0.23519766394983782,44.00847404202415],[0.22470724318893848,44.019168066012675],[0.18957513112649763,44.014641710019696],[0.1667631974496389,43.99683417955631],[0.1634750890689333,43.975927867916795],[0.1379369703469956,43.976883130578564],[0.14096031674824933,43.99467654310261],[0.07604560969926086,43.98314313658291],[0.0626980132929106,44.00084249917964],[0.09431661158348077,44.065613157677994],[0.10177914904503296,44.08782254660348],[0.13673121582335918,44.10987087477736],[0.13579733087558213,44.12419368483945],[0.03459384382221056,44.13065240342955],[-0.0035391663583750703,44.149897854637146],[-0.05985846246111547,44.150817206299195],[-0.10518222695424868,44.1551363597548],[-0.12915451548994408,44.152409928751574],[-0.12947353060156191,44.203862714468414],[-0.14068847985275829,44.226404747689884],[-0.12013584466981135,44.23674667953463],[-0.08804999010961528,44.23886102586299],[-0.05336184991028127,44.265764926478745],[-0.03298436987139304,44.271725233652084],[-0.034811250980738076,44.296725798024596],[-0.059508100967366126,44.32137184585115],[-0.08575207965012982,44.33761004988665],[-0.07881922376705748,44.35369515694866],[-0.02996839148968028,44.36051961592557],[-0.012122430998677084,44.371315036223],[0.014724678596450859,44.36661482670666],[0.018233646559888256,44.389878791845064],[-0.002882225353325675,44.40546555102971],[-0.012027062235710009,44.42216048739268],[0.007529968364000282,44.44714235059867],[-0.00964812423297182,44.458953045356914],[-0.015453699893016518,44.505062787136026],[0.01809835904410432,44.52978491547094],[0.03685067130235277,44.55377569309968],[0.07072066177634428,44.54932864142863],[0.08618477510895356,44.57628609745734],[0.15503121242167628,44.61515967421126],[0.1826776591534784,44.66107212400698],[0.16217020857686018,44.670520278429166],[0.14155522468909407,44.66553015383226],[0.13439127028221218,44.681785671797996],[0.10990756955468833,44.684238793464466],[0.10217651632957546,44.699261620698685],[0.11781564233279757,44.71279600247887],[0.13340494933362354,44.70463342458088],[0.15300384600842007,44.73048103978557],[0.1941659722396007,44.743134942046765],[0.20145524828961092,44.72314903553606],[0.22538308407055824,44.761938628969595],[0.2557380828743981,44.750109827832176],[0.2973255098237856,44.76228467395237]]]}},{"type":"Feature","properties":{"code":"48","nom":"Lozère"},"geometry":{"type":"Polygon","coordinates":[[[3.3613425807398936,44.97141170967897],[3.38636652116385,44.952743854804055],[3.40455052934818,44.956397735743366],[3.4158326368156513,44.92853462204254],[3.410379964997872,44.91777749816426],[3.4357113347213044,44.880244038151794],[3.4418003889561284,44.85422679293021],[3.458847484667369,44.839932137298916],[3.4782424266646075,44.80967976284068],[3.5056510328808947,44.823846640197424],[3.5397490121099957,44.82817873595921],[3.588921232126889,44.8263980463694],[3.5980411899153943,44.85950943658448],[3.5943359966689914,44.87542977006506],[3.6264516856693065,44.88025029795416],[3.6548748534796442,44.87421590375256],[3.67181554273005,44.843385113427054],[3.6690230882043697,44.828879139980735],[3.722885793793205,44.8309902964175],[3.7444352015394076,44.83779866715789],[3.752688285784399,44.820978132154096],[3.8025469466502706,44.78217403491838],[3.8428722355724365,44.767658069140836],[3.836561503873052,44.74784401669704],[3.862527190139651,44.743863434670935],[3.8699370374536626,44.67891759737075],[3.894746224001558,44.651133585716494],[3.893726383489279,44.61783889720629],[3.908306472806382,44.606619160372716],[3.923566877594894,44.57188476465967],[3.948773902996799,44.57288654843654],[3.9817259440883355,44.51510533136414],[3.987654659812161,44.47277510314574],[3.998162987763964,44.45979755586323],[3.9762196820180424,44.441115482032224],[3.961144148606084,44.41397029137253],[3.944362317344653,44.39956750349231],[3.9079213910830926,44.4026196632778],[3.8859181039452233,44.38799905234691],[3.9127709736236946,44.36850586796493],[3.9446647587995822,44.31912094308078],[3.922858913740669,44.30521794102567],[3.9362541551640287,44.29349216194984],[3.9355689182657865,44.2747470409525],[3.956793721250768,44.27180072553845],[3.973127020352843,44.2525823769431],[3.9461674161736497,44.242375852165004],[3.9501597790209626,44.223545860744586],[3.9387003573911197,44.19367822410952],[3.959878514814277,44.191253656704994],[3.9526044819739092,44.170793726068595],[3.894888943932836,44.14779538799471],[3.8720717351442726,44.12886978328462],[3.8224027407450274,44.13619346399231],[3.7969951126604835,44.127389079486896],[3.762454627385766,44.148796144815584],[3.72562362185747,44.164239828951345],[3.706247388904811,44.16469033158088],[3.6835417745626877,44.18049607631633],[3.6577924199864618,44.17331757538967],[3.637535082199747,44.1758044419647],[3.632837509244816,44.12122297377445],[3.607405064801489,44.116029399262366],[3.5683776807910426,44.12255725261015],[3.5464898950428156,44.11382085664054],[3.505848181205205,44.12627491460725],[3.4814122244595582,44.12400876421138],[3.4397298934659637,44.12909826593223],[3.4308257080086695,44.14799915248837],[3.373648044830684,44.170755872105644],[3.3577995033411128,44.197910434234956],[3.317300542840415,44.200240218868345],[3.2950015544682763,44.20693612762719],[3.240325090398278,44.190831778546034],[3.206607905788314,44.18992834029595],[3.2250868325095428,44.21260133894453],[3.2243422257594276,44.23002883975091],[3.179876249541182,44.24566454674947],[3.1606544387163025,44.24539730394844],[3.153719168091856,44.273805934751195],[3.124161021616368,44.26032349700248],[3.1252288254578002,44.28446357369579],[3.1542516260589815,44.30837023621562],[3.133744886002754,44.33033358238777],[3.119331633132198,44.36409697183054],[3.1216683061653887,44.388740994522394],[3.1405583752842663,44.39261625444329],[3.1267210313580613,44.41395827490389],[3.1417277742830882,44.42845999235368],[3.1352323616083257,44.454447756476476],[3.1158453488850872,44.47555258933136],[3.100325843979618,44.479978817970924],[3.068038879929246,44.50286886512245],[3.083593896775788,44.559014394432964],[3.0759067638703557,44.572973678960665],[3.033175255143208,44.59690534845544],[3.0123028502611833,44.62190975589775],[2.981676986530433,44.6446766126243],[3.0160096767820934,44.713692453685596],[3.028593384774951,44.73000325460999],[3.0310795010084504,44.74941305751071],[3.0479974143057897,44.765468479023006],[3.048093761431216,44.80425398591603],[3.071476757431392,44.834123173435586],[3.0994768968798603,44.833588418089676],[3.0936395044401266,44.853715932362164],[3.1054983095640436,44.886774803102355],[3.1411028663826848,44.903319692595886],[3.166012315445439,44.874339110434526],[3.182311971252496,44.863734531317185],[3.215966948855477,44.8750364950506],[3.2366483203775314,44.88797735233407],[3.2290980359662727,44.90925048112522],[3.2496925236752454,44.916237893044965],[3.243812024502196,44.933528843936465],[3.286022962312807,44.92637841429803],[3.2989394542854322,44.938607376229236],[3.337948402304469,44.955908780382266],[3.3613425807398936,44.97141170967897]]]}},{"type":"Feature","properties":{"code":"49","nom":"Maine-et-Loire"},"geometry":{"type":"Polygon","coordinates":[[[-1.2458823462890538,47.776717547680406],[-1.2382517343256678,47.80999146297073],[-1.1986209884138974,47.795087631101424],[-1.1931389674383266,47.78697417474339],[-1.152946550291737,47.778006298929476],[-1.1226318940891669,47.78417913959446],[-1.0676842898971974,47.77297059421489],[-1.0204536348384041,47.77298948127482],[-0.9784592276088574,47.76203334334952],[-0.955206706607692,47.76711117947228],[-0.9602944572916631,47.7963079545433],[-0.9251020877476097,47.78771562691841],[-0.8812984869415317,47.763548188692084],[-0.8392941203736607,47.75227330317501],[-0.8399853237495013,47.768146096038514],[-0.816067662956568,47.77122618643005],[-0.7838699174942475,47.75058272701156],[-0.7593093892972002,47.75375329055893],[-0.7417076584328766,47.73810748626689],[-0.7103297199047672,47.74460337209696],[-0.6714156583122058,47.741118751584196],[-0.6537866615388507,47.73338137800601],[-0.6108182423666896,47.73568882741341],[-0.5847783552138252,47.7583563948255],[-0.5328644845775566,47.750826614212684],[-0.5096576702100792,47.786039414506206],[-0.46447480825707566,47.76859230202414],[-0.4545880132966191,47.75647912746232],[-0.42831835229803605,47.76761186364019],[-0.38561432621561664,47.769116081601474],[-0.3817032700427246,47.76056283993387],[-0.3749413527409204,47.739263349746885],[-0.3340636977656885,47.72116613990195],[-0.2867043357584838,47.7193267262097],[-0.23897070389904987,47.704236533845965],[-0.20237319489976208,47.7252424835264],[-0.1823177464697087,47.712899554202],[-0.20031003076883538,47.69468965521296],[-0.2201912638722686,47.68962152946947],[-0.19505682505367974,47.66137704033336],[-0.19315724780649848,47.6479165803738],[-0.15714474625449978,47.64556263174295],[-0.13610057418750457,47.634067825440376],[-0.1075909106103418,47.65528707795732],[-0.07177191841107244,47.658369330035505],[-0.05468293127308542,47.64842261886652],[-0.004507638464452976,47.64768842379034],[0.01704033105751261,47.62110138156107],[0.05165930848592442,47.606515201700375],[0.11568518986526223,47.60572820554534],[0.13984161379263732,47.59111878052602],[0.18492077212499186,47.599519723895675],[0.1857971097487886,47.61573515835152],[0.2300017263531844,47.60839829191704],[0.23453424561335756,47.577982037960055],[0.2150171714816557,47.57064544903573],[0.20150359657525238,47.544318760659884],[0.22484312443395177,47.52727704290141],[0.22010925240137172,47.50195329711621],[0.20921732522172254,47.49365838444261],[0.1812364735767597,47.4526491231434],[0.18528045906678275,47.42473344937359],[0.1676400513828326,47.405415942568375],[0.16799336737564852,47.3869314962575],[0.18295674766364445,47.38033212018486],[0.14939629089256964,47.36226337889678],[0.14729836062565832,47.34537579230401],[0.11746224213975613,47.33234274537884],[0.0785963884113725,47.28394130124859],[0.06792548837999822,47.2473308040697],[0.07249546123856535,47.22050992119078],[0.0532775371077964,47.19718486964462],[0.06659419807362671,47.18979325990068],[0.05382761471070587,47.16373008265526],[0.03664297673522525,47.160354293664795],[0.01901485826766373,47.17575785031973],[-0.01073662557135027,47.15750952036683],[-0.035959245982801084,47.12509157253751],[-0.04416541443323743,47.093242584398084],[-0.08590400471278307,47.1010103974686],[-0.09805549141019346,47.0913509263054],[-0.10212095637964737,47.064797190818005],[-0.12838002979815127,47.05442990559355],[-0.1476585466148043,47.069854366674875],[-0.178486598699701,47.0697670558895],[-0.1521214820209298,47.10085428544302],[-0.1848398275184138,47.10833699690516],[-0.20250740252740007,47.09583787535414],[-0.2415379484520476,47.10572466544675],[-0.2879290635736671,47.10144071067538],[-0.3414640153397548,47.08733467869207],[-0.3579271504355597,47.09365187822681],[-0.3834553981375389,47.08769862856716],[-0.4007795061579299,47.07077103460959],[-0.42854910796633194,47.07271663479802],[-0.4642554478540593,47.06757786350008],[-0.46269733093798004,47.08192636562548],[-0.4953402437613724,47.082385217708435],[-0.5595318719263807,47.06188673077478],[-0.5555783931772565,47.04353316953107],[-0.5654683969778376,47.01942614381194],[-0.61568293448452,46.99293402227639],[-0.6438716820428597,46.99351589442817],[-0.6758343487736584,47.00172199082605],[-0.7156396951065868,46.985502313803366],[-0.743365629187983,47.00070367813692],[-0.7619520119905745,46.992139886795954],[-0.7875770887198819,47.00513718237798],[-0.8559224678754487,46.979084161484536],[-0.8919599503022404,46.975817849607864],[-0.9027847223499762,46.99384133071281],[-0.9334603151811864,47.008908043397554],[-0.9670342291507741,47.00506278044761],[-1.0003954614147021,47.02080439583092],[-1.0158832983469237,47.00413844081306],[-1.0741287584409651,47.008280037449445],[-1.1444802777855911,47.02539165807213],[-1.1485704887534398,47.029545162586565],[-1.1170476687025708,47.04013159004134],[-1.1155386203739606,47.06269707451897],[-1.145027574182689,47.06837675006014],[-1.170292292370527,47.093053598552416],[-1.2423703743532273,47.10123014862037],[-1.2258419448390925,47.11944408223294],[-1.2374293726181724,47.13493300477958],[-1.207726991440738,47.1438706405948],[-1.175868309084218,47.16311976069785],[-1.1634008936162523,47.18546752937314],[-1.1784570598013726,47.193390310739396],[-1.1880521879881976,47.219792216059965],[-1.1809669432498426,47.24081046650355],[-1.1980384206236745,47.252940714686886],[-1.2283649350807286,47.239712044540795],[-1.251834385400758,47.248391505350874],[-1.279481478733716,47.274997858626456],[-1.2798655849130829,47.29443954491049],[-1.3017706698751919,47.30303238335918],[-1.3443707665147786,47.300912351608176],[-1.3358228427021601,47.3189666448679],[-1.2998771573086019,47.33762366530587],[-1.2612216058119492,47.34085259435289],[-1.2286336711215902,47.34992378396915],[-1.182960128465649,47.35431013426607],[-1.167609698077546,47.365887235139574],[-1.1082260597696614,47.36577684975045],[-1.0787286518898893,47.370791947022845],[-1.0178737847602033,47.36506226317233],[-0.9748672757080542,47.371382608948814],[-0.9508302510459343,47.38350557596203],[-0.9500724202369605,47.40418985727392],[-0.9610616341565943,47.418146960038484],[-0.9542208546281663,47.4539097574189],[-0.9672169416067916,47.468248780242014],[-0.9674825559179046,47.492800296900974],[-1.0086170505041334,47.489110660531026],[-1.0444575006084293,47.50550106908369],[-1.0397778230870207,47.54883710607215],[-1.0525094143946503,47.56363638662836],[-1.0068639898836467,47.58905339488284],[-1.026009375226936,47.599308629561634],[-1.0564895204285647,47.601479248609785],[-1.1006492140245874,47.62068366379477],[-1.137956817334609,47.619736138890346],[-1.1579089209094204,47.63660321755249],[-1.1608077767122782,47.65632049258235],[-1.1824294262619501,47.6680046714435],[-1.1749295691501485,47.694565013829596],[-1.1894960789668845,47.69916325132362],[-1.1951181057962028,47.72154902070605],[-1.2154187219671249,47.718817804901974],[-1.2545772523262662,47.733641751506994],[-1.2355437776358398,47.757046555422306],[-1.2458823462890538,47.776717547680406]]]}},{"type":"Feature","properties":{"code":"50","nom":"Manche"},"geometry":{"type":"Polygon","coordinates":[[[-1.1196225402660513,49.3555679898469],[-1.1134631010458858,49.32794637083092],[-1.1395424010513058,49.30987085975071],[-1.1400966460602808,49.2973935275135],[-1.1215034590044193,49.28156614073767],[-1.124678305514618,49.26791880332945],[-1.0787006256545217,49.23459214406213],[-1.03400192072734,49.218462649963996],[-0.9754585570109295,49.19216218144188],[-0.9205699599745509,49.221065178841805],[-0.895819782126535,49.19807825865292],[-0.9373335821349595,49.16152234602555],[-0.9314412531318438,49.14557476084313],[-0.8865942987279166,49.12943404142505],[-0.8784554052403395,49.117103346563994],[-0.8799553096857228,49.088797685340666],[-0.8703864178242734,49.07831283220894],[-0.8845207940960534,49.03871404252527],[-0.8623508752010071,49.034658294620314],[-0.9061381953887807,49.006106279376766],[-0.9136451137312932,48.99096142683413],[-0.9427299538328557,48.967706984870034],[-0.9557321879384142,48.966234060803075],[-1.0226214673729113,48.927090137671044],[-1.0137402112544927,48.91595272397592],[-1.049194217272288,48.89402994339517],[-1.0711805139009567,48.87028515761762],[-1.099957594999108,48.86805030812276],[-1.1553820376155783,48.83646333089034],[-1.1537697728059082,48.822236045223256],[-1.1038400489666345,48.814802746543315],[-1.0894728333388959,48.781514884249376],[-1.0587344201065705,48.7733510406527],[-1.0374406727580494,48.78252947303227],[-1.0126842102843516,48.77178311290127],[-0.9510500649738302,48.78923788485761],[-0.9194507448733115,48.76990119354358],[-0.870843068323719,48.755747083763815],[-0.8409353560137922,48.75222016383323],[-0.8492246178903684,48.73075569433634],[-0.817893287414865,48.73117743116182],[-0.7917739207703051,48.70515869262072],[-0.7354985764702292,48.68396472383358],[-0.7733632741625079,48.65747680031274],[-0.7524222705829918,48.62213618876707],[-0.7517442676401291,48.60131936977811],[-0.768359672906354,48.59032984724143],[-0.7741715461672727,48.56267832832823],[-0.8057094829569462,48.54987498304548],[-0.847670683669462,48.52112645892402],[-0.8603629154348681,48.50145849652254],[-0.895759002734999,48.49483509679017],[-0.9223589824244613,48.512387467627654],[-0.9563792193607108,48.5166180795957],[-0.9722539090536432,48.49459678797466],[-1.003998750116345,48.489170559999316],[-1.0605549892053183,48.51534444794686],[-1.0701645143702043,48.50849381419032],[-1.1305430914657242,48.52170438546665],[-1.1470794109416749,48.517497772579],[-1.1709940931325373,48.53107346572728],[-1.1883677623098592,48.52868744833374],[-1.206555726308375,48.54220594454138],[-1.2722484935647256,48.533924823055],[-1.2792064911793741,48.50916990134831],[-1.3286586444430455,48.49624141596003],[-1.3446860862323986,48.47306856926301],[-1.3825547062366061,48.4568090552251],[-1.4291375679083818,48.46255700303843],[-1.4492619036481307,48.48610480553381],[-1.4899474351423645,48.4893748476061],[-1.4956341385339116,48.508901592854826],[-1.5195667662578034,48.54001612578908],[-1.5332845735947223,48.548008242217605],[-1.5189153941473403,48.56659421958314],[-1.5429924815935763,48.580444133540496],[-1.5395886706131567,48.59990995187043],[-1.571087121326364,48.62644574305228],[-1.5435435350637288,48.63121279257955],[-1.5156463864153509,48.618246538328954],[-1.4771911456334617,48.618735940477464],[-1.443640368193959,48.62752557033798],[-1.3931950000571642,48.650524383670096],[-1.4858341115383116,48.68638581019091],[-1.5081675203931897,48.69117348999072],[-1.5319288351465319,48.73102057677593],[-1.5601811084952157,48.73546601099355],[-1.5744067767391592,48.75184944838184],[-1.5689116621961623,48.80265414493922],[-1.5744419562050678,48.821684938652076],[-1.60492034674064,48.83789166867906],[-1.5871695543001123,48.84645691414395],[-1.5763778734243568,48.86622956887365],[-1.5696724678452931,48.899023227002154],[-1.5515508912728522,48.90833449236361],[-1.5434217971126396,48.93102731412556],[-1.5621121920567587,48.94101750482779],[-1.5607059456223331,49.00148291031971],[-1.5937932678762967,49.022503267429315],[-1.6094115242692357,49.07927811770436],[-1.606935957044734,49.11003133842661],[-1.5947491074806148,49.131932809532245],[-1.6073172609984514,49.19664548258766],[-1.5892834706047838,49.23342782862976],[-1.61699549946473,49.23161226126529],[-1.6316904105955683,49.21422567935813],[-1.6541578497297265,49.241447844599655],[-1.6650285987196094,49.265558278699984],[-1.711168264458309,49.32509928438261],[-1.7242753116935,49.32710827112396],[-1.7647207703926648,49.36355636410871],[-1.8070415201028562,49.371883988182944],[-1.8236585668079848,49.4014702879999],[-1.8267724913131993,49.452917249373044],[-1.844605855792456,49.47096122199953],[-1.8525981237513987,49.51038685631441],[-1.8819329337834734,49.519310940029676],[-1.8856955118557936,49.54039147246037],[-1.8579284299662393,49.5515291506756],[-1.8410273136069895,49.57173433702396],[-1.8451411614330706,49.61908992529084],[-1.8603000418191267,49.65019279204103],[-1.8956952778084324,49.664931836942685],[-1.9461788272965446,49.67434830154208],[-1.936439146470204,49.69375892397446],[-1.9472764301188112,49.704932281313916],[-1.942245186733018,49.72555529334811],[-1.916516630754937,49.724878374537525],[-1.882912866788183,49.705706386310766],[-1.8587301287976281,49.715623305593],[-1.839532798595857,49.71155454173644],[-1.8228561882429963,49.69031481833081],[-1.7745875090438277,49.68086868404481],[-1.717807811993846,49.67984522346912],[-1.6867515873282075,49.67307140423291],[-1.6724172017020642,49.65765473955586],[-1.63285141798923,49.66064611404181],[-1.6246789365290826,49.6464653967003],[-1.520239237616472,49.65741709322276],[-1.4858029063728724,49.669313639920425],[-1.4710805783093919,49.69667602847381],[-1.4557412827864928,49.691326221246335],[-1.4211576721789985,49.70370298113619],[-1.3685551471066846,49.706629617440186],[-1.2998499192449107,49.6935189965057],[-1.2679290471720517,49.69532738213563],[-1.271008796143279,49.6797055830237],[-1.2391814229357874,49.65240173891874],[-1.2290598170197164,49.60871341882292],[-1.254286601197548,49.61265560522737],[-1.2662663845442874,49.592850277700535],[-1.2962320370638967,49.58317124235064],[-1.3091674328357494,49.552607084023585],[-1.3063594927131816,49.538927340535665],[-1.2527076587085064,49.480600121491854],[-1.1925632637620527,49.432177811410874],[-1.1680020729875382,49.408031628446786],[-1.1617336960367475,49.391748947534765],[-1.1785816005847864,49.37845801413797],[-1.1639520107160866,49.36665848650392],[-1.1196225402660513,49.3555679898469]]]}},{"type":"Feature","properties":{"code":"51","nom":"Marne"},"geometry":{"type":"Polygon","coordinates":[[[4.047972977986833,49.40564229475753],[4.0769132710042255,49.401612719003566],[4.188996868487692,49.398693325461345],[4.2013073779715375,49.38378396286446],[4.248321950611529,49.38225603439192],[4.258398145436199,49.36351577479519],[4.290937077765363,49.34699963965571],[4.306756525620349,49.32779732810991],[4.330894078223754,49.32715621477832],[4.3541542998888705,49.31616310169742],[4.376853871003221,49.31699430474222],[4.393424577830647,49.29708771300736],[4.418775444942886,49.2851133003246],[4.459506424178967,49.27757864272764],[4.541215512322572,49.28622829426292],[4.575868215345435,49.296651189312385],[4.594974261377573,49.2707300343065],[4.6058938566008445,49.26970402626851],[4.635511161128344,49.232134393917896],[4.670374586913542,49.24151155534761],[4.686074799511886,49.256759043801544],[4.726823349053574,49.25232502044604],[4.7442321118937505,49.2414729109037],[4.788889603899746,49.24134019593029],[4.815420265730455,49.249854960398],[4.826941205469512,49.23576093816036],[4.86275799597872,49.24154352922503],[4.909606220926124,49.26349853270867],[4.950989232683009,49.23686584630137],[4.970761881963812,49.23605865097721],[4.993377429884994,49.20962536427259],[4.9397619983736725,49.18506820457861],[4.953397966379194,49.17195155260111],[4.974408367068746,49.13340447110328],[4.99213130434257,49.114899861463385],[5.005744190171552,49.05987214490083],[4.96844159954904,49.02290133721377],[5.0076814026818575,49.03495195077163],[5.036321445219877,49.02433254954083],[5.032675426761192,48.99373965141204],[5.004646480636104,48.98364213966209],[5.037904334159841,48.9730160560533],[5.030128675561755,48.95690245547182],[4.986405609443761,48.93190826599592],[4.9362093920054075,48.92214239512387],[4.915798542054488,48.89979310962273],[4.924696402833776,48.89135651199283],[4.924676889741789,48.86463057973145],[4.93570201866688,48.840631475686905],[4.888760929797642,48.81720971453769],[4.889557040484959,48.798206203700566],[4.934571757746961,48.790360787111126],[4.947881817618987,48.771602644481156],[4.990124563499123,48.74183736486811],[5.009219993538869,48.74139150464051],[5.011787133446862,48.70669113644506],[4.988427677798425,48.684418562233176],[4.9502952474979125,48.6879545407904],[4.935102757331475,48.67804414699184],[4.910378975054349,48.68854676058441],[4.867775765589871,48.66719674333675],[4.822713970971492,48.67403036103939],[4.7816659214071615,48.67019744127014],[4.772425267645258,48.656461849317175],[4.807564203534146,48.65430553938369],[4.850578327876817,48.63991537290219],[4.850509978828629,48.614183688167515],[4.829662115751189,48.612481442983466],[4.796778242210989,48.59529317207245],[4.769195892207036,48.58868831063029],[4.776020152963706,48.565957606678474],[4.799180099828292,48.529779876249094],[4.718012145060739,48.54199401283636],[4.670183207291811,48.53188730232318],[4.635013531124556,48.54446897027231],[4.6263828171661405,48.554547535211604],[4.576487514925921,48.549380130056875],[4.527473253110997,48.52851621730074],[4.521965785232567,48.54505196597459],[4.49528083286357,48.53872358042404],[4.403076671568411,48.561260233656824],[4.314917546995119,48.61621957939382],[4.331760406442508,48.63027354824816],[4.317329119564903,48.65166491720243],[4.332773350334676,48.67058273703408],[4.3255940122986445,48.700277029531],[4.302615983872354,48.71237740647513],[4.2523956317261185,48.708651278525025],[4.233040648104506,48.702313167606725],[4.161208977574132,48.70564270827603],[4.131090952946843,48.68615119823393],[4.079787822987737,48.701118254412116],[4.058195208802969,48.66627477909254],[4.030051914462845,48.65914499071498],[4.001695483416846,48.66387541820995],[3.98646950961592,48.65506991614687],[3.977230864165596,48.632216352927855],[3.9585488780832865,48.622904721543364],[3.9492402192699783,48.60343151995247],[3.916112422498775,48.60703746596832],[3.9000544029762967,48.574837870717545],[3.872574553060613,48.58047608998417],[3.8586730804738507,48.56033634110919],[3.8655808154248064,48.537930954397474],[3.851404847916241,48.523378465573664],[3.822742058660399,48.516104417807576],[3.7947250716869743,48.52769326968686],[3.7428823405595684,48.5336960863688],[3.7041935334272225,48.53348173230274],[3.688010554935591,48.53996363936458],[3.643639260745969,48.536262879171076],[3.6340147312950517,48.54129833541425],[3.631866148641539,48.570977927086886],[3.6042445587901217,48.572452767827976],[3.579891832495665,48.60485886515818],[3.5556137492385345,48.62028467657408],[3.5190711976645597,48.633474580141225],[3.5174997752390147,48.64336703334491],[3.460426313142606,48.65300999879329],[3.4406134906014127,48.6636539025972],[3.4693877334848082,48.68643581459289],[3.4643028353269045,48.707377209765006],[3.4697275479340295,48.73786507384338],[3.4443842525897947,48.73668491350176],[3.4302049079731773,48.756874901226034],[3.395834526122342,48.75925128896011],[3.409426927872636,48.78384005486431],[3.442913938608982,48.78618495446326],[3.4321733352035433,48.81226134369876],[3.484964362562067,48.82500976544345],[3.4851874436586847,48.851908494372864],[3.5083215469627684,48.890402602371054],[3.528576443116953,48.91214102895302],[3.5738538398044097,48.92148321270002],[3.5744431375994288,48.93901643224886],[3.601964878227183,48.94505940416911],[3.591558411237313,48.96037176960385],[3.620658549289589,48.9659439788058],[3.6387510313501172,49.002277384044845],[3.665158653762439,49.00563193481009],[3.678113179313511,49.01690766636074],[3.663950657450056,49.03730898527378],[3.647726454659581,49.04140800760242],[3.587608670612347,49.03381324798993],[3.5877067932472952,49.059394631367105],[3.6390535019551273,49.08130605737889],[3.6117958918993924,49.11808793409194],[3.6103983127772716,49.13550196815309],[3.622246623748466,49.151103693376655],[3.6534402301896542,49.14869065051608],[3.6838349064164695,49.15449185807903],[3.701623868432638,49.14308771135046],[3.7487650521863713,49.15708155419203],[3.7511478237665794,49.17770096615194],[3.725444039996693,49.173515945092305],[3.704392046963459,49.181373023469],[3.697104870697589,49.20547444963648],[3.662544752146768,49.20897792079391],[3.670777136423702,49.23959850877529],[3.65525456317135,49.26285133857558],[3.6573162286122742,49.291023347068474],[3.643938967409509,49.31271547683784],[3.6989371212574853,49.33195284253632],[3.7422207217091263,49.33651301919691],[3.777534921928809,49.35581577743615],[3.8224705767098395,49.35696565512036],[3.84805797975596,49.36391735212325],[3.8563548292895904,49.381163036761194],[3.837686516500783,49.39565820991326],[3.864856156264051,49.40533685972032],[3.898159524095673,49.39324676616779],[3.9252301838116423,49.40757795776365],[3.9613090288565647,49.37734494086453],[3.9949400464231957,49.37789993445056],[4.0127284202980995,49.358299141243386],[4.035496373111564,49.359904159430094],[4.039913351175735,49.397396867183815],[4.047972977986833,49.40564229475753]]]}},{"type":"Feature","properties":{"code":"52","nom":"Haute-Marne"},"geometry":{"type":"Polygon","coordinates":[[[4.670183207291811,48.53188730232318],[4.718012145060739,48.54199401283636],[4.799180099828292,48.529779876249094],[4.776020152963706,48.565957606678474],[4.769195892207036,48.58868831063029],[4.796778242210989,48.59529317207245],[4.829662115751189,48.612481442983466],[4.850509978828629,48.614183688167515],[4.850578327876817,48.63991537290219],[4.807564203534146,48.65430553938369],[4.772425267645258,48.656461849317175],[4.7816659214071615,48.67019744127014],[4.822713970971492,48.67403036103939],[4.867775765589871,48.66719674333675],[4.910378975054349,48.68854676058441],[4.935102757331475,48.67804414699184],[4.9502952474979125,48.6879545407904],[4.988427677798425,48.684418562233176],[5.008333278861154,48.67023772723031],[4.992811815436962,48.65827053404921],[5.00616236089035,48.63348264533262],[4.99466786336989,48.62182551829475],[5.0141448684428935,48.610214170115775],[5.032284450963603,48.61329817233609],[5.049692721915686,48.631265806018796],[5.070374138899134,48.59610309669313],[5.117905583758205,48.58495445930086],[5.144873587885955,48.562874491019556],[5.173113022339201,48.55631460308862],[5.208425883036941,48.53861075457746],[5.264870353729535,48.51920792199762],[5.305623464696029,48.51591327057272],[5.327278259522607,48.50479938800887],[5.349469998299744,48.48198867902053],[5.406054924803939,48.46539304073884],[5.408498570986399,48.445794580180355],[5.445157350390678,48.425081250152175],[5.470061704426128,48.42092884036511],[5.443801554148948,48.412796111132934],[5.408721169498744,48.38310019043649],[5.441572019947177,48.38023164680497],[5.419996789966145,48.36209610065057],[5.418230200002256,48.339827299478394],[5.441808221286742,48.33585087730688],[5.482149185087855,48.35620132426793],[5.52236342294961,48.34085020470289],[5.544667324256171,48.31484393016795],[5.5879967536815585,48.278489865685614],[5.611652001252659,48.29181533437579],[5.65380919650419,48.26852380977062],[5.640901189478503,48.242354204929356],[5.677420725123087,48.22898238922798],[5.6877917029501965,48.23418465758911],[5.719343419026872,48.21284553404126],[5.730982683815125,48.18969958329602],[5.696740894208173,48.18888423309182],[5.6822435704493275,48.17570971343473],[5.68431870758825,48.14504209497101],[5.656886341889701,48.120399648852754],[5.629010103166862,48.0844163929701],[5.65966986503565,48.08486263156757],[5.740575630698962,48.050043986724326],[5.77774789858366,48.031361923263205],[5.793591975095584,47.99070892021546],[5.778492027788896,47.97800978811231],[5.787280985479235,47.952596973102644],[5.850003923490582,47.96283504722941],[5.884726375202079,47.926047148569474],[5.890864473987194,47.910829841401245],[5.869970150074121,47.900706913078324],[5.851317308296247,47.905988473584586],[5.805624457872526,47.847311152266364],[5.76119123886598,47.85933449216956],[5.744128331452809,47.84867639845901],[5.746056257349712,47.82359612703334],[5.732629873750381,47.81759710089163],[5.699885101970957,47.82390335263593],[5.681940162654595,47.806412809419605],[5.679969716046147,47.769967881716525],[5.705093217659827,47.76911094285444],[5.709442412269412,47.745127245662815],[5.693342993991239,47.737537821735295],[5.684123936651815,47.711966155758596],[5.690079801415203,47.684838574927916],[5.6534056633858105,47.67738242296545],[5.596682241448045,47.67168603172257],[5.585005103022503,47.69979015765272],[5.567204936430051,47.70523436852804],[5.529778304397354,47.67282923798152],[5.482567919490752,47.684602874896335],[5.4460337898832885,47.67077575883233],[5.406342872021028,47.673400744473895],[5.405745536478159,47.646866141018315],[5.37317594209649,47.61838294374159],[5.374078595885573,47.60454165278582],[5.354893869684326,47.59131447740441],[5.340003771124325,47.609065915523516],[5.299837418963084,47.60492946802028],[5.252920215668424,47.57694786282474],[5.238668295142944,47.597284983235],[5.239232274239111,47.61613009897604],[5.211414189836741,47.64189107719557],[5.173597037303847,47.65256871236608],[5.178340930532218,47.680951862214265],[5.1282137463189255,47.64769555171287],[5.084909015051583,47.65725535909673],[5.0435872776506425,47.676515292793226],[5.030001604156784,47.70940841478221],[4.992275225837213,47.688313503769756],[4.959844644041361,47.69697375959394],[4.953807643894032,47.70691553121908],[4.971770458339338,47.73022100712152],[4.949610301299183,47.765002530384045],[4.930742567556667,47.76133580408352],[4.918299821120011,47.7773135776728],[4.987227991995704,47.8032996343454],[4.993918239441858,47.81957144123197],[4.9683502146365655,47.83194135820226],[4.9540942495981195,47.8667681480835],[4.9282302679425625,47.871121167237085],[4.928173323343671,47.886876403893034],[4.901848449197037,47.921289405231384],[4.87629817749016,47.92022401352716],[4.857004574909452,47.895855881593434],[4.828942462053263,47.915128709594974],[4.866096820746109,47.94050603305215],[4.845182055142008,47.96125251907535],[4.811007449975246,47.95932655708529],[4.785061370779013,47.968869095555945],[4.794634345104126,47.983197869158744],[4.789083695644797,48.00782938255744],[4.749300809603172,48.00425102648959],[4.719943437560306,48.00889645519276],[4.704238250439468,48.0202323762063],[4.711006682460102,48.04991853541924],[4.688818526238874,48.073127919250304],[4.708492447514134,48.10012538889342],[4.730610406781701,48.11820899817677],[4.7632776797863725,48.11550181600475],[4.8193072949588815,48.10319242346332],[4.835619390228278,48.10855609279288],[4.829291938175258,48.129608375504965],[4.850099917169891,48.14175885538576],[4.837947597948636,48.168959717850704],[4.862104268789182,48.19962383107111],[4.844090578611303,48.24161361141823],[4.857678156974527,48.26856300069992],[4.842390138796092,48.28357098511807],[4.850845034125924,48.296245729889414],[4.814217580453079,48.323010826658724],[4.8414713515268755,48.339464111308324],[4.754719796035579,48.36668089354523],[4.76018751621395,48.38761245982979],[4.700747648353684,48.39575121376588],[4.672923053694571,48.44493692940629],[4.635723724779378,48.456919205602716],[4.6493513522062,48.47085769541501],[4.670183207291811,48.53188730232318]]]}},{"type":"Feature","properties":{"code":"53","nom":"Mayenne"},"geometry":{"type":"Polygon","coordinates":[[[-1.0701645143702043,48.50849381419032],[-1.0605549892053183,48.51534444794686],[-1.003998750116345,48.489170559999316],[-0.9722539090536432,48.49459678797466],[-0.9563792193607108,48.5166180795957],[-0.9223589824244613,48.512387467627654],[-0.895759002734999,48.49483509679017],[-0.8603629154348681,48.50145849652254],[-0.7975558085305263,48.465278693659805],[-0.7778740724524535,48.46541168200867],[-0.7796468261489741,48.44602717779943],[-0.7572811397545338,48.436551469912764],[-0.7151034623418729,48.448949122074],[-0.7358573623603453,48.46112222178988],[-0.730343478460553,48.472706578375146],[-0.7020679300858332,48.467206812159105],[-0.6662397250359153,48.48588955148741],[-0.6510738694884249,48.44394876336686],[-0.5986229162657322,48.47101955265918],[-0.5502899127948604,48.47423143238625],[-0.5304357344769987,48.495166069981224],[-0.5050654278707298,48.50579601256293],[-0.4781981375781819,48.501570405632215],[-0.44380935670202487,48.51374721178168],[-0.3676233888648988,48.492944315128234],[-0.33820693066737895,48.50050101655408],[-0.3202385045732452,48.522920009526636],[-0.2715497531161014,48.50745217404008],[-0.2629746987558156,48.52359724467027],[-0.24146030977322894,48.53711490462154],[-0.26180278773892185,48.54789343136948],[-0.23435383691646136,48.56233718214002],[-0.20693829348513745,48.562944759163955],[-0.16938322355767327,48.53697934057344],[-0.14460396356167668,48.52775250488166],[-0.1663420949957147,48.51558833305454],[-0.14362687075469976,48.45472711281225],[-0.10641204070316028,48.44752336948581],[-0.051896256193192464,48.4532597698412],[-0.05735713318959158,48.42850475869075],[-0.05453120471342586,48.382003457815514],[-0.07781568991642306,48.369011884149366],[-0.11216445619965741,48.37424593844257],[-0.13797809431803487,48.36135559567944],[-0.1322639799404977,48.34367891800192],[-0.15624187430084163,48.33878308965111],[-0.15462051452709383,48.31399248085133],[-0.13808698398432823,48.2934339795153],[-0.162366087633251,48.26001034242559],[-0.16095933457080433,48.23880560928454],[-0.14518119273289676,48.224233621433555],[-0.14683706738655639,48.205008919837425],[-0.1989536608764294,48.17827619579444],[-0.24992127138834272,48.157106805241526],[-0.25380835722539496,48.13652925202679],[-0.2164164207043083,48.11373479657783],[-0.23852128063613662,48.08512943952702],[-0.22496575471956115,48.0740005169816],[-0.2309424436035576,48.058985357486335],[-0.27144577462211034,48.06524304546605],[-0.31721069812097374,48.04509335726533],[-0.3399323890629896,48.01160216696548],[-0.3160042679648186,48.00526279935535],[-0.2826331784456301,47.958191807392794],[-0.2953214951501512,47.944001512102375],[-0.33832856883634976,47.93101420361583],[-0.37509534291502034,47.93272853592671],[-0.39622906190687696,47.92596685050878],[-0.40710509590818,47.91084268048501],[-0.40516479150867374,47.89292797578798],[-0.37698156137550093,47.887202712966676],[-0.3743813069594822,47.85830770196427],[-0.40938712543111205,47.858367062871636],[-0.4478589178811479,47.832216379452724],[-0.43408017720781095,47.80905444470248],[-0.3882005825686289,47.80531865639091],[-0.3754332123417834,47.76723904317632],[-0.3817032700427246,47.76056283993387],[-0.38561432621561664,47.769116081601474],[-0.42831835229803605,47.76761186364019],[-0.4545880132966191,47.75647912746232],[-0.46447480825707566,47.76859230202414],[-0.5096576702100792,47.786039414506206],[-0.5328644845775566,47.750826614212684],[-0.5847783552138252,47.7583563948255],[-0.6108182423666896,47.73568882741341],[-0.6537866615388507,47.73338137800601],[-0.6714156583122058,47.741118751584196],[-0.7103297199047672,47.74460337209696],[-0.7417076584328766,47.73810748626689],[-0.7593093892972002,47.75375329055893],[-0.7838699174942475,47.75058272701156],[-0.816067662956568,47.77122618643005],[-0.8399853237495013,47.768146096038514],[-0.8392941203736607,47.75227330317501],[-0.8812984869415317,47.763548188692084],[-0.9251020877476097,47.78771562691841],[-0.9602944572916631,47.7963079545433],[-0.955206706607692,47.76711117947228],[-0.9784592276088574,47.76203334334952],[-1.0204536348384041,47.77298948127482],[-1.0676842898971974,47.77297059421489],[-1.1226318940891669,47.78417913959446],[-1.152946550291737,47.778006298929476],[-1.1931389674383266,47.78697417474339],[-1.1986209884138974,47.795087631101424],[-1.2382517343256678,47.80999146297073],[-1.2160077396105768,47.83115457607098],[-1.2139598200974668,47.84431487401968],[-1.1892286738461781,47.8675257247478],[-1.1966267612194066,47.88926967278471],[-1.176229425978116,47.89739680946678],[-1.1595139860083212,47.939220868111676],[-1.1539806565642339,47.96582146885006],[-1.1260769059410864,47.97331126695682],[-1.1026711686637318,47.98906278289821],[-1.0709701077191276,47.98180281363006],[-1.0212610284765602,47.99494016247969],[-1.018202579829028,48.012309356573546],[-1.0346655165784813,48.03361464779431],[-1.023283345569893,48.06891120315209],[-1.04960608939875,48.08980493060165],[-1.0602909002161003,48.150112461248],[-1.0796054903163383,48.18347699576321],[-1.0736642370047438,48.20075616092018],[-1.1015118599620337,48.26179752391566],[-1.0820973324543777,48.298390519589205],[-1.0450195299623026,48.327727830000974],[-1.0646345421184056,48.36828025341763],[-1.0539346752839132,48.383988802654805],[-1.0771281225801501,48.41169597169672],[-1.0830222073820854,48.43355484623164],[-1.06581502082362,48.4511898364817],[-1.0757201292558587,48.499394433638884],[-1.0701645143702043,48.50849381419032]]]}},{"type":"Feature","properties":{"code":"54","nom":"Meurthe-et-Moselle"},"geometry":{"type":"Polygon","coordinates":[[[5.470910130592771,49.49720502129504],[5.541175427366362,49.51526468551874],[5.556054418170868,49.529249012712015],[5.593452750302351,49.52190879652461],[5.615929213702141,49.52712694494857],[5.636796547934622,49.54504576700591],[5.663216639729165,49.5527322793671],[5.701263034650679,49.53951786025749],[5.7325201904510275,49.544464906619325],[5.774412837219823,49.56298255279729],[5.793930405166045,49.551240203734956],[5.8369571912669995,49.54247191409379],[5.836233336445646,49.51985372493001],[5.869093663016168,49.49878274863684],[5.893401083719673,49.496909750110916],[5.9028920872339725,49.48379495708393],[5.938573949545653,49.47481323186841],[5.942282468750819,49.43034622332949],[5.91204332139632,49.40747659912329],[5.929562016978401,49.40189069409503],[5.9327717047585935,49.37015147282544],[5.956123967212049,49.36159497798842],[5.962613221125637,49.344866959890794],[5.94400804744167,49.334644506896005],[5.985220799804532,49.30517081937582],[6.006390696711231,49.3079648171488],[6.000492336268631,49.27537547287367],[6.006667263528377,49.26028809283966],[6.0286095479587445,49.24841255130629],[6.029385386695151,49.23047199221416],[5.987627297222747,49.20961691713355],[5.982834325573433,49.18651522282689],[6.002250831363206,49.185007006720355],[6.0261499402444025,49.16511893599002],[5.981384937221558,49.14445423565313],[6.00491999554859,49.113988280244584],[5.997395942366339,49.10784182738146],[5.931603285178869,49.10910433832356],[5.924683336615274,49.09212399499875],[5.9532001062961815,49.05400525300155],[6.045110478908419,49.013520358557074],[6.043435324319259,48.977477915970994],[6.081322571612109,48.96304750061741],[6.116912179457586,48.967832850981594],[6.132207146051102,48.93472094774055],[6.16233199123861,48.94287521453305],[6.177120700704927,48.934924104920626],[6.222641164054098,48.93850513094841],[6.245534632278756,48.92378375934002],[6.271977767337417,48.9331355970772],[6.288337094198781,48.9164057732219],[6.327264769799276,48.90519552048261],[6.298269555306107,48.88072376373154],[6.311714980584929,48.863826545661276],[6.2888587554276025,48.84323273382886],[6.338947107825573,48.834058199828384],[6.330651430081595,48.82330786866148],[6.370600538901966,48.78462319426055],[6.394874246018456,48.77476240981232],[6.433515038771951,48.78904238593331],[6.453603381539952,48.765894004837314],[6.489616200477496,48.765575862224765],[6.511039646542062,48.74880543901709],[6.5401903328498525,48.75385918265721],[6.564255135947671,48.74995572268137],[6.594835612692378,48.72922173177475],[6.598965570952483,48.71569079778236],[6.6236441629626235,48.713682866112556],[6.638020827883166,48.70287255743568],[6.658407329856351,48.70804728628271],[6.68791954042715,48.683627810294645],[6.733850339573668,48.663755791166636],[6.757341859177665,48.66339528935242],[6.782490229155465,48.642725006759726],[6.810500233885349,48.64743317270349],[6.836628311600907,48.643091017748844],[6.8440535368717015,48.62597500455583],[6.86360548586589,48.62031667084879],[6.905122950842201,48.61984409056823],[6.930006989091913,48.6355511656451],[6.960798228747959,48.60828605857016],[6.982896473118807,48.61187146059442],[6.994503728351811,48.59596380824709],[7.034244738955548,48.58041837913675],[7.05703294231895,48.55111677598128],[7.079359770973246,48.53641761270014],[7.064487678486664,48.52339791207404],[7.080630193411291,48.51267454477156],[7.123165369028565,48.513592265556596],[7.094019735640854,48.512952288683174],[7.050540315367024,48.49487862493578],[6.9829860045628855,48.47905957978556],[6.894133940205172,48.419480410764045],[6.866316381673087,48.43184823377053],[6.828255495843522,48.41660943907006],[6.815166528707746,48.398846200565345],[6.768836777292687,48.39954530354836],[6.760669183398023,48.411666746640414],[6.6994983396482075,48.41308754075586],[6.648289899981963,48.433884724429255],[6.62369925487009,48.473102199556955],[6.584971476704244,48.46050916362013],[6.568134528831446,48.438701194783874],[6.583870758203037,48.417225395440674],[6.5337102147419674,48.4313569295525],[6.500755073004984,48.41423379500427],[6.450365847505534,48.41505383549833],[6.422399441358526,48.40728279397748],[6.3313164158672315,48.404817172837355],[6.305674808715067,48.41318887901744],[6.3012588451180624,48.43051921403982],[6.270297573655838,48.42610067601965],[6.260443354875095,48.40640078999615],[6.23209682220264,48.400225955022414],[6.178419125638964,48.397598877997915],[6.147083853210351,48.404242546398436],[6.152354370824704,48.38097163461962],[6.116723785728533,48.35403844099854],[6.097642409054446,48.37159231795909],[6.066019115933426,48.359278767448906],[6.053418454701744,48.365636733016395],[6.025234465713196,48.356969332010294],[6.004066285882898,48.36147870334314],[5.960066474604184,48.35072931908477],[5.944654250679005,48.37581815056828],[5.954936403333502,48.387329103706854],[5.935989530326643,48.40287986588223],[5.879136424841787,48.403869307586056],[5.859177083813666,48.41623563816792],[5.8989549292934935,48.44671533650002],[5.886926216153374,48.45386839126565],[5.903569430927025,48.48024393097157],[5.8881463197842825,48.49400616317709],[5.856069666360071,48.506844385585524],[5.8141526013422045,48.49819514538156],[5.787024028409427,48.48291106954139],[5.765154701602298,48.49649260851312],[5.761049602880216,48.521683894153604],[5.776263522421036,48.54107814064725],[5.71608982178375,48.561424169817386],[5.718661477131132,48.59033867223855],[5.7647290820585555,48.60790861161145],[5.772143533804788,48.6202830387491],[5.7445806082888415,48.653070921811086],[5.744957392577322,48.67137758077308],[5.7646010210683505,48.701073717982744],[5.75271389850188,48.714164509499184],[5.719037232595988,48.73290914785586],[5.714036349479591,48.744533308856504],[5.741889978939901,48.75279715005143],[5.740251235774411,48.77265140486108],[5.767728814139585,48.79014237286009],[5.781194766587596,48.83501432221366],[5.765548217904568,48.87307300517377],[5.7910610910637805,48.88661747785826],[5.765854111109667,48.89809074303494],[5.747161790828688,48.91525787263704],[5.779494546763762,48.925543676493376],[5.800245290300757,48.94674605759089],[5.817089167952623,48.94245503424679],[5.847269852543282,48.95178377098051],[5.847464234333094,48.96231608120681],[5.80326928510364,48.98585252935934],[5.815223115374213,48.99679278215558],[5.821881378508286,49.022693614160396],[5.85417290109245,49.04241757672373],[5.808379157586719,49.075815388035736],[5.821401407633705,49.08761132685174],[5.817853206320084,49.11104150017413],[5.783813515045618,49.11260817951947],[5.771295494951546,49.10609592152142],[5.746940032204187,49.12460282697201],[5.7598104959514655,49.1500556297571],[5.744850073758657,49.156560167159334],[5.765544232834611,49.198088628043735],[5.725126551060128,49.19564550252695],[5.719044394768754,49.215986946421715],[5.7405557083585155,49.23011722139386],[5.720933295684269,49.24770674117828],[5.7307018275006305,49.269793739617505],[5.760519022687266,49.28011599684701],[5.768385347743778,49.30323265211939],[5.731786006583374,49.311343191085655],[5.721511174836554,49.331722881180944],[5.738361460568846,49.35203800497206],[5.703787894109554,49.38822577419103],[5.6873570419508095,49.39388035166439],[5.692251573142445,49.415032283683246],[5.634565984546508,49.43743606551583],[5.605732699304691,49.420038245637656],[5.570360828663015,49.42337579247067],[5.529099312496953,49.40737462726648],[5.501152367426069,49.40854921219478],[5.49401344811939,49.39033314948081],[5.465505385541393,49.39543214203441],[5.473184918539263,49.410751894615125],[5.494194442210637,49.40716409539809],[5.5082075510446815,49.42126281023766],[5.479078499230624,49.42581983768407],[5.484917984168407,49.447407925985885],[5.464077098251315,49.48166228909141],[5.470910130592771,49.49720502129504]]]}},{"type":"Feature","properties":{"code":"55","nom":"Meuse"},"geometry":{"type":"Polygon","coordinates":[[[4.950989232683009,49.23686584630137],[4.964355608998914,49.24744898908259],[5.0490438324721545,49.285310734141504],[5.029829036850663,49.31126357145343],[5.026436999727152,49.33591387470532],[5.053405249590282,49.35696721044802],[5.060208646165214,49.3715170366231],[5.089930289451002,49.370323496215384],[5.10414955392406,49.38977780781045],[5.088196804414101,49.40639195324937],[5.105323165099615,49.42524686929281],[5.083514142411665,49.48411961123408],[5.062396105126222,49.49915347170529],[5.079628538782785,49.50986338174908],[5.100584675318172,49.53581688248469],[5.0894348019213345,49.54153840662955],[5.118278729173794,49.59307211738766],[5.144850262012005,49.589890809096836],[5.162975033383016,49.56353425622026],[5.2130512805303555,49.573482704275165],[5.232756898423872,49.56948078917659],[5.262709976999561,49.54181962580043],[5.311770447172107,49.55928969326421],[5.339875065404366,49.59248374512851],[5.379377254594306,49.59433240963621],[5.393536658328508,49.61708773850276],[5.430990436352139,49.592779697501115],[5.441967127749439,49.55082330374587],[5.465066186620626,49.53886525112502],[5.447572873980034,49.517370291127484],[5.470910130592771,49.49720502129504],[5.464077098251315,49.48166228909141],[5.484917984168407,49.447407925985885],[5.479078499230624,49.42581983768407],[5.5082075510446815,49.42126281023766],[5.494194442210637,49.40716409539809],[5.473184918539263,49.410751894615125],[5.465505385541393,49.39543214203441],[5.49401344811939,49.39033314948081],[5.501152367426069,49.40854921219478],[5.529099312496953,49.40737462726648],[5.570360828663015,49.42337579247067],[5.605732699304691,49.420038245637656],[5.634565984546508,49.43743606551583],[5.692251573142445,49.415032283683246],[5.6873570419508095,49.39388035166439],[5.703787894109554,49.38822577419103],[5.738361460568846,49.35203800497206],[5.721511174836554,49.331722881180944],[5.731786006583374,49.311343191085655],[5.768385347743778,49.30323265211939],[5.760519022687266,49.28011599684701],[5.7307018275006305,49.269793739617505],[5.720933295684269,49.24770674117828],[5.7405557083585155,49.23011722139386],[5.719044394768754,49.215986946421715],[5.725126551060128,49.19564550252695],[5.765544232834611,49.198088628043735],[5.744850073758657,49.156560167159334],[5.7598104959514655,49.1500556297571],[5.746940032204187,49.12460282697201],[5.771295494951546,49.10609592152142],[5.783813515045618,49.11260817951947],[5.817853206320084,49.11104150017413],[5.821401407633705,49.08761132685174],[5.808379157586719,49.075815388035736],[5.85417290109245,49.04241757672373],[5.821881378508286,49.022693614160396],[5.815223115374213,48.99679278215558],[5.80326928510364,48.98585252935934],[5.847464234333094,48.96231608120681],[5.847269852543282,48.95178377098051],[5.817089167952623,48.94245503424679],[5.800245290300757,48.94674605759089],[5.779494546763762,48.925543676493376],[5.747161790828688,48.91525787263704],[5.765854111109667,48.89809074303494],[5.7910610910637805,48.88661747785826],[5.765548217904568,48.87307300517377],[5.781194766587596,48.83501432221366],[5.767728814139585,48.79014237286009],[5.740251235774411,48.77265140486108],[5.741889978939901,48.75279715005143],[5.714036349479591,48.744533308856504],[5.719037232595988,48.73290914785586],[5.75271389850188,48.714164509499184],[5.7646010210683505,48.701073717982744],[5.744957392577322,48.67137758077308],[5.7445806082888415,48.653070921811086],[5.772143533804788,48.6202830387491],[5.7647290820585555,48.60790861161145],[5.718661477131132,48.59033867223855],[5.71608982178375,48.561424169817386],[5.776263522421036,48.54107814064725],[5.761049602880216,48.521683894153604],[5.765154701602298,48.49649260851312],[5.7385787703210624,48.466071385805314],[5.713228409793979,48.46034355947541],[5.67902361096049,48.47139115386205],[5.6151325162349,48.44043873717153],[5.564650216197492,48.441090759508775],[5.520280149216775,48.43239263092878],[5.510986594146936,48.41821515231162],[5.470061704426128,48.42092884036511],[5.445157350390678,48.425081250152175],[5.408498570986399,48.445794580180355],[5.406054924803939,48.46539304073884],[5.349469998299744,48.48198867902053],[5.327278259522607,48.50479938800887],[5.305623464696029,48.51591327057272],[5.264870353729535,48.51920792199762],[5.208425883036941,48.53861075457746],[5.173113022339201,48.55631460308862],[5.144873587885955,48.562874491019556],[5.117905583758205,48.58495445930086],[5.070374138899134,48.59610309669313],[5.049692721915686,48.631265806018796],[5.032284450963603,48.61329817233609],[5.0141448684428935,48.610214170115775],[4.99466786336989,48.62182551829475],[5.00616236089035,48.63348264533262],[4.992811815436962,48.65827053404921],[5.008333278861154,48.67023772723031],[4.988427677798425,48.684418562233176],[5.011787133446862,48.70669113644506],[5.009219993538869,48.74139150464051],[4.990124563499123,48.74183736486811],[4.947881817618987,48.771602644481156],[4.934571757746961,48.790360787111126],[4.889557040484959,48.798206203700566],[4.888760929797642,48.81720971453769],[4.93570201866688,48.840631475686905],[4.924676889741789,48.86463057973145],[4.924696402833776,48.89135651199283],[4.915798542054488,48.89979310962273],[4.9362093920054075,48.92214239512387],[4.986405609443761,48.93190826599592],[5.030128675561755,48.95690245547182],[5.037904334159841,48.9730160560533],[5.004646480636104,48.98364213966209],[5.032675426761192,48.99373965141204],[5.036321445219877,49.02433254954083],[5.0076814026818575,49.03495195077163],[4.96844159954904,49.02290133721377],[5.005744190171552,49.05987214490083],[4.99213130434257,49.114899861463385],[4.974408367068746,49.13340447110328],[4.953397966379194,49.17195155260111],[4.9397619983736725,49.18506820457861],[4.993377429884994,49.20962536427259],[4.970761881963812,49.23605865097721],[4.950989232683009,49.23686584630137]]]}},{"type":"Feature","properties":{"code":"56","nom":"Morbihan"},"geometry":{"type":"MultiPolygon","coordinates":[[[[-3.4217944600697368,47.61999952861919],[-3.4406738530114698,47.62744679435384],[-3.461909001466569,47.62034681911687],[-3.507636790362259,47.64059795161403],[-3.49694135188665,47.65381152152095],[-3.4294813948989478,47.64229749186373],[-3.4217944600697368,47.61999952861919]]],[[[-3.1940520278217033,47.365886589187845],[-3.1558608908337975,47.36108442084754],[-3.1396408742776,47.32984432149179],[-3.093118374110732,47.31513470942471],[-3.0582391297313816,47.31171761648738],[-3.075226717105766,47.28765950170699],[-3.0952043253326664,47.28316064947407],[-3.1601157231427477,47.29225940386197],[-3.1676397818540765,47.30159326598069],[-3.1961744739708213,47.293731303533484],[-3.2210154756876954,47.29481986735795],[-3.249090302439361,47.31611992695789],[-3.23967936511255,47.32311099309081],[-3.260498308082758,47.35272839079793],[-3.260984257345955,47.37200040038536],[-3.2196122622040786,47.37940035282299],[-3.1940520278217033,47.365886589187845]]],[[[-3.523004293499609,47.84914685714251],[-3.5117214211485104,47.83199375246112],[-3.488375735328993,47.82369125414433],[-3.4584776087007003,47.83672369691625],[-3.449172314379866,47.861897916786695],[-3.4040114963344528,47.86615562756545],[-3.406618446285296,47.917155590887866],[-3.3870295747062062,47.925240278144464],[-3.4015047820862296,47.94296944095624],[-3.3922406780637284,47.95650358632056],[-3.4128264844188565,47.9741964735994],[-3.4627039996577236,47.948470485246176],[-3.4813997640454386,47.95187230610157],[-3.497303664400367,47.97663709189755],[-3.5156118733539357,47.97536899639446],[-3.5552758457516087,47.993098470462],[-3.5813379803683882,47.98707045002737],[-3.640231533075075,47.98524271311537],[-3.662606521516704,48.02008121333488],[-3.675286774640338,48.059296687637904],[-3.69816707482359,48.06231160032721],[-3.7032714693453843,48.08734402006448],[-3.725890623875097,48.09496610205945],[-3.73401071349441,48.11285300326305],[-3.717299501973206,48.12152104588753],[-3.7155113160954,48.14222278424499],[-3.69467505545132,48.15091429371495],[-3.6518557265570566,48.156583426737576],[-3.6283881260752544,48.1687248221492],[-3.564838973733329,48.18574694305737],[-3.5226593775760193,48.17866367131642],[-3.479531508235686,48.18604551951424],[-3.421483221253355,48.171908070532616],[-3.4365241396101114,48.15548652160798],[-3.412343177084257,48.14703755651635],[-3.375090054291556,48.16304435591315],[-3.344702681056185,48.16988498065198],[-3.3161758750965893,48.1545827022414],[-3.299596147833247,48.15481185209133],[-3.272244339627829,48.14001476484374],[-3.252339548077637,48.14912522090896],[-3.2153961448986896,48.148219713915],[-3.197060119674698,48.16274313777778],[-3.1552540693335707,48.15849094352833],[-3.13949669814907,48.16369070727257],[-3.1303749671924512,48.19836233856125],[-3.0406075793447904,48.20331232171781],[-3.0139527993300925,48.18705096969819],[-3.011766723688266,48.172146259772674],[-2.987721150165838,48.15963608311985],[-2.939688841727517,48.17157869268649],[-2.902695082695001,48.162745095709155],[-2.850803362250115,48.14117007726401],[-2.809828548228586,48.146257335704156],[-2.781951132488677,48.12057973083874],[-2.7579911570321793,48.11080992160437],[-2.702496597157526,48.11801355272737],[-2.6683740921478765,48.1327428357553],[-2.6531526316222527,48.118092931008704],[-2.6561723624005746,48.08428809143894],[-2.6733315926174024,48.06327971694363],[-2.6708865594355458,48.0502796096436],[-2.628212989216798,48.03379948794944],[-2.5808040837522404,48.06711154950066],[-2.5484346321898643,48.07671678652329],[-2.5493015028073205,48.09906568300373],[-2.516390296656647,48.12795387925489],[-2.5336627078715,48.156856696914886],[-2.488996903351025,48.15527484508064],[-2.457460857137994,48.163558679343076],[-2.4492428069717214,48.17301268121088],[-2.4070872062503708,48.167846923022466],[-2.399892263143436,48.154593831126384],[-2.375704866327887,48.141440597184854],[-2.371983930719517,48.12276022571531],[-2.321067331808052,48.123313308346624],[-2.307724031505891,48.136767145944454],[-2.287278430400511,48.133745563458476],[-2.255541810894401,48.10943651832076],[-2.255362117704863,48.065686457906594],[-2.2332446439270166,48.07562787634504],[-2.1873980178837424,48.08098581530162],[-2.1703797438923407,48.06358155989515],[-2.193720023024239,48.05137966801874],[-2.2418711140864542,48.05284164383506],[-2.2795950136703538,48.02636073132026],[-2.282925404888046,47.99091881499263],[-2.2328964298568574,47.998867256915695],[-2.2048365524509523,47.99406221955531],[-2.174134646718617,47.97976235737829],[-2.143950368919052,47.983469165776214],[-2.1112032705184025,47.959278246467555],[-2.098673563613805,47.93553710123405],[-2.079088544973962,47.91952249839454],[-2.0847410993122524,47.90544356892739],[-2.104913226347623,47.90237571011746],[-2.1162985684590643,47.88095628988424],[-2.0963111903663836,47.862554271425815],[-2.0912481690997526,47.8434473982296],[-2.05159236139944,47.858773023325405],[-2.0516011501156974,47.84056453938214],[-2.035760594626103,47.83230046155979],[-2.0495260703928677,47.816917397929046],[-2.07046358794415,47.81140390317735],[-2.072263910083875,47.79043840708027],[-2.1281864076334727,47.76137577244934],[-2.0847208937394774,47.76271449098266],[-2.05870429699438,47.73825600134232],[-2.108708446187951,47.736577355949336],[-2.131472084919135,47.72224026215694],[-2.1193410051181774,47.71063202277528],[-2.1226631940444274,47.68266972251208],[-2.104362517130758,47.67679662818726],[-2.1143465125517733,47.64948078140733],[-2.097035597340287,47.63135984401428],[-2.084994306680996,47.62123305096733],[-2.0869285812433267,47.60277534815358],[-2.10372254987444,47.58943141752024],[-2.096505468974894,47.57236562280809],[-2.0985539306805943,47.53395835736954],[-2.1560219978896007,47.52202803044017],[-2.1541846873077226,47.496364126798106],[-2.1832952625867295,47.49169698467854],[-2.1908096601747804,47.51205628181908],[-2.244282758246302,47.49360064884759],[-2.2613604986657707,47.51360628741794],[-2.2991284429653516,47.50047998605304],[-2.3131355987939677,47.48590211028132],[-2.31286829291468,47.46446874947645],[-2.354869937092447,47.454890712840786],[-2.370968184053226,47.46338717496278],[-2.3999436811786463,47.45598156061156],[-2.4230264761460525,47.477112579344045],[-2.453433891770773,47.46207445240776],[-2.45848916517333,47.44812172071826],[-2.4794720164550967,47.44310980823914],[-2.498735357450224,47.45724235463569],[-2.489565024970293,47.47431520811904],[-2.5015179310929967,47.489586634131676],[-2.4412239148217303,47.49623958282475],[-2.466145152823908,47.51170094995204],[-2.5177254508541034,47.52638405379225],[-2.543943614544709,47.52304464159969],[-2.5528199043026465,47.51257795028038],[-2.6035175490392004,47.51629291634741],[-2.603686239678167,47.53097620577883],[-2.652315813187561,47.53948128320896],[-2.6518523877085074,47.52918871697427],[-2.681267629896647,47.49582645624765],[-2.7155074792326994,47.50555679146207],[-2.783910628164775,47.49416982507097],[-2.7953631847353706,47.48606302718516],[-2.8494662625405485,47.498716770371836],[-2.8475718355405935,47.512071687742385],[-2.8752313484549616,47.534363529261185],[-2.9132300200024543,47.543009316861514],[-2.9093071370148396,47.55995295111369],[-2.882650360709671,47.56273792316479],[-2.8621207995589244,47.54108127622838],[-2.8188916250932614,47.547311960718446],[-2.8053190952421017,47.55465057729475],[-2.762369364633524,47.53644978740993],[-2.7342064067723255,47.55206430843042],[-2.7154316604959736,47.57654253087959],[-2.714432950008992,47.59298967346035],[-2.757592183654573,47.61287735101191],[-2.7545302536260285,47.635943017790716],[-2.7951916631184384,47.619515983940175],[-2.8312692184373036,47.613980283771895],[-2.851150732135118,47.619022264840936],[-2.8883074806182694,47.60372031432131],[-2.8941178097199294,47.58191685891699],[-2.9370470028114317,47.59651736500671],[-2.950659153900295,47.579303860754656],[-3.0046859134608477,47.56646553748797],[-3.026468461710979,47.58394599905037],[-3.094879923920414,47.564686311749014],[-3.1232589863704034,47.5695081568697],[-3.1332300779049587,47.532435621621886],[-3.1169009752940933,47.4961604922533],[-3.09449650710579,47.482412765246636],[-3.129391708495516,47.4738244656134],[-3.1517748821158404,47.50387332474793],[-3.152063868227419,47.52789301771813],[-3.1345805586210473,47.54882366707632],[-3.139749279889078,47.57960047643262],[-3.1583771335933584,47.6069849085308],[-3.1937321982478797,47.62194072617485],[-3.2097530809913435,47.640690040350975],[-3.2081288735823428,47.66342980157541],[-3.190504238501219,47.68254092926842],[-3.166595512762787,47.6804302446036],[-3.128059188762987,47.70555367694903],[-3.1259616002794033,47.72345749155855],[-3.159418178564092,47.737388379799775],[-3.1763421131463927,47.734689167234386],[-3.1737051439382005,47.701956980943464],[-3.217549801386117,47.66730699988139],[-3.214971438983497,47.64522440607226],[-3.270895013000413,47.6788711919624],[-3.28786392948088,47.700955682089656],[-3.3409140108798394,47.70870473596058],[-3.34887310198566,47.728643297493896],[-3.387107819813834,47.70188799129091],[-3.4304371204407182,47.70321133479036],[-3.452760568692728,47.69534163728435],[-3.4983535994006227,47.72943310383713],[-3.520959375326517,47.75766895361749],[-3.5299269866083183,47.78246448849144],[-3.5173821429083914,47.80503760359084],[-3.5359178691698356,47.81643884429237],[-3.5382904863091595,47.836020899790604],[-3.523004293499609,47.84914685714251]]]]}},{"type":"Feature","properties":{"code":"57","nom":"Moselle"},"geometry":{"type":"Polygon","coordinates":[[[5.893401083719673,49.496909750110916],[5.939944946897957,49.50096978911359],[5.971783320923806,49.4913163055914],[5.982536594108972,49.45105527746582],[6.02765177650771,49.455538917030424],[6.055623323914133,49.46535978168454],[6.076705098128764,49.463656672860225],[6.123474712997803,49.473441852078615],[6.155249287805073,49.50381182382041],[6.256413026994873,49.5100225584692],[6.279098229910086,49.50335719786734],[6.296571041016304,49.480106944913075],[6.312489363480976,49.48032031550801],[6.364391072331403,49.459485597794696],[6.407623710243866,49.4675154675881],[6.419090928661235,49.474937866427084],[6.470082245543733,49.462763723134074],[6.554360572853942,49.41838313208105],[6.5405283477242735,49.401145041619664],[6.563269082557648,49.38828526012536],[6.587074296882195,49.3849358288203],[6.568452040389599,49.3449154814342],[6.5955807025304996,49.33027144782366],[6.588884741951244,49.32209317831749],[6.6175524843963345,49.302169283821854],[6.638579265784432,49.29553478914614],[6.660330281989145,49.26096781243674],[6.684616608971706,49.24231882936001],[6.694810016062328,49.21590718897018],[6.71965859480421,49.22137943216265],[6.731498100833765,49.2060909576377],[6.711364818806887,49.188541683234874],[6.738512367681464,49.16366113912631],[6.7845550558709675,49.168090266711616],[6.834537718950126,49.151466712468384],[6.8609420718719845,49.17871523308854],[6.851537824818373,49.200484084387014],[6.835378369933188,49.21132385245782],[6.857449193294861,49.222275027981475],[6.885215505575565,49.21104948546778],[6.9354255357579655,49.22215593921376],[6.959285196153518,49.20300203966244],[6.974631643711455,49.20981472133559],[6.998806412798309,49.19427844167972],[7.034324960729169,49.189681536322034],[7.0276480006522135,49.17008240822472],[7.046147533263103,49.13856517309118],[7.054297461807657,49.1126326923314],[7.102777636286391,49.140499445767595],[7.156729211133253,49.121305964534294],[7.183938532639857,49.130733985517935],[7.206632231887248,49.123477362718766],[7.245302859127929,49.129807084465035],[7.282600803455493,49.11693169088899],[7.298652796709717,49.117457118012105],[7.329841252153916,49.144944493025186],[7.36284676727469,49.14521917131234],[7.366092677702596,49.172465701358625],[7.4450608117676325,49.18430555508701],[7.4552291504089965,49.16632509495078],[7.493995166397878,49.16963770649743],[7.492159555313797,49.14186210733454],[7.515445437889962,49.12116845523475],[7.528977470244165,49.097207912439856],[7.569010373147195,49.07978656309812],[7.599982064041664,49.08333244993025],[7.631070828249015,49.07018534790654],[7.635285449703197,49.0541613551771],[7.6400276339065405,49.049114242922506],[7.609553546221074,49.02123201245433],[7.591218725544888,48.993724868247604],[7.57839213753989,48.95740241810784],[7.533247825039657,48.93350273583194],[7.50187360937539,48.94425222519554],[7.479572330825655,48.96139105276517],[7.451630239981024,48.967962755037526],[7.392311568753424,48.952706941018526],[7.358876660684313,48.95760287154302],[7.326851980608823,48.943372742020955],[7.293949845247019,48.97157404948427],[7.236031367305892,48.987818615118876],[7.209311457091751,48.9800881370531],[7.174240270723143,49.006365681338195],[7.130505931552783,49.00459350678602],[7.119477346819226,49.03721652969957],[7.108081132396537,49.04341471828652],[7.103885148469087,49.074161754697926],[7.068107134587352,49.066879969038716],[7.078659891943001,49.05036062768427],[7.054911912536333,49.03061918771655],[7.05300726402484,49.00729189414574],[7.038359726746952,48.99687346466287],[7.032219488521415,48.95604910228417],[6.98921640979739,48.95992878867804],[6.978894125394516,48.93334137925148],[6.955547179403453,48.922319717315936],[6.964601688658047,48.90452526765522],[6.988916052470446,48.8911922591983],[7.044405156028646,48.87353491651631],[7.050249140492324,48.85934342449812],[7.081165552464466,48.864100481733125],[7.086623738193806,48.847740597072104],[7.051334597348638,48.84628529036997],[7.054514540544794,48.813704386223854],[7.079303305840072,48.81404016744667],[7.088166864000689,48.79249269644048],[7.1231658021967155,48.80450097964112],[7.146671555297553,48.82130284961471],[7.149408408912651,48.84470403837187],[7.195876686739622,48.840397988184655],[7.196675525429877,48.828301758643974],[7.228655644882326,48.828038818777635],[7.262026914660001,48.797761488092036],[7.291233271693293,48.79399531609868],[7.3064497001602975,48.7691099850618],[7.286884538061931,48.73134414106466],[7.266625221422177,48.714209030699415],[7.260168326105747,48.69429915361379],[7.242261522633183,48.69210964676438],[7.2645955424124935,48.662703775725404],[7.30435493964854,48.6602012988693],[7.270398382732597,48.63054438708614],[7.278427796440234,48.625202388791344],[7.256388448234081,48.60150853250187],[7.256281654444217,48.588675507652],[7.2183172603088295,48.55264406598888],[7.1924855682726525,48.54879290260453],[7.167909935894842,48.527596443549314],[7.147094880277466,48.52694681230707],[7.114376678081027,48.537389878992194],[7.079359770973246,48.53641761270014],[7.05703294231895,48.55111677598128],[7.034244738955548,48.58041837913675],[6.994503728351811,48.59596380824709],[6.982896473118807,48.61187146059442],[6.960798228747959,48.60828605857016],[6.930006989091913,48.6355511656451],[6.905122950842201,48.61984409056823],[6.86360548586589,48.62031667084879],[6.8440535368717015,48.62597500455583],[6.836628311600907,48.643091017748844],[6.810500233885349,48.64743317270349],[6.782490229155465,48.642725006759726],[6.757341859177665,48.66339528935242],[6.733850339573668,48.663755791166636],[6.68791954042715,48.683627810294645],[6.658407329856351,48.70804728628271],[6.638020827883166,48.70287255743568],[6.6236441629626235,48.713682866112556],[6.598965570952483,48.71569079778236],[6.594835612692378,48.72922173177475],[6.564255135947671,48.74995572268137],[6.5401903328498525,48.75385918265721],[6.511039646542062,48.74880543901709],[6.489616200477496,48.765575862224765],[6.453603381539952,48.765894004837314],[6.433515038771951,48.78904238593331],[6.394874246018456,48.77476240981232],[6.370600538901966,48.78462319426055],[6.330651430081595,48.82330786866148],[6.338947107825573,48.834058199828384],[6.2888587554276025,48.84323273382886],[6.311714980584929,48.863826545661276],[6.298269555306107,48.88072376373154],[6.327264769799276,48.90519552048261],[6.288337094198781,48.9164057732219],[6.271977767337417,48.9331355970772],[6.245534632278756,48.92378375934002],[6.222641164054098,48.93850513094841],[6.177120700704927,48.934924104920626],[6.16233199123861,48.94287521453305],[6.132207146051102,48.93472094774055],[6.116912179457586,48.967832850981594],[6.081322571612109,48.96304750061741],[6.043435324319259,48.977477915970994],[6.045110478908419,49.013520358557074],[5.9532001062961815,49.05400525300155],[5.924683336615274,49.09212399499875],[5.931603285178869,49.10910433832356],[5.997395942366339,49.10784182738146],[6.00491999554859,49.113988280244584],[5.981384937221558,49.14445423565313],[6.0261499402444025,49.16511893599002],[6.002250831363206,49.185007006720355],[5.982834325573433,49.18651522282689],[5.987627297222747,49.20961691713355],[6.029385386695151,49.23047199221416],[6.0286095479587445,49.24841255130629],[6.006667263528377,49.26028809283966],[6.000492336268631,49.27537547287367],[6.006390696711231,49.3079648171488],[5.985220799804532,49.30517081937582],[5.94400804744167,49.334644506896005],[5.962613221125637,49.344866959890794],[5.956123967212049,49.36159497798842],[5.9327717047585935,49.37015147282544],[5.929562016978401,49.40189069409503],[5.91204332139632,49.40747659912329],[5.942282468750819,49.43034622332949],[5.938573949545653,49.47481323186841],[5.9028920872339725,49.48379495708393],[5.893401083719673,49.496909750110916]]]}},{"type":"Feature","properties":{"code":"58","nom":"Nièvre"},"geometry":{"type":"Polygon","coordinates":[[[2.8746252064056805,47.52042311253978],[2.8489038940037736,47.53754044480101],[2.8574899628231805,47.552844658956644],[2.890770179974213,47.55309660602271],[2.914297452553034,47.56597018271849],[2.95865823105343,47.55738006412381],[2.9765380120036067,47.56942879709582],[3.0187759740569513,47.55731386824091],[3.059199650745983,47.56884905584853],[3.080558427544962,47.5854885999859],[3.102009918822544,47.58795615956075],[3.1350763394879597,47.5419077972082],[3.165190757880271,47.51750199807388],[3.2046491761957805,47.522966343570126],[3.2354902376938353,47.4891790840854],[3.2721566613710795,47.49154765493751],[3.2852515362929866,47.50393862662616],[3.3395269332726487,47.47816523272086],[3.3807002450190415,47.48729175533955],[3.3972880002653882,47.508867495938276],[3.437164175942187,47.50799559642577],[3.488276701493949,47.493830911376975],[3.492366537968952,47.56012889108053],[3.50460694021663,47.557934222629186],[3.5135049928892266,47.527668013741454],[3.553140570878716,47.50232679103883],[3.5806168100615214,47.49786323631363],[3.580113356556516,47.46490071648911],[3.6789914842274665,47.445533677873506],[3.7147823454353084,47.406834666623176],[3.74055092250182,47.39650073819435],[3.774605414302544,47.40619956994621],[3.785647440559844,47.39054224193822],[3.818472205441228,47.380187941025326],[3.8217875906686545,47.402796919032404],[3.8443762508505244,47.41082738551116],[3.851506603080638,47.43558613394464],[3.878310953801514,47.42929226716236],[3.8933965172489198,47.410290156628015],[3.8635369268343536,47.395841532600606],[3.8718702934595615,47.36693490948858],[3.8867653218201808,47.3645805378824],[3.9087922026053734,47.38205569491613],[3.944243142987652,47.38021568332925],[3.9653529425108722,47.3652327054121],[3.973097819719344,47.332712674420605],[3.999278507688071,47.312773725416655],[4.028760221806572,47.31557728480351],[4.046432164286821,47.339943756300286],[4.106085850126875,47.339255985490894],[4.1249016818373665,47.33586115686488],[4.130399481098536,47.32021421171321],[4.114111422721765,47.30795616873572],[4.115801786333514,47.27973253282323],[4.135479914723283,47.23739632412277],[4.178052482394732,47.25029686466267],[4.218051703421399,47.22051351486304],[4.230668433773607,47.19895113888856],[4.21254075976185,47.18181888845327],[4.209834279044644,47.15541168354448],[4.1819015999311935,47.15050500507014],[4.137377150535575,47.14271256994814],[4.115067396116834,47.14616206884513],[4.1159670699158095,47.12333757652634],[4.093453790716921,47.11837533659616],[4.06142733788571,47.121041664100176],[4.038726355028209,47.08001003428516],[4.068333453149657,47.060849772300685],[4.0565135025792305,47.03590917660347],[4.054940156290852,47.0126839142093],[4.0314701513696285,46.99832730189447],[3.9951563121844047,46.9853110258271],[4.014415061270238,46.97247440888245],[4.039401951235417,46.98511001230653],[4.055716129773101,46.956751483000446],[4.037221978317054,46.91815560684184],[4.047930985015345,46.899770705295666],[4.063541781254885,46.898637142134945],[4.093851364443379,46.8747343332292],[4.10088702370378,46.859107279954316],[4.056234450174584,46.843272376735854],[4.062709832615211,46.78936469128212],[4.033374685377483,46.787597067958394],[3.9632215617966824,46.76602786916393],[3.9268461357095314,46.73932209846788],[3.886217784502878,46.72736946397975],[3.8446585970830824,46.720902226508414],[3.8260957715927075,46.70391953563021],[3.797329518692337,46.70150263714515],[3.783666045566592,46.736048122663426],[3.73619002089105,46.75247120098576],[3.6764513769021243,46.738863704610445],[3.638852795875816,46.7414291297393],[3.629423683496518,46.74945902193754],[3.575688644059658,46.74951576942387],[3.598004570548422,46.72398257750036],[3.5773110866449174,46.71485003618856],[3.550392218815862,46.715864672081594],[3.5601217846433015,46.68944384651715],[3.546479370174174,46.67829016254972],[3.523959952566555,46.685994912475735],[3.4885699471242644,46.6601824726314],[3.45529917195652,46.65239553162601],[3.4473359853067485,46.66355627140273],[3.453772658174005,46.68414192059341],[3.432977086126445,46.69334363262723],[3.43414613166678,46.711906018109566],[3.3877607382601562,46.71481835659156],[3.366446289777872,46.69126127383442],[3.3467088070518343,46.68441634541089],[3.3139717258866157,46.688751593416065],[3.3009216002863893,46.7163033886406],[3.2697920192933188,46.71674092868996],[3.2155498733945853,46.68289184476865],[3.197261486410674,46.679926344970944],[3.1631563644760856,46.69354021702288],[3.129775813721409,46.72720423640006],[3.0839363013486563,46.73762859045693],[3.049065356287102,46.75807894189366],[3.0320681893946824,46.794911188525944],[3.059347134977098,46.82726033600817],[3.069533804251037,46.85306859289044],[3.0680947893123323,46.877676731330354],[3.0502941730720203,46.9106303658982],[3.0793297925031697,46.955118753700084],[3.0628630913516144,46.98581276267424],[3.0757508386893258,47.019144570799824],[3.0627479524794685,47.04527994600743],[3.0232152406674615,47.06261687352466],[3.0313750673889857,47.09247842625923],[3.0280852399597813,47.129067685143],[3.0092825607816684,47.17991916254789],[2.9816846477683376,47.22199695723395],[2.9834041014118906,47.25976318037284],[2.9378686076548557,47.287718487007425],[2.9077684884182546,47.31098769398195],[2.8767969741076427,47.321752773704915],[2.8734906167112504,47.34839595881793],[2.9194707204649397,47.407274676600125],[2.931175112801269,47.441669509538606],[2.9026727758043678,47.4787904760825],[2.8884546532335578,47.5094282811585],[2.8746252064056805,47.52042311253978]]]}},{"type":"Feature","properties":{"code":"59","nom":"Nord"},"geometry":{"type":"MultiPolygon","coordinates":[[[[3.0403984136982025,50.159705108437066],[3.063005335119136,50.17367767246187],[3.0939135240338187,50.1622262487789],[3.0681434935957395,50.14734495422104],[3.0727880608848768,50.131186438720206],[3.037036047993321,50.130313345175814],[3.0272922183841873,50.118551266105456],[2.9993155954143598,50.11885065997644],[3.0038853511528694,50.15024647820991],[3.0403984136982025,50.159705108437066]]],[[[2.067712027611001,51.00650515466528],[2.1101030884192196,51.00515436424168],[2.1387263723924743,51.02047731288083],[2.1902457546664613,51.01804063448275],[2.1918237851448867,51.034715807218134],[2.218563107404832,51.03222167243631],[2.2590195633030064,51.043490583642196],[2.342194490550121,51.057309558240824],[2.395233281299764,51.05033008301106],[2.4247542826080695,51.055626117413155],[2.5463252972819905,51.088402305103116],[2.5628959666132043,51.064605626153075],[2.575982419777286,51.01375274755887],[2.5739940374755257,51.00352108038122],[2.6080265106495104,50.98718243218274],[2.6326872836805335,50.94600519935866],[2.5900130400649437,50.919096163778526],[2.607535290732441,50.9124066086538],[2.610326300169626,50.862061552621626],[2.634982733121708,50.81275641876223],[2.7181914035396804,50.81320560793264],[2.737511840411906,50.782670872072046],[2.781947131330458,50.751092598326686],[2.7867446611456996,50.73381921547943],[2.813275390169948,50.716947630173586],[2.8483804350303905,50.72291764499729],[2.870172980563469,50.70291406808004],[2.8983800599236966,50.69423611297018],[2.922327234684258,50.70280503897035],[2.9374114543505443,50.74209770629575],[2.969662775707332,50.74961097888233],[3.0220450489487614,50.77210693218003],[3.0613770323899683,50.78050085123832],[3.088705984283759,50.77336931450737],[3.1109249331515394,50.794122278216896],[3.1519976780893755,50.78234329668403],[3.1991342816652897,50.734730939175776],[3.211782829092417,50.71325538898358],[3.2446834848058272,50.71304246580907],[3.2583851392745764,50.70064949194268],[3.2624232273169933,50.6784852826563],[3.2410965359392057,50.65778991575674],[3.25520436601742,50.62258275479467],[3.270292523712289,50.610812110449736],[3.2817266737308675,50.57732844552126],[3.275957418697949,50.55853840025285],[3.286531399925948,50.52757580555707],[3.362673754976159,50.50309643957861],[3.3762218373048696,50.49108182460425],[3.432248715257614,50.507118771607686],[3.4739635628750074,50.533561751146436],[3.5194110029872943,50.522868831996384],[3.4963210235985827,50.498683290226374],[3.5223176214061334,50.49496788323126],[3.5683447329862488,50.50097669533296],[3.5853371177327213,50.49053885448199],[3.607087548067213,50.497283044825515],[3.6436495322531623,50.463211807396284],[3.664218477773235,50.45317465879256],[3.673733173288203,50.38972521710218],[3.658270970690328,50.37134117960119],[3.673675908769281,50.3349233228203],[3.710430924740463,50.30316614070561],[3.731606234421014,50.31235332867399],[3.7362206016065613,50.3432570480394],[3.7474038155627727,50.35092914840201],[3.8527555820958135,50.35159288086556],[3.889799951126813,50.32998024472696],[3.9090033110400197,50.328466474363545],[3.967898522087576,50.35036640688851],[3.993908424048428,50.3486153355103],[4.027387066832294,50.357490365275616],[4.037614330208127,50.34294913095139],[4.12197186382358,50.298311640610294],[4.124352666164769,50.27361398697191],[4.207538662540225,50.27297040073831],[4.221850100147642,50.25695260304661],[4.189455991301053,50.23687571936165],[4.160120194753328,50.202535967141905],[4.149388632981125,50.174787171955124],[4.154073029606527,50.161253710023075],[4.126926892460069,50.13501086614893],[4.197038470830976,50.13530868448463],[4.197497822706036,50.109176465683625],[4.227538806961173,50.079679063351016],[4.217832037790911,50.06080510279823],[4.173905462387534,50.045603929706495],[4.162223866832849,50.04898484693673],[4.136379263762434,50.0204647847058],[4.157702243163169,49.988249823321674],[4.140895251736092,49.97875959899442],[4.08712850474961,49.9691875854119],[4.056699209471129,49.98542604488944],[4.01304088648856,49.98566024631078],[3.9794498952640214,50.00299190781123],[3.9947330894398947,50.02553192166869],[3.9895472401156926,50.0413469883853],[3.903385572183311,50.01801137888116],[3.8820101104438387,50.03303286775057],[3.8356719382516733,50.048312733420666],[3.815827444952555,50.03904215991495],[3.797523254135232,50.048396124718515],[3.7463798889650586,50.05360423497288],[3.715184685025503,50.06927463596353],[3.6657493008457873,50.05473310262326],[3.6623093500340085,50.03911432468407],[3.6136399192005855,50.025418579177284],[3.6006637298781827,50.039925849470826],[3.5671883147756422,50.053261540953365],[3.542755355797365,50.05391998941126],[3.5286139046189744,50.03818286664185],[3.507141600307539,50.03577661902003],[3.490663196296732,50.0188947701039],[3.4282376399201713,50.022065913063614],[3.3989075840823038,50.03475745860893],[3.3529820989914247,50.03586832624208],[3.3371140096429532,50.017096007517154],[3.2801740988851327,50.015182550806884],[3.2306551064640994,50.03198300751153],[3.2026122838195157,50.01743710744522],[3.1729557922769542,50.011311964972776],[3.117562382696325,50.027670727516394],[3.090253620620082,50.05374055513492],[3.094758364918514,50.08315987378872],[3.1141238720183764,50.092160389605915],[3.1048462443791918,50.115285460750734],[3.0918531294760667,50.12063041191277],[3.128954376035887,50.16556204959065],[3.1561320895920617,50.183715151473976],[3.1314047305598587,50.19940491824935],[3.1427922279498945,50.219237231259655],[3.1788851239271336,50.219073327099096],[3.188353526948621,50.22867621857968],[3.1556853741465,50.243187559380864],[3.133679451303655,50.26623580402242],[3.0515044113968517,50.276650211776854],[3.018560069810309,50.26439442090914],[3.0152741338861255,50.283780191722634],[3.0843056602069536,50.31119078351624],[3.004772238368158,50.36678462460666],[2.990408003554761,50.39527899657189],[3.0251728351795903,50.40757565859167],[3.076383262967528,50.44060786930254],[3.0543582082042056,50.455089924005314],[3.037672306035308,50.4416400980408],[3.016772027301739,50.44834132930235],[3.0157717239835207,50.48645538436221],[2.9647097377674005,50.512778020799246],[2.8989518584324676,50.5015578156606],[2.8798761281832572,50.51589325872625],[2.881364535884128,50.535434775320184],[2.8259824668620874,50.52538845142136],[2.801938478218003,50.53483062913716],[2.8134467388705726,50.54934391547588],[2.80816309470569,50.57916943876986],[2.7890757995406865,50.583060514887364],[2.8065346151718447,50.606764517797096],[2.8424416096298035,50.62905410400955],[2.8697378084597434,50.631095996029686],[2.8404494526472543,50.656566351394346],[2.809187984818708,50.669372896442674],[2.7690409100193936,50.66367813929786],[2.757400535457718,50.61823745589094],[2.725641525704916,50.61411481623499],[2.713850503520111,50.63129225354632],[2.6844644994994438,50.632719762619324],[2.630516060197486,50.617951505356416],[2.5866206729970513,50.63809536205738],[2.564653031146168,50.624522730303156],[2.5370449897762186,50.63045370101787],[2.533625965601234,50.64308581112802],[2.495948921017839,50.631244941936494],[2.4503937034166032,50.65384652293581],[2.428985110726485,50.65701656077829],[2.40779242678447,50.67276560279946],[2.3831045994174644,50.671828851607664],[2.363524646595893,50.684643637888016],[2.3829874868893204,50.69628206936786],[2.3417485781495326,50.72837526546449],[2.34089102647672,50.74090632543495],[2.4114775397506802,50.76673424707295],[2.375989607627449,50.78404912635709],[2.3428811569437658,50.7810883826341],[2.252496270869472,50.788115718263434],[2.213001675000002,50.81619844972972],[2.2018976811147395,50.8508405908696],[2.1541252595915212,50.92600143483312],[2.1353365874298347,50.96425774404664],[2.097600537080802,50.998427200370195],[2.067712027611001,51.00650515466528]]]]}},{"type":"Feature","properties":{"code":"60","nom":"Oise"},"geometry":{"type":"Polygon","coordinates":[[[1.7838370588623413,49.75830750106765],[1.8089798932395025,49.754332476868704],[1.836736935686628,49.74011542093402],[1.838108169073818,49.708425628485685],[1.8938643249004963,49.69898823076106],[1.9332098221662726,49.719629963489474],[1.988919892649775,49.709402970462676],[2.0267681801791118,49.711310876188165],[2.05989780108139,49.6948752492932],[2.103494780498011,49.694736883916796],[2.1214097069260887,49.68807409174484],[2.156484137758264,49.70211563032466],[2.21756318128915,49.70246959323254],[2.2850923978754705,49.689388245191964],[2.3157256235726433,49.689753026308125],[2.337642942746636,49.66900004753446],[2.3708606973518425,49.65635328949203],[2.409702695719323,49.66099609376744],[2.4456566302700073,49.65297898416902],[2.4781226406322063,49.620790233933015],[2.506120221148308,49.63500671034503],[2.526732085722268,49.62940041323432],[2.571493337841171,49.59708062701416],[2.5970251802580453,49.61168115170793],[2.62379591221486,49.61023030743844],[2.6299442784590084,49.58032399470266],[2.649628562594336,49.5717641083625],[2.670723151725744,49.58141197178741],[2.671248956542555,49.59858674592385],[2.687556334287926,49.62475309433038],[2.7395572131560577,49.626924487224116],[2.7709877504026585,49.61435313605804],[2.7980938007575653,49.61811251953584],[2.7897685778094523,49.638092566661996],[2.8007055089354633,49.661447402253124],[2.843350258918428,49.65852651008911],[2.857260670232296,49.68366758301244],[2.915712813038834,49.70267238896688],[2.9495143470656977,49.69065965176808],[2.989594629116647,49.70802042057901],[3.026158602863713,49.680298029261905],[3.0629504716788527,49.71256910166192],[3.1184031553047866,49.705968560150744],[3.115636640843051,49.66498825414465],[3.09777622468101,49.65668309123162],[3.1127661529868123,49.63132972837916],[3.093575310755229,49.622548596683885],[3.1220112456372937,49.60374206640511],[3.139814891208892,49.57623313724928],[3.126982208375892,49.573038994477],[3.1314803354793224,49.54337765179183],[3.121165955043159,49.520974573583764],[3.096325086537241,49.51789625444081],[3.1212810029381983,49.493670908120365],[3.1070854783285102,49.46823138703083],[3.1605832452848968,49.451589762665364],[3.1626441754771344,49.440639681268124],[3.131884455784113,49.43177892295364],[3.1005059556280803,49.439314058331185],[3.0925346575940007,49.37534154439133],[3.076780341252717,49.371262738908456],[3.0747246045970944,49.34897187029861],[3.042914962956999,49.333571302660516],[3.001513216421808,49.34001503161223],[2.964603145483289,49.32192389525919],[2.981004000749905,49.29790832703466],[3.0351669019132688,49.2871713469825],[3.025849635470415,49.25992627182155],[3.0397940574425517,49.22840404055804],[3.023604722971875,49.21655041441553],[3.0027869375627287,49.23569244874083],[2.958587991995842,49.226138012652044],[2.970646337718828,49.21429263146397],[2.967751163640478,49.19164549413419],[3.00241402574711,49.187810905489094],[3.0004940244510117,49.21363093492948],[3.0499603800932262,49.20875690532957],[3.057604302772935,49.19731791616205],[3.1027108891029056,49.19726093786907],[3.116850461379955,49.18929161278119],[3.1213530433372445,49.1615694736916],[3.1396578896700365,49.15257695363476],[3.0943242330142073,49.14204789992474],[3.0924779533731277,49.12879682562634],[3.071884293834167,49.117554218816146],[3.0483639955943445,49.086321770811566],[3.0085155429257675,49.09151015780461],[2.974612129302612,49.07483790651457],[2.9015078805206906,49.08537404257291],[2.8949540105299616,49.077060509386286],[2.8560893422319023,49.07003394285967],[2.845152480122472,49.0846582975852],[2.7918669791571764,49.090224385649144],[2.7870683167938073,49.075272380356054],[2.753551034147009,49.06074104171223],[2.7067286108537023,49.06571610231719],[2.673154178752123,49.090859401094306],[2.633272965218076,49.10837621896302],[2.5905242793946224,49.079654846732424],[2.5581713639343153,49.09838623642425],[2.4899309091229616,49.10636117791936],[2.5032579551258722,49.11758406300134],[2.471584849664169,49.13543134509872],[2.4131026213629148,49.152351151856486],[2.3912888696248515,49.14934773205012],[2.3462570508145517,49.161815824563625],[2.3109290446865427,49.18640655833579],[2.2864129770481765,49.15992057659305],[2.252488213818398,49.15288152246086],[2.218650036331584,49.180682600571025],[2.1819500283812623,49.17367773782481],[2.1327389034606554,49.191378260554046],[2.0968812642737786,49.18975715797898],[2.0749104023995684,49.20868708172066],[2.0006083248213287,49.175708039448175],[1.973760882151743,49.18378113635129],[1.9607171449401366,49.173518197205695],[1.9314802344723212,49.17417045483985],[1.8852389528169067,49.16263786454188],[1.877040859056052,49.17144524902654],[1.845548847714221,49.169897638882595],[1.7954686863275515,49.18525912523885],[1.755165127607803,49.17454501384096],[1.7421373979981678,49.18015527802457],[1.7341091564710822,49.221278789282294],[1.7043642065965865,49.232201775163404],[1.7104793339744566,49.26446416218004],[1.7345063044967537,49.26899820204799],[1.7643521273092135,49.2630859414422],[1.7895325987859003,49.247868037421206],[1.8026808722972285,49.271950623613535],[1.7757705439300602,49.29951534986682],[1.7679448109268296,49.31982583692622],[1.7741379719748898,49.33469565160132],[1.759340781875861,49.368238985112555],[1.7203156024953805,49.39482842844473],[1.7139375433100608,49.409224988863485],[1.7229968419974309,49.43391580233039],[1.7474339115753832,49.45944834208184],[1.775862453037976,49.47132557760213],[1.7741127542848931,49.48629204874629],[1.7902240900460897,49.50346919449449],[1.7718644061411502,49.51284827349518],[1.7508109914810421,49.4953034048916],[1.7192326604453187,49.50822302010686],[1.7478873461630975,49.537734307389876],[1.7271846205611596,49.54162647589022],[1.7298338150528105,49.56129313430964],[1.7147813730167585,49.576405140938526],[1.7057508157515966,49.60621127470416],[1.7216075786347382,49.62199032398025],[1.7088335612864556,49.64638148474686],[1.7252046142437358,49.67263435960493],[1.7521846819353237,49.680957188725905],[1.7339504969080488,49.69920938045457],[1.7045143422610263,49.68092631423977],[1.6895758821118119,49.694785646260954],[1.7154681056064667,49.70860435289633],[1.7196883349196141,49.730467625863746],[1.7454557068129848,49.73856265789178],[1.7416263242274626,49.751633772466256],[1.7838370588623413,49.75830750106765]]]}},{"type":"Feature","properties":{"code":"61","nom":"Orne"},"geometry":{"type":"Polygon","coordinates":[[[-0.8409353560137922,48.75222016383323],[-0.8192734301255277,48.7541311066678],[-0.7806266616236817,48.78665142650693],[-0.7125565216024937,48.80069002566648],[-0.6821715230909893,48.821834119269546],[-0.7054998116130325,48.83677879901897],[-0.6935979640277244,48.8472307255334],[-0.6264394642029217,48.8268065097143],[-0.5445223814299559,48.8478900838751],[-0.4940452996821073,48.84857463029627],[-0.46875379913660753,48.86921416486376],[-0.431252227536603,48.87431946705079],[-0.4089756657265101,48.87089665763008],[-0.38621249067401003,48.8452588814631],[-0.3462445710154039,48.821999140746314],[-0.3267045002943942,48.840277412458356],[-0.3285204584539417,48.857599313600346],[-0.29452074618238994,48.85168192113505],[-0.26217897261037365,48.85359465583731],[-0.17671993891467938,48.83423079521249],[-0.1463430882060753,48.83444909949476],[-0.0850638956816069,48.84465033807136],[-0.0590064530019254,48.853491798472966],[-0.030666077085217337,48.8738778222776],[0.008758124525063051,48.8910599383045],[0.05639799250068904,48.902464038657314],[0.07094503667266873,48.932121250285164],[0.09488679748726127,48.93579979818696],[0.12760760912750246,48.95221907078784],[0.1564748700538276,48.924787583562484],[0.18746286897648523,48.940627353263515],[0.24227175031800538,48.94434881189317],[0.24466232022740259,48.95878245595905],[0.27250168047082235,48.964655839870495],[0.28264019709882576,48.94899613116388],[0.3105016483200191,48.9525668734449],[0.3332314772821841,48.942781544583966],[0.3581085399804696,48.95050361041376],[0.37731004626458825,48.972554866896424],[0.40609491524831554,48.96346413266829],[0.412814532889088,48.950626367694355],[0.3907837746929919,48.9271332888758],[0.38618934896504153,48.91041450585282],[0.42156714219561403,48.89864779537123],[0.4200659412941513,48.88818710783798],[0.45358528537402837,48.88019513771439],[0.4761125006440536,48.88686266076319],[0.5021397353658976,48.878150204150515],[0.5525030083730612,48.87553783157171],[0.5780409793892106,48.89364694598877],[0.6109659813863897,48.853218358881485],[0.6078685100835315,48.832489316673694],[0.6687110370739024,48.80802140346215],[0.6889623683560373,48.79460354988005],[0.7319447587721393,48.78545800743581],[0.7584300486684715,48.767971967774606],[0.7508055582409985,48.75949683157833],[0.774959043114129,48.73752726458568],[0.7433928921084365,48.71690523836887],[0.7660502318369231,48.69679825478523],[0.7640759546715993,48.67527365639454],[0.7822053215915061,48.66652415160697],[0.8148191028635925,48.67016796018795],[0.8268154990669214,48.63060614219509],[0.8177592533729132,48.616321964340834],[0.8465847869380818,48.60477987546661],[0.8495690718886973,48.584317085863454],[0.8676826582446395,48.57348477486485],[0.8912620563004201,48.57217735609871],[0.9387576535104647,48.55055845317247],[0.9226089134985012,48.5377152127879],[0.9667159729358187,48.52408891339411],[0.9539997024327551,48.50383926047164],[0.956288496333069,48.48228110680156],[0.9357072927920254,48.475553713886015],[0.9584142860496184,48.442595257597894],[0.9439900556805834,48.41543779690512],[0.9486303005350746,48.40254075139077],[0.9090291135378351,48.37025942165492],[0.8837069426865347,48.35671469741493],[0.8187477629538905,48.3492990187552],[0.7854319060188925,48.34042724028456],[0.7688672771787132,48.32194393371593],[0.7958184564245077,48.28648186022423],[0.7875964742272762,48.26131463776064],[0.8302416950484665,48.21430027818372],[0.797655838494225,48.19445221754921],[0.764084678712686,48.181597068873735],[0.7236370295054257,48.198143278755104],[0.6954713879467597,48.236330986094266],[0.6754723126802372,48.254743451079044],[0.6531564634145168,48.26370008686643],[0.6236114391567086,48.24531365157172],[0.5791940330516644,48.24436715365327],[0.5359730618565085,48.24984731423508],[0.5303066115723511,48.265500468342935],[0.49456203378441577,48.28681219277962],[0.48757228180388706,48.307800269630285],[0.4313327796769827,48.30663773892564],[0.4062188750511576,48.31462381799055],[0.3826045470591668,48.33382739375671],[0.3831416441494548,48.35506581259146],[0.3717304119271855,48.41045271670545],[0.38155707814654405,48.42516246095979],[0.35577910790038714,48.4582196404425],[0.30023976976312095,48.480570774759265],[0.21796784681891437,48.4738014493765],[0.18981014616858835,48.46189487699406],[0.17216701037378906,48.46478849710128],[0.1513148609685129,48.43722944549019],[0.11624508246972709,48.43555379652284],[0.09917026625350714,48.41035346558878],[0.0686800642491165,48.406668571805646],[0.06252414284954447,48.38302768487248],[0.020988775959532427,48.38019902542899],[0.0033707584170527497,48.39598744941706],[-0.04462899093295152,48.379755379925435],[-0.05453120471342586,48.382003457815514],[-0.05735713318959158,48.42850475869075],[-0.051896256193192464,48.4532597698412],[-0.10641204070316028,48.44752336948581],[-0.14362687075469976,48.45472711281225],[-0.1663420949957147,48.51558833305454],[-0.14460396356167668,48.52775250488166],[-0.16938322355767327,48.53697934057344],[-0.20693829348513745,48.562944759163955],[-0.23435383691646136,48.56233718214002],[-0.26180278773892185,48.54789343136948],[-0.24146030977322894,48.53711490462154],[-0.2629746987558156,48.52359724467027],[-0.2715497531161014,48.50745217404008],[-0.3202385045732452,48.522920009526636],[-0.33820693066737895,48.50050101655408],[-0.3676233888648988,48.492944315128234],[-0.44380935670202487,48.51374721178168],[-0.4781981375781819,48.501570405632215],[-0.5050654278707298,48.50579601256293],[-0.5304357344769987,48.495166069981224],[-0.5502899127948604,48.47423143238625],[-0.5986229162657322,48.47101955265918],[-0.6510738694884249,48.44394876336686],[-0.6662397250359153,48.48588955148741],[-0.7020679300858332,48.467206812159105],[-0.730343478460553,48.472706578375146],[-0.7358573623603453,48.46112222178988],[-0.7151034623418729,48.448949122074],[-0.7572811397545338,48.436551469912764],[-0.7796468261489741,48.44602717779943],[-0.7778740724524535,48.46541168200867],[-0.7975558085305263,48.465278693659805],[-0.8603629154348681,48.50145849652254],[-0.847670683669462,48.52112645892402],[-0.8057094829569462,48.54987498304548],[-0.7741715461672727,48.56267832832823],[-0.768359672906354,48.59032984724143],[-0.7517442676401291,48.60131936977811],[-0.7524222705829918,48.62213618876707],[-0.7733632741625079,48.65747680031274],[-0.7354985764702292,48.68396472383358],[-0.7917739207703051,48.70515869262072],[-0.817893287414865,48.73117743116182],[-0.8492246178903684,48.73075569433634],[-0.8409353560137922,48.75222016383323]]]}},{"type":"Feature","properties":{"code":"62","nom":"Pas-de-Calais"},"geometry":{"type":"Polygon","coordinates":[[[2.067712027611001,51.00650515466528],[2.097600537080802,50.998427200370195],[2.1353365874298347,50.96425774404664],[2.1541252595915212,50.92600143483312],[2.2018976811147395,50.8508405908696],[2.213001675000002,50.81619844972972],[2.252496270869472,50.788115718263434],[2.3428811569437658,50.7810883826341],[2.375989607627449,50.78404912635709],[2.4114775397506802,50.76673424707295],[2.34089102647672,50.74090632543495],[2.3417485781495326,50.72837526546449],[2.3829874868893204,50.69628206936786],[2.363524646595893,50.684643637888016],[2.3831045994174644,50.671828851607664],[2.40779242678447,50.67276560279946],[2.428985110726485,50.65701656077829],[2.4503937034166032,50.65384652293581],[2.495948921017839,50.631244941936494],[2.533625965601234,50.64308581112802],[2.5370449897762186,50.63045370101787],[2.564653031146168,50.624522730303156],[2.5866206729970513,50.63809536205738],[2.630516060197486,50.617951505356416],[2.6844644994994438,50.632719762619324],[2.713850503520111,50.63129225354632],[2.725641525704916,50.61411481623499],[2.757400535457718,50.61823745589094],[2.7690409100193936,50.66367813929786],[2.809187984818708,50.669372896442674],[2.8404494526472543,50.656566351394346],[2.8697378084597434,50.631095996029686],[2.8424416096298035,50.62905410400955],[2.8065346151718447,50.606764517797096],[2.7890757995406865,50.583060514887364],[2.80816309470569,50.57916943876986],[2.8134467388705726,50.54934391547588],[2.801938478218003,50.53483062913716],[2.8259824668620874,50.52538845142136],[2.881364535884128,50.535434775320184],[2.8798761281832572,50.51589325872625],[2.8989518584324676,50.5015578156606],[2.9647097377674005,50.512778020799246],[3.0157717239835207,50.48645538436221],[3.016772027301739,50.44834132930235],[3.037672306035308,50.4416400980408],[3.0543582082042056,50.455089924005314],[3.076383262967528,50.44060786930254],[3.0251728351795903,50.40757565859167],[2.990408003554761,50.39527899657189],[3.004772238368158,50.36678462460666],[3.0843056602069536,50.31119078351624],[3.0152741338861255,50.283780191722634],[3.018560069810309,50.26439442090914],[3.0515044113968517,50.276650211776854],[3.133679451303655,50.26623580402242],[3.1556853741465,50.243187559380864],[3.188353526948621,50.22867621857968],[3.1788851239271336,50.219073327099096],[3.1427922279498945,50.219237231259655],[3.1314047305598587,50.19940491824935],[3.1561320895920617,50.183715151473976],[3.128954376035887,50.16556204959065],[3.0918531294760667,50.12063041191277],[3.1048462443791918,50.115285460750734],[3.1141238720183764,50.092160389605915],[3.094758364918514,50.08315987378872],[3.090253620620082,50.05374055513492],[3.074492199997738,50.04529954091121],[3.014439323479967,50.059152788811005],[2.9787858100327975,50.04636219278302],[2.9444810700691098,50.05347379150127],[2.917155076234358,50.035710799347],[2.87653264314694,50.04217932424792],[2.857843650412817,50.07739311900277],[2.807546851114983,50.062415585560984],[2.7889640682343506,50.045311213953525],[2.763122932751498,50.03863557102141],[2.742546612593098,50.04823137136034],[2.781835790362261,50.09110348945762],[2.7633488151068777,50.10996516360832],[2.729579928321446,50.125953038257606],[2.6918325946042887,50.09172778717194],[2.633413606035314,50.100835661500284],[2.620114035740686,50.1111233231505],[2.5760198137336725,50.11341281005766],[2.579246199237998,50.128556557952706],[2.557055359846941,50.14204829791205],[2.53247243497901,50.11502396682772],[2.514949343300702,50.140811614698116],[2.481495194281265,50.13816938510139],[2.4501350913608073,50.12440021874914],[2.4296578345647766,50.0881849283962],[2.4145079258525888,50.10064240686793],[2.375459692531332,50.109251478562726],[2.3923866280005646,50.14534070022987],[2.3897770566865675,50.155484821444404],[2.4148458534849215,50.17310955154985],[2.4511824235732345,50.17870118824561],[2.4956903275727766,50.19456202411803],[2.4852044166964613,50.20779089755312],[2.4524037722545233,50.22617450808976],[2.4054762905102116,50.234029470791484],[2.3814020747034625,50.22558671136131],[2.370204907638782,50.20977035832257],[2.3404952021137726,50.2293253960828],[2.3012047633367585,50.212864087760096],[2.269796498169412,50.22880955959933],[2.2458060345105704,50.211701863441725],[2.2173374639794026,50.21748679591506],[2.17414784189994,50.20889796150714],[2.1602439796705144,50.195073090929476],[2.122580060921799,50.21070523924823],[2.0857138282832497,50.20100753303517],[2.0561495866960637,50.25515840313268],[2.026446120500165,50.269546075893764],[2.0032288628275974,50.27038408348767],[1.9364041762807813,50.30146908295568],[1.9587947410604334,50.31226469090631],[1.9381301712408916,50.33010048991117],[1.9180007470953697,50.31177877534881],[1.8759231954314028,50.32174642503478],[1.8725624158329885,50.332203345380606],[1.8313070764668689,50.345521376961486],[1.8051005697505793,50.35956479028979],[1.7787842601942672,50.361866180722075],[1.739453874214164,50.35457494026503],[1.6707155098465678,50.33101039989745],[1.6415439209955993,50.35215320244089],[1.6252340548486761,50.37183439351513],[1.5794678479116167,50.37921781617639],[1.555658414115049,50.39768062437081],[1.5699664459670746,50.444481375243384],[1.5774237782704903,50.51653279341479],[1.5854134517805314,50.537352456779296],[1.6192903917994448,50.53527496629917],[1.581273860269884,50.56277234419219],[1.5766093094233622,50.57222508465235],[1.5754702574635382,50.64376921433218],[1.5607115203796038,50.69967640419991],[1.5940631007212405,50.73490631352115],[1.6044002891055364,50.76283351023702],[1.6054977030902289,50.79303342273639],[1.577946150441329,50.85333565117015],[1.5835458071046016,50.87182012003101],[1.6421019989787113,50.87886833813072],[1.6673428270137456,50.89226662456871],[1.692541394498637,50.91537531133391],[1.7288531641107558,50.93789161557745],[1.7807165493326218,50.95487029863247],[1.8323650766395754,50.963096204871015],[1.8711615477136776,50.97493483409628],[1.8896911321764678,50.97231089361649],[1.915776261224723,50.9840846407249],[2.0454058015250167,50.998317962768176],[2.067712027611001,51.00650515466528]],[[3.0403984136982025,50.159705108437066],[3.0038853511528694,50.15024647820991],[2.9993155954143598,50.11885065997644],[3.0272922183841873,50.118551266105456],[3.037036047993321,50.130313345175814],[3.0727880608848768,50.131186438720206],[3.0681434935957395,50.14734495422104],[3.0939135240338187,50.1622262487789],[3.063005335119136,50.17367767246187],[3.0403984136982025,50.159705108437066]]]}},{"type":"Feature","properties":{"code":"63","nom":"Puy-de-Dôme"},"geometry":{"type":"Polygon","coordinates":[[[2.5653790586982073,46.143032182829025],[2.6406912317167386,46.118477661719005],[2.6552891559950393,46.12604206490928],[2.675536737103756,46.155809042125064],[2.6774585186785225,46.1727617979065],[2.715881178634498,46.17955498592873],[2.7305652928970168,46.19609671226358],[2.720917952533929,46.21130971383818],[2.732404782173034,46.22305265922885],[2.786781773175518,46.19864733659311],[2.810275114252155,46.196212623621854],[2.8229846867516923,46.21982582951188],[2.8186225286604203,46.23256980947683],[2.838238654032007,46.25133842004792],[2.89131100728084,46.253562623561876],[2.9371457775851466,46.24291746827498],[2.936482510275278,46.221710765741776],[2.9133683342305123,46.21076365100903],[2.920103043246808,46.19098495139527],[2.911139505619457,46.17743500340432],[2.942765231308341,46.168549525458715],[2.971756635840471,46.1217801298987],[2.9937709582935033,46.123728525772805],[3.0164792061121424,46.102448954980474],[3.0480765097735856,46.10031481550088],[3.0906232146771364,46.11452555946364],[3.099793609402441,46.09490520389922],[3.1280978125696843,46.07140098569798],[3.166531859715606,46.065677976513406],[3.1831200731258975,46.074513260697124],[3.2145108831873523,46.07494451930903],[3.233650605398404,46.06355148384772],[3.2810346944765536,46.065929354622334],[3.332766798825711,46.05497440619716],[3.36764567175092,46.05430839581729],[3.3829420706213997,46.06480264969235],[3.419029561174583,46.07429245580498],[3.433106873763625,46.06115526638401],[3.4535928570638426,46.063794720194835],[3.4678828897234224,46.02374515995011],[3.4813683084812777,46.01371105761674],[3.5346371071845772,46.02237834647508],[3.5413270581913245,46.01519652019095],[3.601439901652659,46.015082558028055],[3.6413068945873417,45.96461484273165],[3.6767635131618666,45.95805976115134],[3.6940178008729885,45.930732356412385],[3.7234546463589506,45.92186686966796],[3.7543707578917007,45.88603083611283],[3.7315424899852925,45.87016039642116],[3.72534244009261,45.82707398650144],[3.7116170222098575,45.79955113302971],[3.6906934795455935,45.79217071537155],[3.7310653997028584,45.77483343230172],[3.727105164096888,45.75553371264516],[3.7586724976385866,45.74600532878878],[3.7827600945783164,45.706694635321],[3.776946294898936,45.6908405345388],[3.823453198078696,45.63241694241682],[3.86173367803394,45.62272878464922],[3.8846825953282202,45.60275694217335],[3.903596234209209,45.599022466324875],[3.935548097136248,45.57675205994888],[3.954348408158434,45.555962683335494],[3.9459486995868804,45.54447980125801],[3.964839538556207,45.503218682032596],[3.9844000736338567,45.49411557572152],[3.966604497321932,45.472189147410184],[3.972751884382159,45.46143771943691],[3.9601432570462634,45.44344571733884],[3.899187761612733,45.410307649293415],[3.8892315945582094,45.39452005881283],[3.897408424881887,45.3570837817156],[3.869748727932898,45.355825177974914],[3.837685746380872,45.365713933149365],[3.8352859719724157,45.37605158297855],[3.804943044201567,45.392104461166284],[3.7856753429070356,45.37076437810785],[3.7899965323666374,45.35387675419062],[3.7722554467335283,45.34919188352554],[3.705828237197212,45.3607062251683],[3.679853380401792,45.38418941501764],[3.6631634778409548,45.36157929015898],[3.6186259166992305,45.33771043696724],[3.5903478302934047,45.35722324299155],[3.5880474177320365,45.375226810928446],[3.5630771718254137,45.39491340017769],[3.5209066851487667,45.40241117172981],[3.501320580432494,45.42757868705258],[3.4797803281462016,45.42109945505887],[3.4636110218729947,45.40187938765357],[3.37740750048678,45.40195065808154],[3.355951003761219,45.42270452498479],[3.324323216190769,45.40643003851577],[3.30631987673738,45.41954639101777],[3.290691872112179,45.401821892426035],[3.220912377077928,45.37892046186799],[3.1680632240379363,45.352259807508],[3.1034981328800555,45.35437310008832],[3.081709261400673,45.33620210714899],[3.060267266954517,45.33058792846881],[3.058569686824016,45.30656505249262],[3.021790178296388,45.29536780296733],[3.0183045953290004,45.2870664026082],[2.967346132390612,45.307097870959936],[2.9495692996597285,45.30885613298761],[2.931754110661835,45.33059235323827],[2.9207131825210073,45.36542334907543],[2.8863031117541533,45.382961505858326],[2.8677277513750035,45.376079673109146],[2.851739807542808,45.392294826301445],[2.8012313498513737,45.39285594883326],[2.7635223964556954,45.38562409648569],[2.742824191956514,45.393286416958404],[2.714857227145231,45.38155782083131],[2.6871186111491756,45.40629147061533],[2.6764584284787265,45.43907413938682],[2.663390372512316,45.43416415509558],[2.6396930053973264,45.44570657455579],[2.590384711197607,45.45005773186534],[2.5437058143512723,45.47758527668323],[2.508408697113082,45.47849879874483],[2.516808004227086,45.52382961392976],[2.516332317304299,45.55342661392312],[2.490928563504916,45.5603922863538],[2.4639202998517407,45.594746716951256],[2.4784319627002147,45.60790817567205],[2.483386743242332,45.639304413699904],[2.517544011548676,45.639591069896426],[2.5249409687054394,45.65723626708714],[2.5125929116065997,45.6697634761611],[2.526510829142244,45.68539249032416],[2.5210064489111423,45.70681016156742],[2.4921255582417543,45.73767009540705],[2.454731087219177,45.76088170513876],[2.435460687234864,45.76697343160803],[2.427406116463833,45.79428142437904],[2.3880204308712214,45.82737590512424],[2.4013447212803922,45.83757813269279],[2.4265480371985815,45.83477320365116],[2.4706202631864147,45.87233257398153],[2.4922254101808226,45.86402992467918],[2.5279244706403525,45.8992324603817],[2.55163679096888,45.94126557576326],[2.5696347302085196,45.95881426721691],[2.61078659720824,45.971228075938264],[2.5944189201416936,45.98944187163358],[2.6025111446423104,46.033460147639815],[2.57170126140345,46.04837735959016],[2.5521924042632187,46.08251218540567],[2.5505225579409916,46.11895797457819],[2.5653790586982073,46.143032182829025]]]}},{"type":"Feature","properties":{"code":"64","nom":"Pyrénées-Atlantiques"},"geometry":{"type":"Polygon","coordinates":[[[-0.24283655874306692,43.58497620901365],[-0.21060677583663345,43.59323717586582],[-0.20474047168197715,43.583595044006366],[-0.17292754407472402,43.59364235835892],[-0.1604496417177948,43.58057113664128],[-0.12160423721761877,43.58624235445866],[-0.09678297320877491,43.582405897631695],[-0.0889353115702106,43.55720120791489],[-0.06439614081942817,43.54514708135416],[-0.040131786150039817,43.512605402100824],[-0.04931853949113948,43.49246722068145],[-0.03395773428648386,43.4748821154567],[-0.06575363832737609,43.46348011949314],[-0.06960017201868417,43.43296649967561],[-0.04274822802160633,43.410433038551396],[-0.03370932429921264,43.43246529630011],[-0.01653409524496999,43.44394693211105],[0.009655310320461439,43.422201547264585],[-0.003925534377874021,43.3934664638352],[-0.005254456755174934,43.37375854928626],[0.029503346533208717,43.34615364492955],[0.010318158747631801,43.32531563972634],[-0.024871748469064887,43.32949512965254],[-0.046122416801734574,43.300855792904],[-0.04438748267104296,43.285276684905334],[-0.017007531250723754,43.270453175934975],[-0.04586866874069626,43.23214073673146],[-0.07252865439013752,43.22439059831667],[-0.06787400013058484,43.17711979316513],[-0.1177014616836111,43.1803266630819],[-0.12625382600229515,43.157664646038775],[-0.14613235140227143,43.128235959977104],[-0.1708703509900363,43.11342325510858],[-0.19098404402245078,43.11120001485184],[-0.18776412338244444,43.08332759879084],[-0.1991458409823786,43.064411115641306],[-0.20042576352682828,43.042716040400485],[-0.22443426834756924,43.033763083786916],[-0.2599408711456362,43.038273850395626],[-0.2648355668439734,43.009960256978964],[-0.2872360879456974,43.00592033944367],[-0.29228087888317733,42.991102936760555],[-0.28159092548449843,42.93356279018235],[-0.32717226195000754,42.91649889360632],[-0.30706856228167917,42.86996632786312],[-0.3134428634980887,42.84937505970757],[-0.32147747742734595,42.837156313582035],[-0.34754008403707837,42.8359138333211],[-0.3679794649305534,42.81384420795455],[-0.3925972910093655,42.79955853388815],[-0.40923534884558577,42.80775176126848],[-0.4443073733042952,42.79644188968569],[-0.509645724461578,42.825392555785875],[-0.5248214033720447,42.81169922814938],[-0.5228809859764464,42.799053820578806],[-0.5438135992737796,42.79316107597114],[-0.5512049085825593,42.77751593074885],[-0.570596979524969,42.782910869511355],[-0.56886355590546,42.806821287959146],[-0.5927365436827333,42.80323323591071],[-0.6036291574211501,42.83261701820438],[-0.6488576242634109,42.85520307403128],[-0.6786504294307736,42.88435162671404],[-0.6989906898468694,42.87965527922473],[-0.7252987547541817,42.891321607770166],[-0.7349914574877744,42.91217714898651],[-0.7250694205419334,42.92302821420027],[-0.751639105301494,42.966938899771456],[-0.7878117200655661,42.964220133379236],[-0.8100187374291915,42.95143307665448],[-0.8650339469969248,42.950782024634954],[-0.8997253347034583,42.961944671110295],[-0.9464504061324416,42.95406127408886],[-1.0005051395543532,42.97795014220868],[-1.0064443208237912,42.988993997889715],[-1.0830603615120118,43.00168071076038],[-1.1130329544941873,43.02237691659177],[-1.1334470820212093,43.01037270050248],[-1.1668982697369847,43.03557738093639],[-1.1807234359906535,43.03252804425024],[-1.2286741205591398,43.055160334686654],[-1.2471934082929712,43.042415611440845],[-1.2642856059829322,43.044567445791834],[-1.2835261465024137,43.06128566378849],[-1.308546707643754,43.06868136866409],[-1.2986667955038385,43.093279481535944],[-1.2802211653973743,43.1182176727211],[-1.3220188073653838,43.112341489609655],[-1.3461709053432147,43.091146616577],[-1.3409221159462987,43.08017084901461],[-1.3547480564678596,43.02846729741783],[-1.441215102138327,43.04630623466782],[-1.471735353863028,43.08109307328759],[-1.4708729299201966,43.09171395485682],[-1.415487839708494,43.12745746864605],[-1.416022603215192,43.1497408035206],[-1.4034369386574947,43.15976006228705],[-1.4020241459530187,43.17787126578672],[-1.3844898703699202,43.19125222875264],[-1.3826552191243804,43.25302936103839],[-1.4132056044596777,43.273416064289286],[-1.4388514488237716,43.2665172949958],[-1.4954242196638288,43.28272765553131],[-1.5053245319871684,43.29278486875202],[-1.5647156489015603,43.28791168353549],[-1.5581480152327398,43.276925958606746],[-1.577703455461285,43.25064368535375],[-1.6086713312434922,43.251911493906945],[-1.6303674039621392,43.28444921654921],[-1.6225991787656453,43.30062353105162],[-1.6671377641602614,43.31445979762466],[-1.694148056872775,43.31228000342086],[-1.7297463174854624,43.295677171644435],[-1.7577102787128112,43.344006413921115],[-1.7871316386117875,43.35136807471246],[-1.7889705724558977,43.3740616062586],[-1.7620152282748711,43.37589213130254],[-1.6391097857903005,43.40836090393235],[-1.6014509805064314,43.433291711283985],[-1.5629953964271497,43.484727946611734],[-1.5480683309573409,43.49597169694441],[-1.5248665484221002,43.52970134669009],[-1.5014142682685339,43.526946780448405],[-1.4765954372767023,43.539347276261424],[-1.4641103174097,43.51978418733692],[-1.4311182651313608,43.51461371523744],[-1.4153887215828598,43.49717030109977],[-1.3679078186199811,43.49490465671754],[-1.3274966286590806,43.50492395449724],[-1.2888696900073222,43.49872862084951],[-1.2173167238027949,43.53073810827331],[-1.1956162981323255,43.546095049204695],[-1.1708199655376668,43.5456098839176],[-1.1315682094233597,43.51069576475205],[-1.1639945144136432,43.50839178467792],[-1.1625744604180746,43.49153545937573],[-1.1195951980376606,43.50151151366748],[-1.109247829938908,43.51412989565137],[-1.073598211038545,43.51939437447959],[-1.0265078502683154,43.503370175677496],[-0.9933935609538049,43.505388046842114],[-0.98987372975074,43.53346243559243],[-0.9758267609662757,43.53928445138307],[-0.9509135778063627,43.53212326134325],[-0.8966906468904682,43.55048921576566],[-0.8556394802658646,43.541912093762534],[-0.8426740269835161,43.55356012044782],[-0.7817805196343679,43.564167159066834],[-0.7682806920100282,43.57948154907272],[-0.7180970591845858,43.54064303476207],[-0.7009707203498448,43.56096357592762],[-0.670807186170969,43.5667169721834],[-0.6008401126869658,43.538204154807815],[-0.5670718315523744,43.558215555933955],[-0.5571744316529481,43.542797175106195],[-0.5105948945954394,43.563209686236384],[-0.5076560922832347,43.56923087293328],[-0.44992960469658516,43.595703984518344],[-0.43347042112212875,43.580338984734894],[-0.4634382109634287,43.566589232141745],[-0.45203767058593636,43.550435492790825],[-0.4060419475368964,43.568225638621044],[-0.35359679862890814,43.561780875085],[-0.33595845896027376,43.55085163558024],[-0.30369046804673383,43.560276850255974],[-0.2763965148657968,43.584761045574],[-0.24283655874306692,43.58497620901365]],[[-0.10332953356469002,43.35858355910215],[-0.09014219532070926,43.35886208428034],[-0.08727094997091522,43.33384409231069],[-0.11552121102299735,43.33237650784547],[-0.11030601684007735,43.31299058296239],[-0.07504166669941048,43.30713969252607],[-0.06249932084582573,43.346711256254366],[-0.08317321572204538,43.37135001696728],[-0.10332953356469002,43.35858355910215]],[[-0.10307533206661205,43.2428172034933],[-0.07983617553877999,43.26236925486353],[-0.09617852463729769,43.28547921988103],[-0.09202865057224784,43.300470229904995],[-0.11185509693098625,43.31039821912341],[-0.1373518115949468,43.28574075772358],[-0.1406176398389843,43.27194385552744],[-0.12194467153732959,43.24335344245164],[-0.10307533206661205,43.2428172034933]]]}},{"type":"Feature","properties":{"code":"65","nom":"Hautes-Pyrénées"},"geometry":{"type":"MultiPolygon","coordinates":[[[[-0.10307533206661205,43.2428172034933],[-0.12194467153732959,43.24335344245164],[-0.1406176398389843,43.27194385552744],[-0.1373518115949468,43.28574075772358],[-0.11185509693098625,43.31039821912341],[-0.09202865057224784,43.300470229904995],[-0.09617852463729769,43.28547921988103],[-0.07983617553877999,43.26236925486353],[-0.10307533206661205,43.2428172034933]]],[[[-0.10332953356469002,43.35858355910215],[-0.08317321572204538,43.37135001696728],[-0.06249932084582573,43.346711256254366],[-0.07504166669941048,43.30713969252607],[-0.11030601684007735,43.31299058296239],[-0.11552121102299735,43.33237650784547],[-0.08727094997091522,43.33384409231069],[-0.09014219532070926,43.35886208428034],[-0.10332953356469002,43.35858355910215]]],[[[-0.09678297320877491,43.582405897631695],[-0.0772195291003595,43.59016567666762],[-0.07397188111422878,43.60631260105189],[-0.015780894995830737,43.60465738319822],[-0.006638780883364193,43.59430394426513],[-0.0019248187812945813,43.56554046143869],[0.015782134897742738,43.543393230182545],[0.029579566383845242,43.544897297852316],[0.056081443916198466,43.5188072498529],[0.08058083535969605,43.523863090805406],[0.08975008845749399,43.51017249617227],[0.11212423457670333,43.51736991981858],[0.1304678194460616,43.49489917669358],[0.1350017858108604,43.46572396335525],[0.14930802677520033,43.465363039807976],[0.16599704732355133,43.44273636926645],[0.1374594398551805,43.43399175225508],[0.1538629917033123,43.39932405975342],[0.17380494234693045,43.40277225485803],[0.18203121400006392,43.37118267445077],[0.2317041924912655,43.36771211454836],[0.27840649370482956,43.38622497108639],[0.30085675386203575,43.37175476096837],[0.32769435096802535,43.37095370345262],[0.32831696781083425,43.34849301742664],[0.33909513817586934,43.34345707398941],[0.3883410229269578,43.35621468006998],[0.3957284672697182,43.33360258395701],[0.4430328988271061,43.32792703588786],[0.44498008716314374,43.340735933546554],[0.49803381879209657,43.32618057240136],[0.5043244698794473,43.333508245170144],[0.5474473878405767,43.329319731373445],[0.6068109749570959,43.310885991585494],[0.6357239806030284,43.300074553718005],[0.6183078501522927,43.29035045829162],[0.5511319943370407,43.236236596459726],[0.5738333078065921,43.22033420729316],[0.5518748957180641,43.20914713009289],[0.5173856740584795,43.212372971316064],[0.515732011440808,43.189611401008044],[0.4878146424725309,43.16525164014629],[0.4700411050323527,43.15730371100298],[0.4419985587106282,43.13127313187027],[0.46394373544501977,43.117816246348056],[0.5322696523895433,43.093864488407256],[0.533134473195984,43.08279812294234],[0.5573359728300217,43.066396922958404],[0.5652571210979821,43.04118358284234],[0.5379303286735891,43.041641647509145],[0.5341218546281855,43.01498318247417],[0.5412081928415171,43.001720551955394],[0.5673867928980146,43.02086035561931],[0.5918253760443509,43.022372936614325],[0.6080473328079602,43.034009064146474],[0.6274179241908862,43.00010287323426],[0.6116327283329046,42.98841659996602],[0.6188348311181961,42.972417013199525],[0.645536953415737,42.96206456656776],[0.6419907184981635,42.95287272899541],[0.6060586556910943,42.93436290905924],[0.5865354938150936,42.899764469600925],[0.5759351469518764,42.870825923039746],[0.5598104479575664,42.86131086278569],[0.5324055542379432,42.863293191606644],[0.4773565901163487,42.87824375089618],[0.45645030119577185,42.81819976680441],[0.4631381823278041,42.79013609203236],[0.45587668333542497,42.769893094701686],[0.46339485659012236,42.75961776986063],[0.4550942250736491,42.728060641999555],[0.4845912327562892,42.70987563691782],[0.47774954032737066,42.69999034279792],[0.4356455710506602,42.69037183158463],[0.40211897973801236,42.69648986021392],[0.39263011986752094,42.71311750189731],[0.3596287954835796,42.72339183232152],[0.3262254490865479,42.70523591329384],[0.320802303741389,42.683131711219026],[0.29282224858132516,42.67492458180092],[0.2657494410548165,42.69585404878972],[0.2601414748532607,42.715502851551555],[0.22668497017769476,42.71735823262267],[0.2059924149934227,42.729298724675765],[0.17574306986977128,42.73677329861877],[0.1604176644184873,42.72442882623834],[0.1365670029696411,42.72232698158292],[0.11125032280716181,42.71021137331376],[0.09042040053997723,42.717132811761196],[0.0459533905361909,42.696777408747096],[0.024585610304963493,42.70245653014717],[-0.010637584646291413,42.684385085093155],[-0.05980922099813103,42.69342720546847],[-0.06884483739406957,42.7179035165553],[-0.10244023343942496,42.72158700465701],[-0.15972871920981477,42.79739905213244],[-0.1784879363541327,42.785361494949754],[-0.23844023717848478,42.808170502420666],[-0.27668498267988956,42.835474417476526],[-0.3134428634980887,42.84937505970757],[-0.30706856228167917,42.86996632786312],[-0.32717226195000754,42.91649889360632],[-0.28159092548449843,42.93356279018235],[-0.29228087888317733,42.991102936760555],[-0.2872360879456974,43.00592033944367],[-0.2648355668439734,43.009960256978964],[-0.2599408711456362,43.038273850395626],[-0.22443426834756924,43.033763083786916],[-0.20042576352682828,43.042716040400485],[-0.1991458409823786,43.064411115641306],[-0.18776412338244444,43.08332759879084],[-0.19098404402245078,43.11120001485184],[-0.1708703509900363,43.11342325510858],[-0.14613235140227143,43.128235959977104],[-0.12625382600229515,43.157664646038775],[-0.1177014616836111,43.1803266630819],[-0.06787400013058484,43.17711979316513],[-0.07252865439013752,43.22439059831667],[-0.04586866874069626,43.23214073673146],[-0.017007531250723754,43.270453175934975],[-0.04438748267104296,43.285276684905334],[-0.046122416801734574,43.300855792904],[-0.024871748469064887,43.32949512965254],[0.010318158747631801,43.32531563972634],[0.029503346533208717,43.34615364492955],[-0.005254456755174934,43.37375854928626],[-0.003925534377874021,43.3934664638352],[0.009655310320461439,43.422201547264585],[-0.01653409524496999,43.44394693211105],[-0.03370932429921264,43.43246529630011],[-0.04274822802160633,43.410433038551396],[-0.06960017201868417,43.43296649967561],[-0.06575363832737609,43.46348011949314],[-0.03395773428648386,43.4748821154567],[-0.04931853949113948,43.49246722068145],[-0.040131786150039817,43.512605402100824],[-0.06439614081942817,43.54514708135416],[-0.0889353115702106,43.55720120791489],[-0.09678297320877491,43.582405897631695]]]]}},{"type":"Feature","properties":{"code":"66","nom":"Pyrénées-Orientales"},"geometry":{"type":"Polygon","coordinates":[[[2.166053682054993,42.66391836976526],[2.176204944795001,42.65250633141794],[2.246516821037239,42.681202948030595],[2.255205048620104,42.69745713836985],[2.297058357278089,42.70099502933411],[2.3220061203917695,42.7077915762024],[2.3573542563069108,42.730614151700564],[2.352474899591023,42.76247835717117],[2.3429452475243857,42.77535071033062],[2.343922918928302,42.8012178810544],[2.3335924644994988,42.80438237482061],[2.3271160459779234,42.83744277583184],[2.382167466090285,42.848465968894374],[2.4524747607108766,42.83693276356475],[2.501496510152125,42.85114590958063],[2.5303296696211732,42.84330870449564],[2.551517478135935,42.84669055878725],[2.5979979640054287,42.83710010473599],[2.665129702318414,42.836638227667535],[2.680460074219605,42.83066919623472],[2.7392695852260918,42.83704183830966],[2.754406508896001,42.85193277009744],[2.762151578941423,42.87367587089044],[2.789053819259419,42.895988728811574],[2.8163773260069473,42.899968720008566],[2.834726633088116,42.91226461376727],[2.8652738803519484,42.91834143726101],[2.8804319367618048,42.90142601782671],[2.9068743640845423,42.89581380072565],[2.9176652105086776,42.88490560680479],[2.976233697434438,42.870285782323506],[3.043510805290506,42.8381501142638],[3.039269430432411,42.799791836114],[3.03866210585288,42.73115943015552],[3.0354222951214984,42.678248196502366],[3.037082831998312,42.62608415053007],[3.0451908300933015,42.59457922768011],[3.0496064216977565,42.55014015956973],[3.0571198441096596,42.5372092844744],[3.0868940108835354,42.524055488048134],[3.1056245890262795,42.525593780023925],[3.138121628181151,42.51489518727693],[3.1229727483854868,42.50504339919354],[3.1331116175574936,42.48125477575951],[3.1530067352162088,42.477776284883916],[3.15732898680088,42.459432454750015],[3.1741805499682005,42.435585934319825],[3.120829508201149,42.43800580748714],[3.085437328583658,42.42550988123317],[3.0490406236305536,42.45554617467689],[3.0407621096853417,42.47314100863664],[3.0125781244014846,42.46652317375274],[2.988889553374083,42.4738313841575],[2.9689921541918216,42.46579130273507],[2.9470269070718653,42.481801093577864],[2.924481044394249,42.458389170964374],[2.863516909035993,42.463685965835424],[2.8414109625242325,42.45852270899326],[2.814839563839402,42.43879437507126],[2.799242281304166,42.41856867596309],[2.771995685896969,42.412356726628104],[2.7532002138160787,42.42535725427018],[2.7163026018456495,42.420861005709845],[2.6737509151182475,42.40452391803864],[2.6556410417562404,42.38843162789706],[2.6717654689105332,42.34117820769783],[2.611297522207988,42.346807721180475],[2.5778245531567956,42.357933234601866],[2.5545994607392077,42.353892840228475],[2.540046438348588,42.33376082281662],[2.5003079444422434,42.342911142856316],[2.4829628754848416,42.33964655377135],[2.4675348643249904,42.35892180847505],[2.4334621567522774,42.37709101786132],[2.435482130866189,42.38887656698712],[2.3491816579437708,42.40674798977397],[2.3069539494770965,42.42879201328318],[2.2923910299124817,42.422979357750634],[2.2567190982902723,42.43844036451443],[2.2466766500833426,42.429497661909714],[2.201063478390105,42.41629324758647],[2.1563417567377465,42.42342744508062],[2.128866046268498,42.4124914459525],[2.1151215213189642,42.38204970639233],[2.08954757389964,42.37371732752677],[2.0835981014554434,42.36270013981574],[2.02349649688789,42.35522663210627],[1.9859066164117019,42.36204816679774],[1.9605413830047367,42.39193435465887],[1.9582842085598802,42.42404869009333],[1.9417298315540916,42.42966577271863],[1.9353121382830816,42.45358596021788],[1.9166429808948604,42.44630507104221],[1.8854520225275206,42.44929175065031],[1.8814289746097121,42.459713683305495],[1.8498223891207548,42.46731551034911],[1.8433623972460949,42.477143601221265],[1.8030674804478923,42.48955493039855],[1.7632574952590807,42.48684429750053],[1.7312197831734901,42.49274331055303],[1.7262968840513657,42.51739946334924],[1.735934655538207,42.55051896327486],[1.7548048574820891,42.56487435248866],[1.7861250110638969,42.57362343207788],[1.8010033491172206,42.57239786027001],[1.8347684364358996,42.58353364671248],[1.8744850028357225,42.58140598425563],[1.907286118231748,42.60862947926328],[1.9361188221910517,42.60541384031619],[1.9521234354600119,42.61830326460022],[1.9722426969695992,42.61714092425327],[1.9969224698605978,42.66006561399484],[2.0187920574337195,42.6534170353211],[2.0470193906647904,42.66358965489304],[2.1114664198303457,42.666032470916626],[2.127356949655341,42.672313305937074],[2.166053682054993,42.66391836976526]],[[1.9600558256458676,42.4704521123199],[1.9598031610861055,42.4532613568093],[1.981341106824749,42.44752720529524],[2.0126921284863117,42.44834353508286],[1.9865324547331493,42.475759236261595],[1.9600558256458676,42.4704521123199]]]}},{"type":"Feature","properties":{"code":"67","nom":"Bas-Rhin"},"geometry":{"type":"Polygon","coordinates":[[[7.635285449703197,49.0541613551771],[7.674493719844778,49.045038223564895],[7.707321827434022,49.05405939239169],[7.732229514556395,49.044360193628584],[7.7694289796184846,49.04774245099701],[7.794587260656014,49.065791918907415],[7.868785609773862,49.03415707326486],[7.8916198759125775,49.04759725259064],[7.91670251003609,49.04096826102967],[7.934626827531663,49.05780915030637],[7.963045952864435,49.04293379198175],[7.980055713019351,49.02611958784408],[7.996711900374363,49.02835488426032],[8.04922031277792,49.01418078522583],[8.091376040143569,48.98925821691501],[8.139803411862454,48.9784496512654],[8.222736022927482,48.97597079725059],[8.232836216038969,48.96697753356419],[8.195800936945588,48.956207796670824],[8.139135858085103,48.892894767368645],[8.124578710186213,48.87069214791491],[8.096320563319823,48.810383710147846],[8.058939302273348,48.78881229521909],[8.029130925797226,48.78647637177024],[8.02282921871248,48.7683571613944],[8.00494993955973,48.75878082453401],[7.969723932850821,48.75544146180311],[7.9631400450945655,48.7213530972908],[7.890886576122132,48.663095896501474],[7.83981724689541,48.6413739851056],[7.828710432304629,48.61770955816417],[7.804169862129346,48.59233465434716],[7.800241352793423,48.57868703631089],[7.807039561191584,48.5211033498163],[7.794703889606317,48.50209025324464],[7.768199002101854,48.489657602973395],[7.764890504178269,48.456687573980204],[7.7359757519993035,48.40415792790444],[7.732004052005759,48.375403413096564],[7.7450285445207925,48.33566571677894],[7.733240771599047,48.31779594408542],[7.703153723776976,48.30881155728774],[7.667802806274936,48.223910814462734],[7.645993836509834,48.20894372463805],[7.628420489829124,48.18234169524649],[7.601153626284707,48.15837840879526],[7.597069643598031,48.13314665478638],[7.577312855212316,48.12036852180279],[7.519368638022094,48.12611186663136],[7.5125346837248,48.15232225264574],[7.477457496315403,48.15656192531237],[7.4675859539752825,48.16899525405458],[7.476943375699939,48.20353668428324],[7.44466546317087,48.21741894982423],[7.408909688142275,48.224103980885616],[7.397985372184995,48.23250486975424],[7.3502585424914155,48.24763679309355],[7.324540354627305,48.245301227144324],[7.312654881787611,48.26854265756791],[7.275183721811301,48.30523478704946],[7.241733352395135,48.302429901416254],[7.198281537029947,48.31046786102034],[7.184818696745765,48.33615437512855],[7.120494270164923,48.33334864685793],[7.0785233740914295,48.35107311533077],[7.108026244714085,48.376989845150604],[7.095873788299803,48.4270217723305],[7.11688383670396,48.484885014570324],[7.097693072924202,48.48762107861984],[7.123165369028565,48.513592265556596],[7.080630193411291,48.51267454477156],[7.064487678486664,48.52339791207404],[7.079359770973246,48.53641761270014],[7.114376678081027,48.537389878992194],[7.147094880277466,48.52694681230707],[7.167909935894842,48.527596443549314],[7.1924855682726525,48.54879290260453],[7.2183172603088295,48.55264406598888],[7.256281654444217,48.588675507652],[7.256388448234081,48.60150853250187],[7.278427796440234,48.625202388791344],[7.270398382732597,48.63054438708614],[7.30435493964854,48.6602012988693],[7.2645955424124935,48.662703775725404],[7.242261522633183,48.69210964676438],[7.260168326105747,48.69429915361379],[7.266625221422177,48.714209030699415],[7.286884538061931,48.73134414106466],[7.3064497001602975,48.7691099850618],[7.291233271693293,48.79399531609868],[7.262026914660001,48.797761488092036],[7.228655644882326,48.828038818777635],[7.196675525429877,48.828301758643974],[7.195876686739622,48.840397988184655],[7.149408408912651,48.84470403837187],[7.146671555297553,48.82130284961471],[7.1231658021967155,48.80450097964112],[7.088166864000689,48.79249269644048],[7.079303305840072,48.81404016744667],[7.054514540544794,48.813704386223854],[7.051334597348638,48.84628529036997],[7.086623738193806,48.847740597072104],[7.081165552464466,48.864100481733125],[7.050249140492324,48.85934342449812],[7.044405156028646,48.87353491651631],[6.988916052470446,48.8911922591983],[6.964601688658047,48.90452526765522],[6.955547179403453,48.922319717315936],[6.978894125394516,48.93334137925148],[6.98921640979739,48.95992878867804],[7.032219488521415,48.95604910228417],[7.038359726746952,48.99687346466287],[7.05300726402484,49.00729189414574],[7.054911912536333,49.03061918771655],[7.078659891943001,49.05036062768427],[7.068107134587352,49.066879969038716],[7.103885148469087,49.074161754697926],[7.108081132396537,49.04341471828652],[7.119477346819226,49.03721652969957],[7.130505931552783,49.00459350678602],[7.174240270723143,49.006365681338195],[7.209311457091751,48.9800881370531],[7.236031367305892,48.987818615118876],[7.293949845247019,48.97157404948427],[7.326851980608823,48.943372742020955],[7.358876660684313,48.95760287154302],[7.392311568753424,48.952706941018526],[7.451630239981024,48.967962755037526],[7.479572330825655,48.96139105276517],[7.50187360937539,48.94425222519554],[7.533247825039657,48.93350273583194],[7.57839213753989,48.95740241810784],[7.591218725544888,48.993724868247604],[7.609553546221074,49.02123201245433],[7.6400276339065405,49.049114242922506],[7.635285449703197,49.0541613551771]]]}},{"type":"Feature","properties":{"code":"68","nom":"Haut-Rhin"},"geometry":{"type":"Polygon","coordinates":[[[7.198281537029947,48.31046786102034],[7.241733352395135,48.302429901416254],[7.275183721811301,48.30523478704946],[7.312654881787611,48.26854265756791],[7.324540354627305,48.245301227144324],[7.3502585424914155,48.24763679309355],[7.397985372184995,48.23250486975424],[7.408909688142275,48.224103980885616],[7.44466546317087,48.21741894982423],[7.476943375699939,48.20353668428324],[7.4675859539752825,48.16899525405458],[7.477457496315403,48.15656192531237],[7.5125346837248,48.15232225264574],[7.519368638022094,48.12611186663136],[7.577312855212316,48.12036852180279],[7.579959302676986,48.1060241628568],[7.569229918944941,48.08140103227969],[7.571623278915894,48.03037963253785],[7.605442849614272,48.00375666733687],[7.622090012011825,47.972273158282675],[7.583289971638735,47.93111867339603],[7.583517659704031,47.90164054665845],[7.556704620769357,47.87994110574265],[7.563546061062802,47.85213451656705],[7.531259755609871,47.786758092739966],[7.5322376356790635,47.768103948729824],[7.548078387714247,47.73958664484275],[7.543471717716171,47.7219511962019],[7.513752001020271,47.70281805790175],[7.522345790100707,47.662321489849276],[7.566467478798788,47.63289794133456],[7.592166196122287,47.595364230897054],[7.5847059048213925,47.57726432341283],[7.506109699820528,47.5443371916087],[7.5252484411100795,47.5198644991559],[7.507326934833388,47.5152130072166],[7.506753671499357,47.49563386052678],[7.486855374527259,47.48173332111362],[7.434560148747173,47.497929056791456],[7.422690550181342,47.484388198189606],[7.4501432999503265,47.47529024914208],[7.420293972815237,47.44542252005264],[7.380947797110134,47.431864331193985],[7.337556330611329,47.44091115313276],[7.281541911285926,47.43421552862775],[7.2462970616937685,47.4222020998741],[7.232812984772371,47.43881243982562],[7.206682632158959,47.43482071398383],[7.170823146393291,47.444351795572196],[7.18658232857427,47.491228297146144],[7.158949175727589,47.49075866687029],[7.130345969302944,47.50302658239207],[7.135819374783416,47.53646303183533],[7.106219108143236,47.55138203283421],[7.086270201422721,47.592562199657216],[7.064719544691056,47.60105755104757],[7.025415883306456,47.59267760605909],[7.004983231421509,47.61938273174142],[7.018871382727326,47.65067487496959],[7.046314752908177,47.67150171047833],[7.026487154962489,47.70099973832609],[7.0374240128839105,47.72163936009252],[7.011758808530528,47.741727719619604],[6.971172049261423,47.75268332188395],[6.940432511420332,47.77156566113129],[6.924003092082664,47.77046856849051],[6.862439977221479,47.786366479297826],[6.848453009671943,47.80186631777955],[6.846179818400714,47.822945196999186],[6.897600863366078,47.8375646687869],[6.920047718110646,47.85028746971086],[6.900213335139267,47.891191372710956],[6.927825935367718,47.90821058120768],[6.920755573390488,47.942921686407516],[6.943356419805964,47.99795794686154],[6.961410552710714,48.000261282588426],[7.001883743858899,48.0223990958155],[7.029803015827174,48.07190490436478],[7.047595780380201,48.08006166786818],[7.084162370831343,48.12921286268667],[7.058017510455936,48.13770265802238],[7.085332018879333,48.18087313160711],[7.117505784718491,48.207992451661525],[7.147824517541642,48.263892801246804],[7.159489565642163,48.268753563588],[7.172440378133587,48.29748024360684],[7.198281537029947,48.31046786102034]]]}},{"type":"Feature","properties":{"code":"69","nom":"Rhône"},"geometry":{"type":"Polygon","coordinates":[[[4.388079599211451,46.21978851671503],[4.392045244906183,46.26302385998399],[4.405813600867752,46.29606050757099],[4.458369104418381,46.29697584037131],[4.488464517812633,46.28799447923909],[4.504000511619177,46.26712967638222],[4.537259095086993,46.269909752755986],[4.557791734390365,46.294551693366884],[4.58651066847238,46.26869366799675],[4.618564521857389,46.26479290298609],[4.617019082985369,46.28062156129126],[4.6546541224676705,46.30348939899555],[4.688792316232356,46.30134017113633],[4.707543694868305,46.2846591310526],[4.679555470888074,46.25866738898982],[4.735773074768783,46.234243689563726],[4.720630389105726,46.22239538927804],[4.735252824806332,46.210851459521535],[4.7208781171109155,46.19392061792661],[4.730529789085251,46.1783721277199],[4.757472202390895,46.17225721411849],[4.780213475718984,46.176677022719375],[4.802383406855843,46.15689004179432],[4.7974461577782055,46.14070125939972],[4.74842216438804,46.092116678231136],[4.76168298760261,46.068835281873454],[4.739924532383598,46.044545739209596],[4.74583632453276,46.03479022524953],[4.754510768697905,45.972272809968736],[4.729096921230878,45.94909221230217],[4.737325990745241,45.938166671490364],[4.771751698096339,45.939227157903346],[4.7885556818887975,45.92396575312498],[4.805862172264801,45.921565090394125],[4.805177333218323,45.89632861459743],[4.8480352687938995,45.91297548186924],[4.88069852397936,45.897169382005984],[4.88382693945437,45.879994069300665],[4.909016569606379,45.87410386475139],[4.9012173780094885,45.86033670744545],[4.916119464335568,45.84545668995466],[4.918340642420571,45.80702873296715],[4.963083585101699,45.81097052424602],[5.013451311336389,45.80505705540713],[5.044790298055403,45.8117360670572],[5.101067478338776,45.81337808264365],[5.089312645190639,45.784275022180616],[5.059330594890989,45.79197852353507],[5.068368951685849,45.765473881827624],[5.093091174921406,45.766089791057205],[5.094526879742294,45.739453359509234],[5.126011929215237,45.73790916787724],[5.159431081299061,45.7088530167123],[5.131061214476138,45.7077086126494],[5.1081318769103605,45.68802493937274],[5.059543480830934,45.66509793238911],[5.058062092364437,45.65324362294234],[5.035148740524161,45.63720294798379],[5.038083762231331,45.61507172104689],[5.0047455923475,45.62311113752578],[4.997963145407583,45.60341491364353],[4.9719731415095545,45.61268302966118],[4.927527809638902,45.605706962994894],[4.901457719834113,45.606267804658444],[4.864457684448963,45.59360146128447],[4.85277784466551,45.57887851405256],[4.828114865183135,45.58789311790868],[4.808696981728118,45.5723005698916],[4.840117013694024,45.543291913290595],[4.864438371893341,45.5373424891419],[4.868481734036511,45.5234402120416],[4.8412638959614664,45.50060628572331],[4.782279555986659,45.47220452723034],[4.775917949204341,45.45421052340817],[4.756935570818616,45.45570734978024],[4.739409870606086,45.48659464798714],[4.721827573373719,45.49439543048306],[4.700228209366997,45.478251319676815],[4.661754663860458,45.486753449800155],[4.6505036163787885,45.52825095564595],[4.684974417954742,45.55444421417092],[4.672311111048541,45.5702781100426],[4.636946590180618,45.54563402439237],[4.625186588148891,45.5690598812714],[4.582929001860563,45.57473357946033],[4.568607549526933,45.583472510511605],[4.521074741734986,45.57279549516226],[4.501195680541532,45.585509531030695],[4.44944567617998,45.607317262662356],[4.440485898400948,45.62348155684874],[4.410284239143385,45.632050806327356],[4.391675108287153,45.6629035906777],[4.365920195904948,45.67115339597],[4.3738410092708815,45.7118281564325],[4.397995092909568,45.751428954900874],[4.373503657509452,45.74949633164302],[4.3493620257561165,45.77130357540371],[4.375871288793124,45.782079121045285],[4.376223580241809,45.82463846230085],[4.396210392438567,45.860049159409144],[4.357305400190197,45.867818212138175],[4.342152967764877,45.87717650941675],[4.32322164118184,45.90393193479993],[4.34541858135298,45.915369145765204],[4.34518756578921,45.928106708428984],[4.293912264205216,45.95339953385285],[4.298100713331312,45.96566297835176],[4.249195496150678,45.9953837193519],[4.300566276670547,45.99131120846098],[4.312509748657016,46.00559232184622],[4.262156206087431,46.0353981231568],[4.254288650960761,46.05273202617171],[4.285739765481103,46.05353257676386],[4.309660723089374,46.079736904576485],[4.306153355734185,46.10204949110961],[4.321566636697419,46.1292227390098],[4.361588426954295,46.13845862089166],[4.380275754005176,46.150004219111246],[4.410785750373344,46.13662430946693],[4.438590902796802,46.16787882969539],[4.395991931108271,46.18913351748368],[4.422612723182659,46.2025561207876],[4.388079599211451,46.21978851671503]]]}},{"type":"Feature","properties":{"code":"70","nom":"Haute-Saône"},"geometry":{"type":"Polygon","coordinates":[[[5.884726375202079,47.926047148569474],[5.900112413513003,47.94475092005572],[5.918042584312377,47.94735978283618],[5.918281347414071,47.9655809864854],[5.9367444429976315,47.978872441043904],[5.95951518224341,47.96583761413322],[5.937717530374109,47.95093996886656],[5.9537128429228625,47.93703033418094],[5.9707779241858585,47.95720515925631],[5.994585023938386,47.957843619961515],[6.023512782425089,47.97819459549159],[6.0411805356860935,48.004423104387435],[6.131397185816461,48.024084417358715],[6.156025724419171,48.00640454629518],[6.1523863211856415,47.99509120117254],[6.167984818891344,47.95235039236555],[6.193308012990422,47.953186926635745],[6.208333130052072,47.93959154159432],[6.237987058178878,47.93284210198345],[6.27733365541217,47.95380917897212],[6.324502244506514,47.94927719089294],[6.366159798724643,47.96194440724777],[6.43172063760481,47.94381556163065],[6.455958900669549,47.90676595953145],[6.476305388045899,47.89135525473161],[6.5421528235861155,47.90261056529581],[6.563418085973325,47.931389307581],[6.6073149335019385,47.943147742357816],[6.641076475620301,47.91580834582307],[6.643740194905068,47.90503177099352],[6.703673452230481,47.88141530820336],[6.737768277119198,47.8615661276394],[6.784821909572192,47.84962275516846],[6.792206691054161,47.830065844691816],[6.823538854548165,47.81305372458858],[6.811469860026116,47.796038470605524],[6.785629179422312,47.78207231453601],[6.757638483670512,47.747877966474704],[6.756625698295901,47.72444662113829],[6.772570902276831,47.71163343375122],[6.781911060840567,47.687677725049234],[6.776099673752326,47.668572918052455],[6.80103447418288,47.636044219886536],[6.780404771904786,47.62526070544475],[6.804959146951254,47.582108256125515],[6.80700533167707,47.562801384972],[6.797499350037713,47.5495126825397],[6.767404952407747,47.538017268556935],[6.738845896180387,47.55702322452207],[6.715410264318535,47.55291548061491],[6.670176179849052,47.55789898345777],[6.646719240296149,47.53526063805599],[6.6108754443878,47.530375696762064],[6.581373134078281,47.5439823802077],[6.568287888950471,47.53296730090853],[6.583644236898135,47.50998705821796],[6.573512260277363,47.495493621813196],[6.55356252302069,47.49279726215029],[6.534536369742796,47.50605436714645],[6.5183760537344355,47.49650598459375],[6.495895471628419,47.50568894568784],[6.475912751751343,47.49653791477729],[6.463493609157821,47.51211727914121],[6.4176533951113335,47.52107576002842],[6.3343537374171,47.50596607053227],[6.280184223466656,47.44396949481327],[6.2635413933118995,47.446113357872484],[6.256322884311814,47.42460267369418],[6.227146778558152,47.421361759224745],[6.20045182507361,47.4291448308537],[6.159315835079816,47.38763809750605],[6.118643218077476,47.39516918586829],[6.080045800270596,47.35403647497674],[6.038905360008941,47.345543807863976],[6.031152213443059,47.337818639776025],[5.979565477765114,47.32599225383308],[5.965726777821383,47.33714799401978],[5.926973317778065,47.344842696907314],[5.908850384555448,47.33130809335063],[5.860063369485741,47.31441371512956],[5.84401524176912,47.30002560772319],[5.783911882300601,47.29062859459643],[5.772794289154126,47.27839174115347],[5.732304584331136,47.2635708244963],[5.698725742766405,47.264996774959506],[5.67598472782394,47.27574753150103],[5.641087079328796,47.255902139031384],[5.602110210787404,47.26053058449396],[5.574464664810694,47.25405893079992],[5.572097032797981,47.2684421265039],[5.531653812708307,47.28437396080552],[5.518538729512594,47.30418661945213],[5.4722397259852755,47.31697205065742],[5.4927946655161906,47.33207816699496],[5.487995511763959,47.36201125941915],[5.496952532848246,47.390117858136],[5.477377417366495,47.39529212690571],[5.451397515008267,47.38406251344994],[5.432338107070534,47.438347264883],[5.406499562267299,47.4618228232386],[5.376587470082713,47.46467984209965],[5.399215772340755,47.49901418953457],[5.447063511552309,47.496253655345264],[5.471680911081918,47.527461847421854],[5.486403857432212,47.526968551040035],[5.497062180458679,47.55418172115122],[5.477547427463133,47.60872207289565],[5.425594945399527,47.63207432012174],[5.39980448309253,47.597153502136244],[5.374078595885573,47.60454165278582],[5.37317594209649,47.61838294374159],[5.405745536478159,47.646866141018315],[5.406342872021028,47.673400744473895],[5.4460337898832885,47.67077575883233],[5.482567919490752,47.684602874896335],[5.529778304397354,47.67282923798152],[5.567204936430051,47.70523436852804],[5.585005103022503,47.69979015765272],[5.596682241448045,47.67168603172257],[5.6534056633858105,47.67738242296545],[5.690079801415203,47.684838574927916],[5.684123936651815,47.711966155758596],[5.693342993991239,47.737537821735295],[5.709442412269412,47.745127245662815],[5.705093217659827,47.76911094285444],[5.679969716046147,47.769967881716525],[5.681940162654595,47.806412809419605],[5.699885101970957,47.82390335263593],[5.732629873750381,47.81759710089163],[5.746056257349712,47.82359612703334],[5.744128331452809,47.84867639845901],[5.76119123886598,47.85933449216956],[5.805624457872526,47.847311152266364],[5.851317308296247,47.905988473584586],[5.869970150074121,47.900706913078324],[5.890864473987194,47.910829841401245],[5.884726375202079,47.926047148569474]]]}},{"type":"Feature","properties":{"code":"71","nom":"Saône-et-Loire"},"geometry":{"type":"Polygon","coordinates":[[[4.1159670699158095,47.12333757652634],[4.153771215900621,47.11455697541982],[4.171903802407782,47.11744504627446],[4.187112897689929,47.133641259369064],[4.1819015999311935,47.15050500507014],[4.209834279044644,47.15541168354448],[4.235126114423698,47.14567232864916],[4.254511023751104,47.117244891665926],[4.2732057577392935,47.10846860042988],[4.349384584855175,47.09695260404792],[4.344250468382807,47.07243028540817],[4.401611638839053,47.08266237195949],[4.406283415170733,47.049999892555],[4.42831764695131,47.03978832160757],[4.453754603542757,47.04180317977088],[4.488156368101142,47.032053991768684],[4.5067016541013825,47.01322725598124],[4.554809047275526,47.02005452316086],[4.573661325177989,46.97338633863404],[4.589560484494725,46.9557070191566],[4.623230215613321,46.94082023678555],[4.650119701990474,46.94126696425738],[4.6790861065904545,46.93024007090235],[4.66452477880559,46.914160146408875],[4.685479824630714,46.90086027628975],[4.715721115401545,46.90691597166802],[4.728129651701318,46.91937462593793],[4.780547505930617,46.91818028344327],[4.7884658140953436,46.931872716902944],[4.893911988532932,46.951172459049864],[4.896071329118784,46.96624020620316],[4.927494382962588,46.96753853170502],[4.994466553308194,46.959149599506034],[5.0034065361874065,46.972143943970465],[5.049303736126251,46.98158693341567],[5.0762583071667144,46.95939003098176],[5.100252102348397,46.95598327083581],[5.1243390082418205,46.963720125840524],[5.166234471151257,46.963868398378764],[5.181859259011498,46.97482345386571],[5.222006075229213,46.988855497295],[5.255236339191406,46.97988809464049],[5.260170972283091,46.94558220686418],[5.274765609317477,46.93484664855668],[5.308497060036723,46.93735552157344],[5.306862019346935,46.92461572569682],[5.328705057646148,46.8902268196612],[5.3633777404924405,46.88326000729678],[5.390761534745653,46.89436876615946],[5.403416904275394,46.88995270444294],[5.401826175213913,46.868321923377145],[5.418370968481785,46.86028266347864],[5.4592864241149215,46.855244785634916],[5.462804105486921,46.84077447546622],[5.4488892034635485,46.82627111311263],[5.409821779763356,46.83254621337176],[5.3285860378953895,46.8129521008927],[5.3329251666131325,46.796100557884984],[5.352854015210384,46.793190147243955],[5.390414912053985,46.76783202725685],[5.366370235232235,46.75127756992356],[5.361096638423232,46.73098281339333],[5.393640625030492,46.728633357928615],[5.407751223773992,46.69588136597287],[5.395359314315539,46.68505154004584],[5.422089954439316,46.673031501871684],[5.415503039920619,46.654982421219465],[5.441107903009741,46.637540014709465],[5.417107587832548,46.61545539475532],[5.405690744011141,46.58167055755078],[5.369638182241569,46.58033249938761],[5.359203918767164,46.52256069453744],[5.384819294338149,46.51562428945251],[5.40775059526701,46.50005419367624],[5.415741925117894,46.47313865941284],[5.373305922688233,46.460100694018294],[5.3233509593207256,46.462505958303325],[5.310560613770375,46.446766420719875],[5.25581668314639,46.451923595866475],[5.215064143095116,46.46835927312158],[5.201145471995378,46.50821850614692],[5.172664602566099,46.513447365613864],[5.137248163610305,46.509322673438184],[5.107377093416356,46.49191576160186],[5.056433075236103,46.48392614751307],[5.027777929725955,46.49358075779722],[5.004307716480809,46.51041518184386],[4.935598865656449,46.514228992728945],[4.915557341962093,46.48894113481689],[4.915786922554027,46.465410523692164],[4.891817622919295,46.43991436571944],[4.8882077017045455,46.40298160185766],[4.851457022538043,46.35626925172072],[4.852756157390729,46.328199775494426],[4.831827095028622,46.29688694217226],[4.825956808265179,46.27478753204555],[4.810994882268941,46.25992151697563],[4.807756868341096,46.23696871115128],[4.7945808953124605,46.21831635025701],[4.780213475718984,46.176677022719375],[4.757472202390895,46.17225721411849],[4.730529789085251,46.1783721277199],[4.7208781171109155,46.19392061792661],[4.735252824806332,46.210851459521535],[4.720630389105726,46.22239538927804],[4.735773074768783,46.234243689563726],[4.679555470888074,46.25866738898982],[4.707543694868305,46.2846591310526],[4.688792316232356,46.30134017113633],[4.6546541224676705,46.30348939899555],[4.617019082985369,46.28062156129126],[4.618564521857389,46.26479290298609],[4.58651066847238,46.26869366799675],[4.557791734390365,46.294551693366884],[4.537259095086993,46.269909752755986],[4.504000511619177,46.26712967638222],[4.488464517812633,46.28799447923909],[4.458369104418381,46.29697584037131],[4.405813600867752,46.29606050757099],[4.392045244906183,46.26302385998399],[4.388079599211451,46.21978851671503],[4.362151387631787,46.195596184477786],[4.3157404325049695,46.17203342079279],[4.292313251311721,46.17248235017095],[4.2818305705425415,46.156597324529926],[4.257119428326002,46.157287705187656],[4.257372590726873,46.18473517832983],[4.224689888463,46.177995310819746],[4.207908679923857,46.194835796707316],[4.18453492610967,46.188021124528625],[4.188443814996147,46.17512895597164],[4.133393277727922,46.17732129820146],[4.104090700200876,46.19839492284894],[4.051958867651804,46.181688397585496],[4.0304983004444725,46.169772418692666],[3.9817875015959623,46.176336440402444],[3.972545422490283,46.20271202778806],[3.9135641774619283,46.20692040053432],[3.8901323277345172,46.21449064143864],[3.9094002908986636,46.25772625699907],[3.8995333931893303,46.27590543921817],[3.913568325901341,46.29667714620525],[3.947724671420121,46.303449323036666],[3.9501794500141676,46.32060215408413],[3.9866257932147806,46.3191937873956],[3.991608290169238,46.36963488772235],[3.9772154801510964,46.399224593839804],[3.996095243061049,46.42738316091883],[3.988140931065446,46.43545798547263],[3.9980416518372484,46.46546757106011],[3.957937642803863,46.48975562185932],[3.9189689867502246,46.49606391967711],[3.8904705648097098,46.48125092995184],[3.861780077410741,46.492069790934515],[3.864628432284858,46.509716167248044],[3.839759641886244,46.51756472437794],[3.8340059039329697,46.53113227681354],[3.8017563441985818,46.51989955458826],[3.767456276915371,46.53900905290684],[3.741846977514427,46.539511127662195],[3.731542528360726,46.54958181729057],[3.743101843011838,46.56549988100001],[3.732377738592808,46.60491072152218],[3.7138789586356697,46.613996147529015],[3.712149662452129,46.6336280503392],[3.6969523102437005,46.66058216583623],[3.6689793976266167,46.67350816429054],[3.651395777587073,46.70281985671478],[3.6379005417614154,46.707208771712054],[3.629423683496518,46.74945902193754],[3.638852795875816,46.7414291297393],[3.6764513769021243,46.738863704610445],[3.73619002089105,46.75247120098576],[3.783666045566592,46.736048122663426],[3.797329518692337,46.70150263714515],[3.8260957715927075,46.70391953563021],[3.8446585970830824,46.720902226508414],[3.886217784502878,46.72736946397975],[3.9268461357095314,46.73932209846788],[3.9632215617966824,46.76602786916393],[4.033374685377483,46.787597067958394],[4.062709832615211,46.78936469128212],[4.056234450174584,46.843272376735854],[4.10088702370378,46.859107279954316],[4.093851364443379,46.8747343332292],[4.063541781254885,46.898637142134945],[4.047930985015345,46.899770705295666],[4.037221978317054,46.91815560684184],[4.055716129773101,46.956751483000446],[4.039401951235417,46.98511001230653],[4.014415061270238,46.97247440888245],[3.9951563121844047,46.9853110258271],[4.0314701513696285,46.99832730189447],[4.054940156290852,47.0126839142093],[4.0565135025792305,47.03590917660347],[4.068333453149657,47.060849772300685],[4.038726355028209,47.08001003428516],[4.06142733788571,47.121041664100176],[4.093453790716921,47.11837533659616],[4.1159670699158095,47.12333757652634]]]}},{"type":"Feature","properties":{"code":"72","nom":"Sarthe"},"geometry":{"type":"Polygon","coordinates":[[[-0.05453120471342586,48.382003457815514],[-0.04462899093295152,48.379755379925435],[0.0033707584170527497,48.39598744941706],[0.020988775959532427,48.38019902542899],[0.06252414284954447,48.38302768487248],[0.0686800642491165,48.406668571805646],[0.09917026625350714,48.41035346558878],[0.11624508246972709,48.43555379652284],[0.1513148609685129,48.43722944549019],[0.17216701037378906,48.46478849710128],[0.18981014616858835,48.46189487699406],[0.21796784681891437,48.4738014493765],[0.30023976976312095,48.480570774759265],[0.35577910790038714,48.4582196404425],[0.38155707814654405,48.42516246095979],[0.3717304119271855,48.41045271670545],[0.3831416441494548,48.35506581259146],[0.3826045470591668,48.33382739375671],[0.4062188750511576,48.31462381799055],[0.4313327796769827,48.30663773892564],[0.48757228180388706,48.307800269630285],[0.49456203378441577,48.28681219277962],[0.5303066115723511,48.265500468342935],[0.5359730618565085,48.24984731423508],[0.5791940330516644,48.24436715365327],[0.6236114391567086,48.24531365157172],[0.6531564634145168,48.26370008686643],[0.6754723126802372,48.254743451079044],[0.6954713879467597,48.236330986094266],[0.7236370295054257,48.198143278755104],[0.764084678712686,48.181597068873735],[0.797655838494225,48.19445221754921],[0.8367739335625146,48.166991974853865],[0.8619836907733601,48.16682130452495],[0.9116186783263119,48.14886135015183],[0.913802022562964,48.13512781830264],[0.8525696983122546,48.133605674559426],[0.8412172317044129,48.10306240932052],[0.8430226369432118,48.07264184794484],[0.8011883732648392,48.0715172542445],[0.7975514233427093,48.03724057968432],[0.8405346727531238,48.021049640847735],[0.8323705747596303,47.996592919852844],[0.8186564019800159,47.9892543363892],[0.8376537080820077,47.96869214349436],[0.8454683997304765,47.9413323536207],[0.8171444727137281,47.93447148791446],[0.8091382962389404,47.91066255080899],[0.7805065684044099,47.91037691407999],[0.7573343557395469,47.8911737517487],[0.7745788175007324,47.83968729513432],[0.7452461943264459,47.82624263074177],[0.7248506777855144,47.79889099623824],[0.6512736394121261,47.75525397111593],[0.6207093570907236,47.747478130583154],[0.6116040970811059,47.728130849502094],[0.5805178732790718,47.71232800971273],[0.6144311990931555,47.69421364605317],[0.6148109083098767,47.682749216116356],[0.5847693599955615,47.66857981952678],[0.5599236683507411,47.67081925112141],[0.5446201655241357,47.656594675363216],[0.5168171483414108,47.6548633763592],[0.49841790772099426,47.644762985249095],[0.45663070361835445,47.63882641156769],[0.449927725905683,47.619326961976206],[0.4239064036884163,47.61782807903746],[0.396250654091774,47.640846063055804],[0.36465541592168343,47.62601597769362],[0.39696475621012467,47.59398591871484],[0.4025770030261876,47.57851243241093],[0.37848363992659617,47.568525933307754],[0.3395858922127171,47.579470515833165],[0.32305499229698215,47.59299821090531],[0.27798986367452727,47.59737754800952],[0.2592506238809073,47.61225007215638],[0.2300017263531844,47.60839829191704],[0.1857971097487886,47.61573515835152],[0.18492077212499186,47.599519723895675],[0.13984161379263732,47.59111878052602],[0.11568518986526223,47.60572820554534],[0.05165930848592442,47.606515201700375],[0.01704033105751261,47.62110138156107],[-0.004507638464452976,47.64768842379034],[-0.05468293127308542,47.64842261886652],[-0.07177191841107244,47.658369330035505],[-0.1075909106103418,47.65528707795732],[-0.13610057418750457,47.634067825440376],[-0.15714474625449978,47.64556263174295],[-0.19315724780649848,47.6479165803738],[-0.19505682505367974,47.66137704033336],[-0.2201912638722686,47.68962152946947],[-0.20031003076883538,47.69468965521296],[-0.1823177464697087,47.712899554202],[-0.20237319489976208,47.7252424835264],[-0.23897070389904987,47.704236533845965],[-0.2867043357584838,47.7193267262097],[-0.3340636977656885,47.72116613990195],[-0.3749413527409204,47.739263349746885],[-0.3817032700427246,47.76056283993387],[-0.3754332123417834,47.76723904317632],[-0.3882005825686289,47.80531865639091],[-0.43408017720781095,47.80905444470248],[-0.4478589178811479,47.832216379452724],[-0.40938712543111205,47.858367062871636],[-0.3743813069594822,47.85830770196427],[-0.37698156137550093,47.887202712966676],[-0.40516479150867374,47.89292797578798],[-0.40710509590818,47.91084268048501],[-0.39622906190687696,47.92596685050878],[-0.37509534291502034,47.93272853592671],[-0.33832856883634976,47.93101420361583],[-0.2953214951501512,47.944001512102375],[-0.2826331784456301,47.958191807392794],[-0.3160042679648186,48.00526279935535],[-0.3399323890629896,48.01160216696548],[-0.31721069812097374,48.04509335726533],[-0.27144577462211034,48.06524304546605],[-0.2309424436035576,48.058985357486335],[-0.22496575471956115,48.0740005169816],[-0.23852128063613662,48.08512943952702],[-0.2164164207043083,48.11373479657783],[-0.25380835722539496,48.13652925202679],[-0.24992127138834272,48.157106805241526],[-0.1989536608764294,48.17827619579444],[-0.14683706738655639,48.205008919837425],[-0.14518119273289676,48.224233621433555],[-0.16095933457080433,48.23880560928454],[-0.162366087633251,48.26001034242559],[-0.13808698398432823,48.2934339795153],[-0.15462051452709383,48.31399248085133],[-0.15624187430084163,48.33878308965111],[-0.1322639799404977,48.34367891800192],[-0.13797809431803487,48.36135559567944],[-0.11216445619965741,48.37424593844257],[-0.07781568991642306,48.369011884149366],[-0.05453120471342586,48.382003457815514]]]}},{"type":"Feature","properties":{"code":"73","nom":"Savoie"},"geometry":{"type":"Polygon","coordinates":[[[6.802516663522652,45.77837197402193],[6.808418511070923,45.72515343860933],[6.847748586989986,45.68937749599125],[6.906506784191486,45.67456031820136],[6.902142336705646,45.663739451343055],[6.934608837460737,45.64709230917702],[6.966679928899032,45.65406247996058],[7.000690534148291,45.63990159437462],[6.98785713700158,45.62484030507284],[6.977853982998437,45.58988711838748],[6.995382953276822,45.57564160818661],[6.9915063165642675,45.531275223900984],[7.005311787943923,45.51709673862955],[7.000331708478394,45.504417196582274],[7.04452030151899,45.497242723763186],[7.045847872850837,45.478350392863504],[7.0997891354009095,45.46943936219543],[7.113516455211971,45.43419468733109],[7.152242832761182,45.42319920873864],[7.1842747748936695,45.407480631519924],[7.165149366142358,45.383396585908265],[7.161662218042757,45.36245350123881],[7.137734008933981,45.35080736839848],[7.134719719291083,45.33124412917526],[7.113617028522963,45.32868608867201],[7.121796569398171,45.296222432254126],[7.136428084679232,45.28079531076303],[7.137753498643515,45.25686099638962],[7.106506545205386,45.239259844510855],[7.067342157688226,45.21008321740584],[7.051179482821824,45.225331224056454],[7.019992318063418,45.21587387777123],[6.965752237821794,45.20795099681965],[6.954190330678925,45.17961083467822],[6.930266678221192,45.17096314110703],[6.895349577041668,45.16846478638608],[6.884108906250159,45.15674060434921],[6.89437780212641,45.13736971507668],[6.847887829330167,45.127201835901765],[6.812274904701698,45.14835683817089],[6.767947891773147,45.15974332272096],[6.738956139264719,45.13683144319859],[6.711286195179388,45.14475992733128],[6.680067352474279,45.14012497136189],[6.672462233861758,45.124412299122746],[6.6299873381374725,45.1093269281999],[6.615550094957373,45.12147775227429],[6.57653069592537,45.12309720037721],[6.55601396596344,45.104195104315984],[6.529708447474563,45.09856919735164],[6.510979894458294,45.10875068557236],[6.480384256020366,45.09079271505677],[6.486234598441578,45.05607309559144],[6.451799595532319,45.05172052616644],[6.438596097282185,45.06258355349038],[6.393914586674507,45.06181851097421],[6.364877554955543,45.07017079687575],[6.373529600716985,45.08414824428705],[6.362935515883446,45.10449356656247],[6.3312977067397425,45.11812379084807],[6.299216785815758,45.10855211143577],[6.260566197557925,45.12684791386632],[6.265373167502132,45.139612058658614],[6.248933790379999,45.14966269770901],[6.227710427654607,45.142718202360385],[6.189207693158913,45.163732283277994],[6.16131722681015,45.151009138334466],[6.143789597164076,45.15455037021851],[6.161919245441667,45.188407230805964],[6.159477588169717,45.202453059383735],[6.125696481423486,45.244270268835855],[6.140875621531491,45.261921460435985],[6.131944929909637,45.288287215984546],[6.160203556675586,45.31249020082116],[6.1844503207792245,45.31794850760671],[6.194758976954228,45.35224190534863],[6.177450938299202,45.39316148783122],[6.144660957447894,45.41359714609229],[6.13250773126349,45.43338472055341],[6.097443053810049,45.43210624582376],[6.090976636521003,45.444017712369956],[6.049753851710852,45.43791952965108],[6.008517618674313,45.45384805163827],[6.010911085643492,45.4732028948577],[5.991189721035916,45.47515424577151],[5.966169653050879,45.49230872138139],[5.915370443544101,45.47644734987887],[5.92551858695235,45.46607303539041],[5.9205757281996165,45.446107810736585],[5.901623412018766,45.41803604702067],[5.909619159426924,45.3904002917266],[5.891004502554541,45.39221582440636],[5.8797384015593375,45.406796712103805],[5.854272829475331,45.41656686156957],[5.820296539907869,45.421184335243574],[5.782081150720109,45.44065533936711],[5.740104011811925,45.43734623286918],[5.731970000928497,45.45281667211181],[5.73637233564262,45.47254042424704],[5.719054346580329,45.48422397831694],[5.71223316468065,45.505057950484435],[5.690155380407807,45.52805094541753],[5.671709636036369,45.53657315102359],[5.675167496407929,45.552447358553074],[5.623027366443004,45.60428439343032],[5.623748035268078,45.61326832676418],[5.659528303353562,45.638682809874865],[5.689187102194641,45.64850161239945],[5.687058475150925,45.66816731077608],[5.708336503736496,45.683064766572876],[5.704119379498135,45.710926329459184],[5.756676853365063,45.70873356110276],[5.783495254205752,45.74431423922736],[5.77937453777779,45.76217553185385],[5.786777683247082,45.80940611504179],[5.80366973107069,45.85558153164841],[5.8285402770414905,45.909296035615355],[5.831226413621035,45.93845957829322],[5.862101395990038,45.932402294861824],[5.869091534260767,45.886864468450106],[5.878940328529421,45.8597615070083],[5.873592999113487,45.842776979480114],[5.913222470309635,45.80414050655359],[5.962785346309549,45.81273546653543],[5.980956213671225,45.795577042949866],[5.973931864683397,45.77494633416943],[6.010784848574594,45.75008827465721],[6.042951856542115,45.73909560438109],[6.0527168183887685,45.748591125666145],[6.082884373383685,45.73997499672517],[6.127911958348486,45.75170259298121],[6.142900945398585,45.76151435802781],[6.178383991605425,45.74715464474954],[6.19554810502904,45.73233087617837],[6.189464060829947,45.70250157434257],[6.231653819459301,45.7027499445204],[6.239679907775353,45.685404763162595],[6.279888236747214,45.68431276833579],[6.3048306731057115,45.69329913872337],[6.328722589989684,45.693028041590736],[6.383851558657904,45.77805529558221],[6.424911859192457,45.80352244063008],[6.444801213660523,45.84550566374783],[6.470572561574056,45.8846919017355],[6.493715031750103,45.88999988497013],[6.514771172368506,45.90441808486001],[6.558675044419775,45.8930927712201],[6.572913173369461,45.87755381109516],[6.56843309482083,45.86317365422438],[6.539525002903797,45.86285738025596],[6.552237633503553,45.82687986970037],[6.577214777368843,45.81657207430024],[6.601732972495579,45.795419923318136],[6.661011726554582,45.799100632035966],[6.688825113135432,45.77134869370408],[6.686145373112389,45.755327050482464],[6.6987046073815275,45.743259542342656],[6.691927026555463,45.72680454299077],[6.711951361097394,45.72291924893507],[6.74001337439419,45.74561033697647],[6.755509936266976,45.76635254534395],[6.802516663522652,45.77837197402193]]]}},{"type":"Feature","properties":{"code":"74","nom":"Haute-Savoie"},"geometry":{"type":"Polygon","coordinates":[[[6.802516663522652,45.77837197402193],[6.755509936266976,45.76635254534395],[6.74001337439419,45.74561033697647],[6.711951361097394,45.72291924893507],[6.691927026555463,45.72680454299077],[6.6987046073815275,45.743259542342656],[6.686145373112389,45.755327050482464],[6.688825113135432,45.77134869370408],[6.661011726554582,45.799100632035966],[6.601732972495579,45.795419923318136],[6.577214777368843,45.81657207430024],[6.552237633503553,45.82687986970037],[6.539525002903797,45.86285738025596],[6.56843309482083,45.86317365422438],[6.572913173369461,45.87755381109516],[6.558675044419775,45.8930927712201],[6.514771172368506,45.90441808486001],[6.493715031750103,45.88999988497013],[6.470572561574056,45.8846919017355],[6.444801213660523,45.84550566374783],[6.424911859192457,45.80352244063008],[6.383851558657904,45.77805529558221],[6.328722589989684,45.693028041590736],[6.3048306731057115,45.69329913872337],[6.279888236747214,45.68431276833579],[6.239679907775353,45.685404763162595],[6.231653819459301,45.7027499445204],[6.189464060829947,45.70250157434257],[6.19554810502904,45.73233087617837],[6.178383991605425,45.74715464474954],[6.142900945398585,45.76151435802781],[6.127911958348486,45.75170259298121],[6.082884373383685,45.73997499672517],[6.0527168183887685,45.748591125666145],[6.042951856542115,45.73909560438109],[6.010784848574594,45.75008827465721],[5.973931864683397,45.77494633416943],[5.980956213671225,45.795577042949866],[5.962785346309549,45.81273546653543],[5.913222470309635,45.80414050655359],[5.873592999113487,45.842776979480114],[5.878940328529421,45.8597615070083],[5.869091534260767,45.886864468450106],[5.862101395990038,45.932402294861824],[5.831226413621035,45.93845957829322],[5.834025839734275,45.972026538215985],[5.809643351753076,45.98979960381866],[5.812398928975968,46.02398062317354],[5.806996561909532,46.043829800018194],[5.8114184967701625,46.07842009259869],[5.832300912634432,46.10599585856304],[5.855667958392184,46.08676688670444],[5.883180329915085,46.08491752032048],[5.8924200086063525,46.118482302607056],[5.922266804802187,46.13147760862653],[5.956063159932633,46.13208943594269],[5.985318105052286,46.14330892189844],[6.045529778815728,46.139907519306156],[6.052041801049772,46.151402672290395],[6.092465663697645,46.15175991441013],[6.126624627901115,46.14046081078615],[6.175072377878081,46.15814989960168],[6.185975362523726,46.178176058241256],[6.235977428314406,46.20654881404464],[6.277369983407964,46.21561016581553],[6.310110099309942,46.24370059763195],[6.307272725570715,46.255436556730494],[6.267633620497312,46.247839839653885],[6.237797813525851,46.2773342585167],[6.246790968617458,46.30206938671207],[6.277022020836744,46.34891543898281],[6.303735764913311,46.36625941824085],[6.3446765942166445,46.370013560347886],[6.356956142429217,46.35266345709143],[6.3900361566872315,46.34016563406088],[6.411592280204707,46.35839568319258],[6.468499886776638,46.37242442527263],[6.482856165126304,46.39192443764463],[6.513071711513262,46.40478840307281],[6.545175304790926,46.394727359364545],[6.588092394777118,46.402317999643515],[6.635060415534961,46.405770576746406],[6.722868985320351,46.40755389780494],[6.789802754759155,46.39291791721357],[6.806217638297463,46.38037206259825],[6.770617080369467,46.35489783286797],[6.784482072903341,46.33270290819052],[6.820345178565179,46.31437668901683],[6.829983705845801,46.300043050711345],[6.864509851829647,46.282990769883504],[6.853894399067287,46.253761843433864],[6.839925738114553,46.248239017516546],[6.80366083421475,46.20434524954354],[6.81194009872822,46.18337761562343],[6.792040848027208,46.16290288539592],[6.796535034034799,46.13861879772074],[6.814732162900611,46.129696461365214],[6.898381393099358,46.122562070394075],[6.883845122673671,46.09579681990079],[6.8914542235903005,46.08449157208838],[6.872633110865425,46.05204817296112],[6.888329552883717,46.043116914092494],[6.924513948824021,46.065193804450395],[6.951511564566567,46.04995609942393],[6.9846850080843375,46.00654353554806],[7.005830810542592,46.00054972582734],[7.022720712338816,45.98029457159881],[7.017978490745711,45.96034701964026],[7.03720423287911,45.95472134951176],[7.043890107046439,45.92361818207322],[7.020983385199974,45.916194082670756],[7.0031519124087716,45.89782921384603],[7.00536167353659,45.88435235390808],[6.991719912014907,45.86819987209143],[6.951037365261489,45.85954131063136],[6.939604939153821,45.8467321064224],[6.895100845805131,45.84259632779018],[6.8736072885923845,45.84549967424515],[6.818885778420616,45.83620281158613],[6.803991136344079,45.815853187486255],[6.812719976307191,45.808021694582315],[6.802516663522652,45.77837197402193]]]}},{"type":"Feature","properties":{"code":"75","nom":"Paris"},"geometry":{"type":"Polygon","coordinates":[[[2.416339717281352,48.84923827340741],[2.4622646327720443,48.84253748930953],[2.4626974524261254,48.81905707868419],[2.4384502049151475,48.818235158647155],[2.4006819201840903,48.82909612370583],[2.363949262797974,48.81631512383787],[2.3318953139887446,48.81701271305569],[2.2790573794463054,48.83248998498127],[2.2242245702250814,48.85351605360998],[2.2317363464837308,48.869069480870024],[2.258472586492028,48.88038999464371],[2.277487004862913,48.87797011937597],[2.319884458526643,48.90045886733916],[2.385151006972503,48.902007792208785],[2.4139437894422056,48.87082877761242],[2.416339717281352,48.84923827340741]]]}},{"type":"Feature","properties":{"code":"76","nom":"Seine-Maritime"},"geometry":{"type":"Polygon","coordinates":[[[1.3815511365583815,50.065766690242754],[1.4092601958562414,50.057074130391825],[1.4235954957723689,50.070850716019166],[1.459145908803628,50.062499063196654],[1.4521908437935025,50.04023194047863],[1.4933078848725079,50.01773775805818],[1.5165885660526253,50.011616580757526],[1.5269495769722599,49.99657729204429],[1.5738945679765357,49.973919004055446],[1.5940134659800094,49.94905060798451],[1.6784506742272387,49.91813416149145],[1.6932905136148655,49.895599170378354],[1.7102228122571477,49.889310195824926],[1.7373868163547241,49.808208553760934],[1.7579353611352482,49.78079816556512],[1.7838370588623413,49.75830750106765],[1.7416263242274626,49.751633772466256],[1.7454557068129848,49.73856265789178],[1.7196883349196141,49.730467625863746],[1.7154681056064667,49.70860435289633],[1.6895758821118119,49.694785646260954],[1.7045143422610263,49.68092631423977],[1.7339504969080488,49.69920938045457],[1.7521846819353237,49.680957188725905],[1.7252046142437358,49.67263435960493],[1.7088335612864556,49.64638148474686],[1.7216075786347382,49.62199032398025],[1.7057508157515966,49.60621127470416],[1.7147813730167585,49.576405140938526],[1.7298338150528105,49.56129313430964],[1.7271846205611596,49.54162647589022],[1.7478873461630975,49.537734307389876],[1.7192326604453187,49.50822302010686],[1.7508109914810421,49.4953034048916],[1.7718644061411502,49.51284827349518],[1.7902240900460897,49.50346919449449],[1.7741127542848931,49.48629204874629],[1.775862453037976,49.47132557760213],[1.7474339115753832,49.45944834208184],[1.7229968419974309,49.43391580233039],[1.7139375433100608,49.409224988863485],[1.6593030583878112,49.39898608539559],[1.6210669431541742,49.414378158641135],[1.6069566095899943,49.410854416858434],[1.576136831058076,49.43973886640559],[1.5283196177789204,49.44198980558868],[1.503549409663381,49.43807237615207],[1.4771860122081044,49.45132697219684],[1.378499108777362,49.45742638657252],[1.345233363898118,49.44805852414145],[1.3353971000652705,49.43371952908696],[1.3096318834456244,49.42873257275235],[1.3080682780467234,49.39535659061039],[1.2931900574437356,49.394994727671126],[1.2860248038650488,49.36318319072627],[1.2721366387570638,49.346289233389804],[1.1990286032008088,49.35080528187691],[1.1602558424773857,49.3419941567295],[1.1359587366778499,49.32511330683783],[1.133993537971445,49.30984205819146],[1.092924014464112,49.30997367751731],[1.0482359283696867,49.2966707056018],[1.0644211959188252,49.28193243229649],[1.0540696575756032,49.26810664758745],[1.0133166256832071,49.252262976528414],[0.959487909604523,49.28612972876709],[0.9366215857125476,49.321701430518324],[0.8924955592567678,49.303062511451586],[0.8915316720257209,49.31656133415404],[0.8622783261742117,49.32742242737676],[0.8662303093667536,49.34231160512299],[0.8875928951071438,49.34591517415329],[0.9214023473164947,49.33855254623689],[0.9181193706199334,49.385460584535736],[0.8853214512018548,49.38352473329317],[0.860851622884771,49.39535013278994],[0.8265612311602684,49.395044519606806],[0.8035289901620026,49.41664937662084],[0.7736557882409092,49.41808160502643],[0.6652914150341133,49.40200234791148],[0.6597835439594861,49.41617560182564],[0.6341203993784739,49.43446117824468],[0.606260846591224,49.428697933243775],[0.5790634674462867,49.43507202120442],[0.5249403531988139,49.47786858986832],[0.49007688558798895,49.48360764057147],[0.4315314440644818,49.45895529203515],[0.36879599400345847,49.44396615809678],[0.33898282435946164,49.440931306061266],[0.3393207094305681,49.449868831628415],[0.27314284372297987,49.453414579238974],[0.25680101789478893,49.44632740649414],[0.21769675248147502,49.45296251103499],[0.19246414594061223,49.45146267347711],[0.12124538314126981,49.46319090812617],[0.09027197399997772,49.48238083770633],[0.0869152117239871,49.50142956453898],[0.06955005489894274,49.50639804169097],[0.07493125272583377,49.53633203458849],[0.1067376725391497,49.58349804620551],[0.1358703018889327,49.61860240605246],[0.1545347165457159,49.648642302677665],[0.16422682078283132,49.6864622352224],[0.1916018630620729,49.70633817691035],[0.25070045477776937,49.72314244472515],[0.2832559477463974,49.736576618509304],[0.3204248903804176,49.741454635143654],[0.35491793407269084,49.75501019348861],[0.3653124690043182,49.7657533954537],[0.43342979790476643,49.788116116429364],[0.5227583029442804,49.82453411281469],[0.5729399803584807,49.84972067059468],[0.642036660341264,49.86418779498403],[0.7061281802579872,49.87233770484798],[0.717770959544887,49.86976975035244],[0.7909714215080401,49.875752899331296],[0.8325742104597927,49.889609850179305],[0.8746626207569893,49.894680673456534],[0.9297893305630467,49.90673400517858],[0.9631874837108031,49.91985755151356],[1.0200465393294824,49.91610987649026],[1.106143977580899,49.936747669981074],[1.205890918797349,49.97349908694593],[1.2464603482064156,49.99528129594621],[1.3324241305696787,50.047123771141564],[1.3815511365583815,50.065766690242754]]]}},{"type":"Feature","properties":{"code":"77","nom":"Seine-et-Marne"},"geometry":{"type":"Polygon","coordinates":[[[2.571660318442073,48.69201409164602],[2.5688040564289847,48.707222628077005],[2.585211502726328,48.727239448802735],[2.5854093346308815,48.74171196622536],[2.607003437584154,48.77439762384403],[2.5922804883088015,48.8074366758147],[2.592517689219438,48.82587446702569],[2.568103791053846,48.86594445401019],[2.5870340052947016,48.893952959629644],[2.592341722831452,48.925023616614034],[2.58930360616549,48.953762745338985],[2.5717986314833206,48.96867398285449],[2.580314053373102,48.99158952144207],[2.55306064485419,49.0098171174389],[2.547651942231624,49.02344674891678],[2.587858904546535,49.04990157898905],[2.572031573014404,49.06149045194861],[2.5905242793946224,49.079654846732424],[2.633272965218076,49.10837621896302],[2.673154178752123,49.090859401094306],[2.7067286108537023,49.06571610231719],[2.753551034147009,49.06074104171223],[2.7870683167938073,49.075272380356054],[2.7918669791571764,49.090224385649144],[2.845152480122472,49.0846582975852],[2.8560893422319023,49.07003394285967],[2.8949540105299616,49.077060509386286],[2.9015078805206906,49.08537404257291],[2.974612129302612,49.07483790651457],[3.0085155429257675,49.09151015780461],[3.0483639955943445,49.086321770811566],[3.071884293834167,49.117554218816146],[3.1039032023368676,49.10783847337312],[3.1361260876735515,49.10736575572267],[3.16523032905892,49.09965085798759],[3.1535840813505853,49.08328424779814],[3.1818268776645002,49.060865198640144],[3.1682883590774806,49.01667270236993],[3.229176905886298,48.98841784600257],[3.2518351589230496,48.97236625695047],[3.2678460373508416,48.938331129104206],[3.3047494707754015,48.94876427894454],[3.3130758740800688,48.9212163651494],[3.3302994547269797,48.908706088642376],[3.3663472431751384,48.922836905893014],[3.3828132392962247,48.88874725594759],[3.380474508825688,48.874761432854626],[3.404630766733507,48.86387236235099],[3.452232416190477,48.856291455303484],[3.4607105852412756,48.83944139457446],[3.4851874436586847,48.851908494372864],[3.484964362562067,48.82500976544345],[3.4321733352035433,48.81226134369876],[3.442913938608982,48.78618495446326],[3.409426927872636,48.78384005486431],[3.395834526122342,48.75925128896011],[3.4302049079731773,48.756874901226034],[3.4443842525897947,48.73668491350176],[3.4697275479340295,48.73786507384338],[3.4643028353269045,48.707377209765006],[3.4693877334848082,48.68643581459289],[3.4406134906014127,48.6636539025972],[3.460426313142606,48.65300999879329],[3.5174997752390147,48.64336703334491],[3.5190711976645597,48.633474580141225],[3.5556137492385345,48.62028467657408],[3.5038535314822115,48.6048091344709],[3.4975003134409723,48.58995747369995],[3.4655161591022283,48.57048567886506],[3.479607557239746,48.54471109171053],[3.4591902801865113,48.53074024476159],[3.4234423807070566,48.533562692399734],[3.4053980660358945,48.528012199625785],[3.4348599344666386,48.49751072268098],[3.388359827890943,48.480408300039215],[3.4064783284931712,48.4524502326185],[3.3919598867876517,48.424322153455364],[3.422082006455869,48.413341906536964],[3.4147915595010967,48.390273038820325],[3.3833187883415756,48.39970860491622],[3.367217075047188,48.39431654152582],[3.3651592673815314,48.37228068710627],[3.305153213312036,48.37287323488759],[3.282397556791885,48.37751802756359],[3.254382220567969,48.36502185965591],[3.232843707551971,48.37032930740775],[3.2018573040530143,48.36401635870226],[3.1398687617633554,48.37259875797597],[3.0988849903520745,48.35782222270563],[3.0495188960927044,48.36012035556557],[3.036760677253472,48.34009779475704],[3.041677936242915,48.329416667963116],[3.015901008416285,48.3079017396547],[3.043627253848888,48.27202235761227],[3.0051556578134635,48.20767000034546],[2.97446503722382,48.20555285255294],[2.970958045601008,48.194187673485665],[2.9347486048838207,48.17882262621194],[2.936314411640624,48.1633917441478],[2.868032820232008,48.156433549044586],[2.8208799789852854,48.12966447731962],[2.7978126665223124,48.14068615599144],[2.7989445730680167,48.16827665010273],[2.7414685556447598,48.15977844911796],[2.7551983055667155,48.145653478490786],[2.720460981753342,48.136910896310766],[2.7065470696044738,48.12481924580505],[2.6634205012712795,48.12220248073456],[2.6397338993017683,48.1388605931352],[2.602684217604197,48.13148889808521],[2.570562642830993,48.14081569138084],[2.537506945660482,48.14033979679666],[2.521518685158647,48.127300215727736],[2.4903153051303115,48.12660259180864],[2.460116447222927,48.13685254342551],[2.4832376593500602,48.164518230078265],[2.5063270278885916,48.15643757520199],[2.5093663344872534,48.18250926382449],[2.523126693688509,48.19489310648136],[2.5068882455094257,48.22598658432872],[2.4690901704508605,48.255272821570486],[2.452518016092004,48.25003251288878],[2.4237635277023717,48.260297326582666],[2.4210918870276967,48.298668261849855],[2.402664267131608,48.320719459421184],[2.4255796854392964,48.33725297618987],[2.4298322285044196,48.362015783117755],[2.46921772462766,48.37645004114287],[2.5216135704659886,48.404932172570405],[2.527461927309532,48.4157156753841],[2.50765489240467,48.429543907057045],[2.501886311020425,48.48476669856557],[2.51535674995086,48.50615222035927],[2.49952467433224,48.52523904800114],[2.5198364478476627,48.5625203315344],[2.5182770284128475,48.5832577878723],[2.543776514406961,48.60384977114558],[2.5258433805130944,48.61310782203827],[2.53361600680745,48.65733138882678],[2.544818846722052,48.671181815072785],[2.585373689362236,48.67939805001862],[2.571660318442073,48.69201409164602]]]}},{"type":"Feature","properties":{"code":"78","nom":"Yvelines"},"geometry":{"type":"Polygon","coordinates":[[[2.200591009269503,48.908679329890454],[2.168378401515456,48.8950779335488],[2.1528691414227357,48.87333985214219],[2.1458733412695294,48.83602003450691],[2.1515778037276103,48.81702039834037],[2.1766744128227886,48.81380509870073],[2.1829398770998654,48.7972269838604],[2.2026350450801604,48.798403323102875],[2.2265593271545225,48.77610203162176],[2.2027216574242257,48.771358218371454],[2.1820096609166937,48.757573640869396],[2.150675004182983,48.753712115449396],[2.1349798974354277,48.737139276053675],[2.097999010182745,48.73436502883337],[2.1103326928214208,48.714381141190366],[2.0820789629661083,48.68544592956703],[2.0456590375105823,48.687570739614664],[2.0178852678544255,48.64224227868909],[2.0602445240702307,48.6175941143781],[2.034508920154608,48.603498748150024],[2.035741451799255,48.58886342431221],[2.0172296562124665,48.56946047379915],[2.01757406029729,48.55759738742344],[1.9787832030076382,48.553654167165384],[1.9378872442847588,48.562931040710545],[1.9340684230182927,48.54810690246857],[1.9674261909808515,48.53307136184394],[1.9460308303104135,48.515862147920664],[1.933377950693106,48.482146422725215],[1.9149145708790403,48.473854949789406],[1.9221489648373706,48.457600286064135],[1.9064022701801788,48.44014576962788],[1.8716851573650342,48.43978475842447],[1.84486306037181,48.4493607065379],[1.8321369890615689,48.467581442678565],[1.8032057888939028,48.472565678495286],[1.7768442507697113,48.50931096191216],[1.775751488475668,48.52770729661422],[1.7872450519775867,48.55374456486673],[1.7653297161980415,48.56937104099974],[1.7092527874670105,48.57802434626235],[1.7019890546581085,48.58499862181419],[1.714895681919355,48.61439494545783],[1.6662188615195896,48.613706715891],[1.651574528306872,48.63812870428749],[1.603118482168126,48.66241796207503],[1.6117708691618606,48.68947111646258],[1.579545829918285,48.70181187348942],[1.6263993499269267,48.748094297484094],[1.5875947031508344,48.773602302755286],[1.5756742260519878,48.7905067944881],[1.5912030850964909,48.814869639400584],[1.5772685877162862,48.84436076548629],[1.581598875031263,48.85499897015231],[1.5462315883376268,48.87242890235984],[1.5595052783343866,48.88205164409549],[1.5385208308731109,48.90668492167043],[1.5386150005667363,48.92179645733065],[1.5073440226070087,48.927598989147334],[1.5015238197988665,48.94105360615515],[1.4974212515808907,48.97955944476306],[1.477085024550759,48.978790316157344],[1.4770779834042216,49.01679764336922],[1.4577625828067995,49.026291046220386],[1.4474328265726297,49.04518805211747],[1.4607983669865394,49.0627440580796],[1.4848834480593345,49.05154791492779],[1.5380423840651944,49.072342033316],[1.5570756944651978,49.06962240086733],[1.6017185942276444,49.08450261108525],[1.6087960706299218,49.07789415353795],[1.6455144472390726,49.08139804743355],[1.6736891270071164,49.07815117318431],[1.6937298328462178,49.056950122989164],[1.7234571618642331,49.04497657550691],[1.7596265233069017,49.06332287848212],[1.7942998843096216,49.058190360814926],[1.7965466896679247,49.072232197890884],[1.8300339442296272,49.0754853922552],[1.8653368480003796,49.05724562325274],[1.8513341928477542,49.03336315145782],[1.869115159435854,49.01823530435844],[1.8912257485830386,49.03927754626276],[1.9124689805854491,49.041836823035794],[1.9378021652564328,49.02177632637227],[1.9918815520004978,49.0210106286694],[2.02340791218018,48.99794435218925],[2.084914920835882,49.014678714910325],[2.127119946587909,49.009678482150534],[2.1207126230627655,48.99330122057494],[2.154931342389435,48.985723515837904],[2.175542212320485,48.97240487622723],[2.17723226175586,48.953657461253236],[2.20585834678071,48.94974074221645],[2.200591009269503,48.908679329890454]]]}},{"type":"Feature","properties":{"code":"79","nom":"Deux-Sèvres"},"geometry":{"type":"Polygon","coordinates":[[[-0.8919599503022404,46.975817849607864],[-0.8559224678754487,46.979084161484536],[-0.7875770887198819,47.00513718237798],[-0.7619520119905745,46.992139886795954],[-0.743365629187983,47.00070367813692],[-0.7156396951065868,46.985502313803366],[-0.6758343487736584,47.00172199082605],[-0.6438716820428597,46.99351589442817],[-0.61568293448452,46.99293402227639],[-0.5654683969778376,47.01942614381194],[-0.5555783931772565,47.04353316953107],[-0.5595318719263807,47.06188673077478],[-0.4953402437613724,47.082385217708435],[-0.46269733093798004,47.08192636562548],[-0.4642554478540593,47.06757786350008],[-0.42854910796633194,47.07271663479802],[-0.4007795061579299,47.07077103460959],[-0.3834553981375389,47.08769862856716],[-0.3579271504355597,47.09365187822681],[-0.3414640153397548,47.08733467869207],[-0.2879290635736671,47.10144071067538],[-0.2415379484520476,47.10572466544675],[-0.20250740252740007,47.09583787535414],[-0.1848398275184138,47.10833699690516],[-0.1521214820209298,47.10085428544302],[-0.178486598699701,47.0697670558895],[-0.1476585466148043,47.069854366674875],[-0.12838002979815127,47.05442990559355],[-0.10212095637964737,47.064797190818005],[-0.08113082448484565,47.01267677238524],[-0.06675773993609899,46.99387700352016],[-0.038153345460296736,46.98939008519809],[-0.044186809693518486,46.95837119466449],[-0.022215929347250134,46.938478291692846],[-0.009032410299882686,46.90747700605923],[-0.027263869318720418,46.87992322868147],[0.02561539858266648,46.85287480114874],[0.01660746491547145,46.83496346394018],[-0.007773096486773423,46.84747452695961],[-0.04568987388716529,46.83210506753766],[-0.020316336069380297,46.812653925006536],[-0.02232550667364259,46.78961529950765],[-0.014979708609133745,46.75637013577674],[0.005731121087621784,46.75454225312974],[0.03826535834799053,46.73158052408886],[0.0007042720140891931,46.71623331657764],[-0.006947998344661607,46.68290982229758],[-0.040426190194721524,46.66371702380725],[-0.03338532562574275,46.65364917507512],[-0.0653244004897615,46.63246151135352],[-0.026547974206768066,46.62886079422371],[0.0031057671136598976,46.61079878720693],[0.022854639746489266,46.614530685176334],[0.020058959008376207,46.58512799711242],[-0.008022109474557896,46.567543137522954],[0.007895566679664658,46.547974321223606],[-0.007157529433821307,46.52327699327565],[-0.03135125528751674,46.52498101941566],[-0.04230359002464692,46.470028260342126],[-0.01707071907246923,46.47527516260208],[-0.010457661947033809,46.44881280383021],[-0.017092824348942416,46.4113223945137],[0.00026572855997630953,46.392018635848565],[0.02069664723879619,46.38800352143432],[0.03421997901294537,46.37349679947992],[0.013846004253531347,46.35706042377505],[0.029657077300027247,46.349192346191],[0.03250915440256327,46.32782028737164],[0.07821800902702593,46.304933538922825],[0.09780469789926086,46.33079981164575],[0.13759784994026253,46.349395182700974],[0.17523938179388834,46.33181773874165],[0.16956912209813432,46.31018694492532],[0.15218685361085643,46.30314888540674],[0.17232027940044886,46.27860128086839],[0.15955968591576844,46.26656979483444],[0.12883677213786587,46.26723154899869],[0.14344160353379778,46.230114587841406],[0.11343152573440447,46.21220922906378],[0.1076952133925229,46.1861301320678],[0.13793977146169878,46.18084966362293],[0.1551113740904502,46.157168244596924],[0.1870636693943682,46.14851197384494],[0.22035458351339557,46.15799975349338],[0.21492180826491483,46.13884556432992],[0.19108384573574536,46.112280833588024],[0.1973535052161626,46.09555004152969],[0.17785565005004553,46.08330780134647],[0.13568666816811367,46.104047924067046],[0.09965289984710943,46.092923144255636],[0.07297225926176307,46.09389590958497],[0.01927278461702518,46.05284782935696],[-0.031995293425440136,46.05592180291526],[-0.02144724431586948,46.02887152321493],[-0.04551950280367589,46.02062123975871],[-0.041431040823060886,45.993479981490964],[-0.10293687953014707,45.969659985237946],[-0.13686284675087984,45.97896246180592],[-0.13816141787435107,45.99651797265895],[-0.16338440604219345,46.010154472823466],[-0.1614029897771452,46.034632694780214],[-0.18913173505260444,46.026141171108804],[-0.19462930058574468,46.044380369324465],[-0.2129646707291253,46.04409636271024],[-0.2730277009301873,46.05731156087075],[-0.28173430941987637,46.07975377766763],[-0.331053750782718,46.08255183868407],[-0.36273280893098575,46.07554208376435],[-0.3719662136104232,46.09346535716146],[-0.4014506800441788,46.08424772978497],[-0.42250549768348417,46.093907520969715],[-0.49096917294552705,46.10827096658701],[-0.5331548006606286,46.139721552287604],[-0.5469968076890201,46.14422952781575],[-0.6199574101252711,46.137752754570535],[-0.6284055467115421,46.16098350805028],[-0.6553901462423457,46.16995289669758],[-0.6848825769982527,46.2004519742498],[-0.690715475013079,46.2192025056982],[-0.751461997484196,46.24507022173624],[-0.7358896726556473,46.26687597846039],[-0.7498018188117581,46.28684613695955],[-0.7504755422947275,46.30425879436195],[-0.7219129656364313,46.30237450310386],[-0.7201500047099074,46.31489050090406],[-0.6973310699310054,46.3250900125706],[-0.6722725322460164,46.3162191658117],[-0.6482532698392601,46.317144430298924],[-0.6366035278644262,46.337591841879316],[-0.604945148704239,46.34715238390407],[-0.6032466407115049,46.36146637541298],[-0.5618089129416993,46.35974018410839],[-0.5378004980121098,46.38646546545568],[-0.5660555377589854,46.39308485800112],[-0.6101772466297536,46.41373600220488],[-0.6208833834377796,46.390455794535654],[-0.6406445679433723,46.41622924515597],[-0.6368414296493504,46.43230561509176],[-0.6187762241263333,46.43885619623182],[-0.6159660718681671,46.46157045085021],[-0.6250321267782425,46.49748332134845],[-0.6451962418895167,46.50856915270028],[-0.6245399718190973,46.529723883887414],[-0.6021285989587045,46.533280547788735],[-0.6067041276726987,46.562332081853285],[-0.6245653646005823,46.57739763355232],[-0.6119040829758216,46.5883080542103],[-0.6270238350693782,46.60565028049541],[-0.6141139330666167,46.62039039102903],[-0.6341929952870002,46.63738600695415],[-0.6375207590786917,46.662275660644845],[-0.6807382103871169,46.686802029507525],[-0.6561893352875896,46.700774642460914],[-0.6688837671234614,46.717234169266845],[-0.7001491562174191,46.735799391945754],[-0.7273121698337293,46.76763245445797],[-0.7088363450612226,46.82106096053443],[-0.7328576209101574,46.8215002648331],[-0.7816473761536221,46.842828501140936],[-0.8152783793677632,46.87936123351067],[-0.8321833934652019,46.88454160082127],[-0.8170418725493785,46.903983682599055],[-0.8291443983745105,46.93336473376701],[-0.8519389677391533,46.94650472324497],[-0.8729898783606566,46.94434766819017],[-0.8919599503022404,46.975817849607864]]]}},{"type":"Feature","properties":{"code":"80","nom":"Somme"},"geometry":{"type":"Polygon","coordinates":[[[1.3815511365583815,50.065766690242754],[1.4538812244610173,50.11032909893485],[1.4827841768786612,50.17236969475436],[1.5124381763701704,50.2017063700377],[1.5484320471199113,50.215221918674395],[1.5961991412319396,50.185500707511935],[1.6274102918028155,50.19000238393702],[1.6733457406347452,50.17468159487083],[1.6837994282613178,50.18302974967859],[1.6626698233214425,50.21359776854474],[1.6225022082629057,50.21514839669941],[1.5936030011622346,50.24428749653274],[1.592228280418861,50.25645840166426],[1.5493076277829827,50.260405655281644],[1.537947734772934,50.282668474589045],[1.5509358115042569,50.350323301735024],[1.5713354866487355,50.35845399700039],[1.612971621673763,50.36029378076435],[1.6415439209955993,50.35215320244089],[1.6707155098465678,50.33101039989745],[1.739453874214164,50.35457494026503],[1.7787842601942672,50.361866180722075],[1.8051005697505793,50.35956479028979],[1.8313070764668689,50.345521376961486],[1.8725624158329885,50.332203345380606],[1.8759231954314028,50.32174642503478],[1.9180007470953697,50.31177877534881],[1.9381301712408916,50.33010048991117],[1.9587947410604334,50.31226469090631],[1.9364041762807813,50.30146908295568],[2.0032288628275974,50.27038408348767],[2.026446120500165,50.269546075893764],[2.0561495866960637,50.25515840313268],[2.0857138282832497,50.20100753303517],[2.122580060921799,50.21070523924823],[2.1602439796705144,50.195073090929476],[2.17414784189994,50.20889796150714],[2.2173374639794026,50.21748679591506],[2.2458060345105704,50.211701863441725],[2.269796498169412,50.22880955959933],[2.3012047633367585,50.212864087760096],[2.3404952021137726,50.2293253960828],[2.370204907638782,50.20977035832257],[2.3814020747034625,50.22558671136131],[2.4054762905102116,50.234029470791484],[2.4524037722545233,50.22617450808976],[2.4852044166964613,50.20779089755312],[2.4956903275727766,50.19456202411803],[2.4511824235732345,50.17870118824561],[2.4148458534849215,50.17310955154985],[2.3897770566865675,50.155484821444404],[2.3923866280005646,50.14534070022987],[2.375459692531332,50.109251478562726],[2.4145079258525888,50.10064240686793],[2.4296578345647766,50.0881849283962],[2.4501350913608073,50.12440021874914],[2.481495194281265,50.13816938510139],[2.514949343300702,50.140811614698116],[2.53247243497901,50.11502396682772],[2.557055359846941,50.14204829791205],[2.579246199237998,50.128556557952706],[2.5760198137336725,50.11341281005766],[2.620114035740686,50.1111233231505],[2.633413606035314,50.100835661500284],[2.6918325946042887,50.09172778717194],[2.729579928321446,50.125953038257606],[2.7633488151068777,50.10996516360832],[2.781835790362261,50.09110348945762],[2.742546612593098,50.04823137136034],[2.763122932751498,50.03863557102141],[2.7889640682343506,50.045311213953525],[2.807546851114983,50.062415585560984],[2.857843650412817,50.07739311900277],[2.87653264314694,50.04217932424792],[2.917155076234358,50.035710799347],[2.9444810700691098,50.05347379150127],[2.9787858100327975,50.04636219278302],[3.014439323479967,50.059152788811005],[3.074492199997738,50.04529954091121],[3.090253620620082,50.05374055513492],[3.117562382696325,50.027670727516394],[3.1729557922769542,50.011311964972776],[3.1613946355055402,49.996049271243585],[3.1768373814163575,49.98520439643777],[3.1515239055114135,49.94267027284344],[3.117968662907868,49.91427637798353],[3.1200543249509205,49.88428837261846],[3.0835290437648006,49.86638777885566],[3.085506495983628,49.84381936000555],[3.0558889248241528,49.83168131148238],[3.078694114076548,49.82241521578422],[3.0859749674446215,49.792016685972655],[3.0627453563551175,49.78264211542407],[3.0937519856623417,49.75705197896964],[3.1184031553047866,49.705968560150744],[3.0629504716788527,49.71256910166192],[3.026158602863713,49.680298029261905],[2.989594629116647,49.70802042057901],[2.9495143470656977,49.69065965176808],[2.915712813038834,49.70267238896688],[2.857260670232296,49.68366758301244],[2.843350258918428,49.65852651008911],[2.8007055089354633,49.661447402253124],[2.7897685778094523,49.638092566661996],[2.7980938007575653,49.61811251953584],[2.7709877504026585,49.61435313605804],[2.7395572131560577,49.626924487224116],[2.687556334287926,49.62475309433038],[2.671248956542555,49.59858674592385],[2.670723151725744,49.58141197178741],[2.649628562594336,49.5717641083625],[2.6299442784590084,49.58032399470266],[2.62379591221486,49.61023030743844],[2.5970251802580453,49.61168115170793],[2.571493337841171,49.59708062701416],[2.526732085722268,49.62940041323432],[2.506120221148308,49.63500671034503],[2.4781226406322063,49.620790233933015],[2.4456566302700073,49.65297898416902],[2.409702695719323,49.66099609376744],[2.3708606973518425,49.65635328949203],[2.337642942746636,49.66900004753446],[2.3157256235726433,49.689753026308125],[2.2850923978754705,49.689388245191964],[2.21756318128915,49.70246959323254],[2.156484137758264,49.70211563032466],[2.1214097069260887,49.68807409174484],[2.103494780498011,49.694736883916796],[2.05989780108139,49.6948752492932],[2.0267681801791118,49.711310876188165],[1.988919892649775,49.709402970462676],[1.9332098221662726,49.719629963489474],[1.8938643249004963,49.69898823076106],[1.838108169073818,49.708425628485685],[1.836736935686628,49.74011542093402],[1.8089798932395025,49.754332476868704],[1.7838370588623413,49.75830750106765],[1.7579353611352482,49.78079816556512],[1.7373868163547241,49.808208553760934],[1.7102228122571477,49.889310195824926],[1.6932905136148655,49.895599170378354],[1.6784506742272387,49.91813416149145],[1.5940134659800094,49.94905060798451],[1.5738945679765357,49.973919004055446],[1.5269495769722599,49.99657729204429],[1.5165885660526253,50.011616580757526],[1.4933078848725079,50.01773775805818],[1.4521908437935025,50.04023194047863],[1.459145908803628,50.062499063196654],[1.4235954957723689,50.070850716019166],[1.4092601958562414,50.057074130391825],[1.3815511365583815,50.065766690242754]]]}},{"type":"Feature","properties":{"code":"81","nom":"Tarn"},"geometry":{"type":"Polygon","coordinates":[[[1.990170712650344,44.149452563484346],[2.029696407495935,44.15703749613199],[2.0273876177134555,44.16774670708074],[2.0593768473509186,44.17228332636406],[2.103007805822088,44.19236177915484],[2.1495172687755666,44.20027523558509],[2.1565521534572882,44.179860441662186],[2.1752849884595378,44.18101099006862],[2.191149664017209,44.16226251594439],[2.206941568452062,44.17128000270773],[2.2376135766415715,44.15862580829351],[2.2006096765756986,44.144878675424955],[2.2396498479355507,44.13445411470232],[2.2848803617727818,44.145334610005946],[2.2906506734219882,44.1246789196839],[2.3236392435181563,44.12468040684526],[2.3577385466562726,44.10155549627926],[2.400758251634245,44.083536917635314],[2.4102102719432614,44.05584863724648],[2.4600622206958023,44.05135361527231],[2.4634612069785837,44.034971712792114],[2.4827654912259214,44.02626238773467],[2.502131799597772,43.985509672089385],[2.5247925967526887,43.978086506867584],[2.520624718664867,43.962390454422454],[2.4993471763625212,43.950586257731224],[2.5377898856336207,43.93373704382359],[2.556301019312927,43.918667347684455],[2.5504866871867202,43.89654064032313],[2.576682228818769,43.881724244386106],[2.5653040807171466,43.86779348986836],[2.564162540693876,43.84133108872312],[2.5971439125173483,43.81904107424546],[2.62921204804682,43.78033346795367],[2.681730402635996,43.74351491586531],[2.7120947274866287,43.74265456414404],[2.7376382481956725,43.729149343592226],[2.781560489408381,43.73708398417332],[2.787648251453773,43.75205159727044],[2.813673557986314,43.76171872931414],[2.876569254236284,43.740391576832444],[2.9211070453325663,43.736113678075654],[2.924979718909465,43.70722262668568],[2.9354629666803715,43.69466778518887],[2.9190783288815148,43.68754825993107],[2.9197089782492416,43.662246071066406],[2.9073523053079366,43.65422802689393],[2.8159272603949876,43.64006590950408],[2.7948588118902697,43.62443489640862],[2.754523557193863,43.61413878643581],[2.7202035511311102,43.645368462055636],[2.6446987288829193,43.65454190899258],[2.6286278265574405,43.610128390915975],[2.614324097727256,43.59922725257067],[2.630666452845948,43.581990495056836],[2.615607192520078,43.56663335506618],[2.6556293418118515,43.526612299085116],[2.6549053505045195,43.496865365205636],[2.665159813486489,43.46562405590211],[2.6404157795956293,43.456170094886865],[2.6083131770094083,43.433261066263796],[2.5657873980365586,43.42295974410401],[2.5192241258183463,43.42357280473514],[2.4968524565426087,43.43693032075721],[2.452244714182291,43.43185573872313],[2.4331017858919792,43.43517605493275],[2.3951180854863265,43.4183086163608],[2.3113690047501163,43.441551364653506],[2.282011032773141,43.44122586946259],[2.2648019643127553,43.45354440574296],[2.2441052741816327,43.44588047377504],[2.2220362066137076,43.42780221311405],[2.2296639061851096,43.409449060674696],[2.2150238714414177,43.38350522654672],[2.1877030879041897,43.393901845464775],[2.171612173004611,43.41555236920325],[2.1092766429079504,43.39455364359396],[2.0708019369201476,43.40639420952169],[2.05313408767619,43.430200497980316],[2.0291328387973606,43.43689796484212],[2.0138097404810105,43.44990469289765],[2.0181412825331915,43.47035021960434],[2.0482899751352006,43.48572590288188],[2.037543768971243,43.50685651452312],[2.015050754536418,43.5043691931112],[2.0102344593980876,43.48184918070482],[1.9899972756684245,43.47746968529684],[1.9560763206968899,43.494064073594906],[1.9169530392384777,43.501607534442506],[1.893376989480592,43.511429254268904],[1.8804140168444965,43.540315043888405],[1.850708886716764,43.54928175630703],[1.8494522810871268,43.56754406011732],[1.8334565523038187,43.57823452761835],[1.7794523688032238,43.586981588268245],[1.7639547679681267,43.603570939255114],[1.7450478782076964,43.603462190630566],[1.687771093611741,43.63070037401986],[1.7056013351461534,43.65256600106776],[1.7308693816067124,43.65775037692843],[1.71671390955716,43.68932470041024],[1.663572654706257,43.694057655631546],[1.6689046629721764,43.70425646859944],[1.7072267665260739,43.71239499211101],[1.7000226658018673,43.725322579061185],[1.6499189090514812,43.75186514404521],[1.655698865700349,43.76426648219855],[1.6424989428665737,43.77836778877496],[1.6447876270393125,43.80025749535743],[1.6264959472746285,43.80130658412972],[1.5902324934871344,43.81453310403227],[1.593170425533653,43.843138372370525],[1.5725847390862493,43.84880231415562],[1.5595369144011864,43.86612807085979],[1.5604448006284883,43.88193633936389],[1.5466741254835874,43.90227582964282],[1.5556171726831822,43.91831715512138],[1.5744028028209767,43.91999510793722],[1.5688025856988956,43.943198531782116],[1.5391789751184526,43.94610094085612],[1.566776744212795,43.96532381568133],[1.6127153523350066,43.95906662893657],[1.6208860145318815,43.97931453686908],[1.6503200088773333,44.00970081509553],[1.6713878275979381,44.01064280343677],[1.691390036568917,44.02434074044874],[1.7042082044268858,44.04435014147369],[1.6928507235679002,44.061263774222766],[1.663698631036224,44.067293948046974],[1.6692525822909714,44.0897935292734],[1.6531212588113546,44.09644666319218],[1.6589585652250582,44.11641211601676],[1.687249576121949,44.11145262454695],[1.7064309387658185,44.117360786594475],[1.7637387132353881,44.107940426275455],[1.7699612205027875,44.098072774451964],[1.8061153359121302,44.126377351181155],[1.825515829990398,44.10797185179575],[1.840515979784208,44.114288575980986],[1.8305641028040827,44.131618758275124],[1.8600956113709224,44.14291167180455],[1.91928917399122,44.14138672306297],[1.894363466379432,44.15555865721924],[1.9196921618272453,44.16294029634055],[1.9470531745397543,44.14670665841298],[1.969528164610802,44.14268050879639],[1.990170712650344,44.149452563484346]]]}},{"type":"Feature","properties":{"code":"82","nom":"Tarn-et-Garonne"},"geometry":{"type":"Polygon","coordinates":[[[1.0640838318649115,44.37851326503539],[1.1067222137699213,44.39234711511698],[1.133750630714704,44.39298864277138],[1.1274427936033644,44.37298221773624],[1.0935208798901315,44.365961836772776],[1.081222945573455,44.354384743572695],[1.1134152586304344,44.33885107169266],[1.1219514922437734,44.31674824624536],[1.159346881110355,44.3106276809867],[1.1957883877382156,44.281420540652135],[1.2379955233318247,44.27589295439949],[1.2680258772309094,44.28148431232658],[1.2978031763342432,44.29486040345977],[1.304059855892509,44.26295931081006],[1.284277976591082,44.25174919798396],[1.2842650178929034,44.23519209123777],[1.3179163572182218,44.23295776845425],[1.3437890556280911,44.22428502732317],[1.3567953753702289,44.204016861252555],[1.380368119687147,44.22485773308437],[1.4535628583819051,44.25411881791156],[1.4531769569737827,44.26735663623184],[1.4732207948805132,44.28421134803531],[1.4951499133483663,44.27109950643376],[1.5096978064892344,44.27344945044928],[1.5290793065479253,44.235377109638385],[1.5417577750229903,44.22781299250401],[1.5752251099432597,44.23873127310143],[1.5872537911119244,44.24900550804784],[1.5707268227394882,44.30150251962804],[1.616906636210223,44.297528790899236],[1.6156813561412897,44.27840070659787],[1.6422791348823196,44.270774261083055],[1.6516207663148532,44.286805806785146],[1.6995029158165784,44.313814281404504],[1.755361660673192,44.325821897882314],[1.7745395287661794,44.31236243680847],[1.7918320747165322,44.33342155767223],[1.826465277116675,44.32358769097796],[1.882082857535903,44.340065248844205],[1.8594609109987437,44.320378858719295],[1.880911316974408,44.30347685224885],[1.868779185952882,44.29203687124151],[1.901390505373501,44.27911646341682],[1.941087860705048,44.28241377562342],[1.9704438024330744,44.276436279434016],[1.9594126927401139,44.241188828077995],[1.9430651280544025,44.247586110602526],[1.9049135238032417,44.210214643984514],[1.903654339982968,44.19375585363767],[1.935140495123965,44.18136455834765],[1.976683004728593,44.17992355171282],[1.977057759324639,44.16258114075737],[1.990170712650344,44.149452563484346],[1.969528164610802,44.14268050879639],[1.9470531745397543,44.14670665841298],[1.9196921618272453,44.16294029634055],[1.894363466379432,44.15555865721924],[1.91928917399122,44.14138672306297],[1.8600956113709224,44.14291167180455],[1.8305641028040827,44.131618758275124],[1.840515979784208,44.114288575980986],[1.825515829990398,44.10797185179575],[1.8061153359121302,44.126377351181155],[1.7699612205027875,44.098072774451964],[1.7637387132353881,44.107940426275455],[1.7064309387658185,44.117360786594475],[1.687249576121949,44.11145262454695],[1.6589585652250582,44.11641211601676],[1.6531212588113546,44.09644666319218],[1.6692525822909714,44.0897935292734],[1.663698631036224,44.067293948046974],[1.6928507235679002,44.061263774222766],[1.7042082044268858,44.04435014147369],[1.691390036568917,44.02434074044874],[1.6713878275979381,44.01064280343677],[1.6503200088773333,44.00970081509553],[1.6208860145318815,43.97931453686908],[1.6127153523350066,43.95906662893657],[1.566776744212795,43.96532381568133],[1.5391789751184526,43.94610094085612],[1.5688025856988956,43.943198531782116],[1.5744028028209767,43.91999510793722],[1.5556171726831822,43.91831715512138],[1.53278908620992,43.92135227933209],[1.5233234997345355,43.90360072658564],[1.4907818788063523,43.888997239785134],[1.47466252365823,43.90211274166312],[1.4529636675835562,43.87502936555188],[1.418934148647794,43.87135534680213],[1.4086035229055638,43.88264557304525],[1.374917030255939,43.8843365489393],[1.349235626213503,43.871655526938696],[1.3626018809802545,43.85723006032639],[1.2965943993985685,43.847335316271405],[1.3137064308190725,43.8322272891667],[1.328030911759578,43.83816349035954],[1.3572704568738654,43.83369324204132],[1.3600316395881045,43.81720012311376],[1.311084838455899,43.800602295519234],[1.2676345847416235,43.79377274514794],[1.2666508924183946,43.78318101448264],[1.2192055591403763,43.7707867235541],[1.2161233635195094,43.791159600168356],[1.1798084884492999,43.7952937589264],[1.1577904338124643,43.81838124698653],[1.126079238294049,43.80959552989913],[1.1124096388582891,43.79707276987681],[1.0808172102613443,43.81306583616325],[1.0591319349426427,43.798594472191574],[1.0361954975370666,43.804232715802144],[0.9910444477374416,43.797045697236534],[0.9777987859720318,43.7864397525409],[0.9539831166064948,43.78737246570886],[0.9225087136116431,43.792160090217415],[0.9016078422827867,43.803642278388125],[0.9258616635111263,43.83162570191422],[0.895421911527158,43.840341795321024],[0.8994393128667493,43.86469845813272],[0.8834946132400759,43.87525629317644],[0.8898495576086674,43.90333223113469],[0.8635672395335378,43.923563445790464],[0.840062943234885,43.9163310081733],[0.8092979458979879,43.9323016655978],[0.7706960292642194,43.92228348891115],[0.7601497122296061,43.945349940213774],[0.7845407712528714,43.9558047755343],[0.796774360578817,43.97561613750477],[0.8277030720805598,43.99957154660625],[0.8136473846848539,44.024906180353696],[0.835544710660537,44.024621299340474],[0.8578678740058554,44.03490133585646],[0.8273513279716257,44.05525093595275],[0.7640478940656028,44.0296390768852],[0.759648653180342,44.049474350183324],[0.7418847912050018,44.06519923501575],[0.7384290025794918,44.07517631749729],[0.7540526324371263,44.10494098314301],[0.7962434549004299,44.11513490164438],[0.7950995188269604,44.145608667033],[0.8204870205722198,44.143244018566314],[0.8687736555079509,44.1263296946747],[0.8884779694239573,44.14877042878723],[0.8722443454179576,44.16786912488895],[0.8535753263369856,44.17496072438758],[0.8596865515735523,44.19273721850749],[0.9051836940209331,44.19731593132676],[0.9292392370345569,44.23025011826531],[0.9190898187097761,44.238270029336576],[0.9504654080705977,44.274984882924066],[0.9239584511688518,44.28869614788378],[0.916429926804432,44.30219542177865],[0.8951266314063179,44.29679206245922],[0.8696283736168164,44.309384546367944],[0.8961131685671826,44.34622833470228],[0.8873307771559802,44.36637485759437],[0.8982100442421902,44.381369123534306],[0.9199180731590045,44.384149730804495],[0.9500583334266814,44.35976314594097],[0.9806308033981536,44.35841947585265],[0.9960831328157144,44.36864294446829],[1.0498031510072285,44.36263857861528],[1.0640838318649115,44.37851326503539]]]}},{"type":"Feature","properties":{"code":"83","nom":"Var"},"geometry":{"type":"MultiPolygon","coordinates":[[[[6.4348048599912655,43.01553967859008],[6.455204193482509,43.02681414026909],[6.470219113787291,43.04517281781743],[6.489595213255647,43.04264656574441],[6.4698423857502005,43.01636834554753],[6.4348048599912655,43.01553967859008]]],[[[6.397097505711295,42.992801581371666],[6.382674546492372,43.0122950539356],[6.420662735426035,43.01371293579736],[6.397097505711295,42.992801581371666]]],[[[6.244070723660419,43.02003990146341],[6.250456907741955,42.999405471017184],[6.2086721858280045,42.98337897719049],[6.164093203064464,43.001486581994094],[6.178205964056932,43.008378995767266],[6.201680276206104,43.000832977469685],[6.244070723660419,43.02003990146341]]],[[[5.753650891000443,43.72462222505303],[5.757332977582704,43.72940911375532],[5.781343238677484,43.75565738832376],[5.8278752703448715,43.748065843473604],[5.849146371217722,43.72025525749223],[5.901533390582641,43.73289106389851],[5.903517180339531,43.751432620885154],[5.937716232260396,43.75023611335413],[5.937998300025333,43.73057120981495],[5.9564454360651595,43.719401124766904],[5.98543773624429,43.71396312876724],[5.987939406703312,43.69505659267458],[6.005007067617743,43.68778786403108],[6.021735021476141,43.66827944245308],[6.039033980651841,43.67892716093395],[6.036131813943926,43.69416334085516],[6.077305911948532,43.70817081210753],[6.1036091865345306,43.73722227951302],[6.140796857826169,43.73769553098114],[6.182886008281907,43.76217559136371],[6.188517764066482,43.776267312514086],[6.212407106246491,43.79839605677458],[6.254215459954332,43.800433718328094],[6.262893011516566,43.781882078680276],[6.3267516313932,43.74662594026461],[6.356960735074889,43.73636766488724],[6.3835404106739695,43.73442775895217],[6.413483066219063,43.760360418472196],[6.4144280526034985,43.79159445843418],[6.4388083985564,43.797745193516654],[6.482076253327453,43.791074426311035],[6.52476198332243,43.80636597788804],[6.558904687579015,43.7841955441722],[6.585317018818273,43.80050767551297],[6.619973007874097,43.80550530861199],[6.636395800176684,43.788950567095455],[6.657423432162916,43.74871807004049],[6.682708528326925,43.757936848433445],[6.70139956454595,43.754068906503676],[6.719415853332108,43.7381403462073],[6.753535969205428,43.73816698047835],[6.766592784345339,43.720212010988675],[6.774352202435761,43.69341283496426],[6.7608013983957,43.66648795918856],[6.782299387537954,43.65415726922716],[6.798740654261999,43.62818033606127],[6.812859360304176,43.6305052559662],[6.838776771755721,43.613611496756825],[6.8879265318112735,43.60741263064278],[6.908012993627823,43.599079187946934],[6.907175687871982,43.572966433750736],[6.879542001080731,43.53535761950226],[6.89638230847014,43.5271599958737],[6.884230099335205,43.502535727819215],[6.933726236453417,43.480068010885034],[6.922885490828145,43.45174387541975],[6.905141154857869,43.44535017666573],[6.891803829527237,43.428580913728375],[6.857004426913538,43.430474860535256],[6.858844544234777,43.414799720326116],[6.826767053167243,43.41737073152947],[6.782764730332782,43.409442320887486],[6.766270052682748,43.42375280812916],[6.733704630154437,43.40559793735444],[6.732003206721381,43.38946313855496],[6.714335229285594,43.36790695222178],[6.7099565741085065,43.344596635575606],[6.6800297271705,43.340297041676884],[6.665952517510404,43.3182163655059],[6.583869079366629,43.27730467434808],[6.58599194489557,43.264474487305584],[6.6206975135955615,43.26419875103567],[6.639850874222042,43.27423471176637],[6.662119995811744,43.26490893551231],[6.677311623765608,43.278791964313584],[6.697137390126857,43.26639912327035],[6.690285120903589,43.25444947454634],[6.663579906038083,43.23804248633585],[6.6697773834987,43.20593681234112],[6.6424608658713495,43.185044777871894],[6.620225523392656,43.16070781744534],[6.591926740934735,43.18547932186572],[6.556403062532188,43.188079368186806],[6.495595304956187,43.15114513174647],[6.459406427232955,43.155878063276724],[6.4051625531535405,43.14899847503375],[6.368717778683196,43.13697275788714],[6.359759637416901,43.119904470727896],[6.365822239355368,43.08894493070752],[6.332512727498749,43.0910972881653],[6.316672182510005,43.106169850809124],[6.274938809272962,43.12074293872334],[6.24125248602693,43.11390300424902],[6.20808289628789,43.11644424038581],[6.1802726418863445,43.10699799522913],[6.1604467571254595,43.08929067476381],[6.15001613157217,43.061260557512185],[6.157072005051721,43.0283622233928],[6.116717634954243,43.03924175451086],[6.131609970477635,43.04800821003079],[6.125902358634685,43.07753538311637],[6.076465121556624,43.08694321993878],[6.031440047836645,43.0774733246304],[6.0234687473310835,43.09480782262938],[6.006259832558937,43.103984285718425],[5.940943551094233,43.10775854379546],[5.9206305576319345,43.12390905489088],[5.899891552467621,43.11317366571534],[5.916526116114346,43.08566056570662],[5.871977255950896,43.06810192056182],[5.8574626666009255,43.0466186792423],[5.828809918694244,43.04936457422897],[5.804564531287972,43.078284936751075],[5.813898362790477,43.107129005014066],[5.773153880321081,43.117608445363594],[5.781006228280267,43.13093301699203],[5.725850946491633,43.13652712230804],[5.719019910025584,43.14727450998757],[5.694880043308294,43.14358778681909],[5.671875005699277,43.179268786904935],[5.683909137465821,43.23605829449104],[5.738053338597997,43.26234879905431],[5.760928945485899,43.26733799967126],[5.749842102092498,43.289268158207484],[5.726600840963344,43.317355354807546],[5.691040375926617,43.31296284082202],[5.6805714198425825,43.320567749059826],[5.686454243837883,43.34018809721801],[5.705025402908448,43.35591845372619],[5.694566647112354,43.364397692972155],[5.682787396731936,43.39915686931637],[5.724430347442292,43.408873853719896],[5.749995488821414,43.40151212758493],[5.786515741534922,43.41454030725915],[5.750365813842735,43.43483686058608],[5.729497620866793,43.4649455181253],[5.698802592390258,43.48217012690398],[5.716142493328895,43.50429675245373],[5.722822019697228,43.54816058741321],[5.695815693323289,43.5621406925523],[5.6692574361600405,43.56473259595678],[5.655965226280003,43.57740113848914],[5.691599302975247,43.58442798717338],[5.681084297973491,43.61251583703795],[5.7002276041895055,43.64171580606343],[5.744798262971254,43.65677840759107],[5.799061112603831,43.66051789095841],[5.803458345470844,43.67967259461735],[5.782188925366387,43.70688803457204],[5.753650891000443,43.72462222505303]]]]}},{"type":"Feature","properties":{"code":"84","nom":"Vaucluse"},"geometry":{"type":"MultiPolygon","coordinates":[[[[4.892909784975503,44.36481842003465],[4.906627552610216,44.37409911682911],[4.918515009368784,44.40778504385655],[4.963297700567191,44.42193444899826],[4.988609946346962,44.42320030980228],[5.013305911983339,44.405345557740354],[5.015759498726315,44.39276614596861],[5.048760348502809,44.381234267021824],[5.052014293962954,44.364659059368094],[5.0270075535733945,44.362835342005326],[5.023291388686099,44.34594820774989],[4.978583367650993,44.297463038388315],[4.922149021948395,44.30878294851454],[4.8894629809408325,44.30401919301177],[4.881629025271996,44.32487165610533],[4.89532799567956,44.33806148358807],[4.871546699824252,44.349624687939915],[4.892909784975503,44.36481842003465]]],[[[4.649223666100485,44.270359865010946],[4.653469115901898,44.302095538489496],[4.6506150134375535,44.329805791511276],[4.679025302617316,44.32048933622703],[4.720123840256769,44.326714895236336],[4.762251228111598,44.32538168266028],[4.804563291806201,44.303896893827336],[4.8031008029072115,44.27998919217419],[4.812665863343398,44.257719064767414],[4.814096088903183,44.23231467832123],[4.826652705578103,44.22832506640777],[4.879050668886603,44.26148357791232],[4.932910424012261,44.2621518073366],[4.981451791724815,44.2848325971684],[5.005535817021755,44.286754820483196],[5.060564583015947,44.30813976056077],[5.076512049103177,44.2840860159789],[5.1045087340965685,44.27953745155323],[5.172696360911815,44.309393695074476],[5.167205149288734,44.29205090874127],[5.1497271329806695,44.28208386834487],[5.161547590528067,44.24559067110522],[5.154903556803357,44.230944996200954],[5.174965607033191,44.22080662233339],[5.23814970804007,44.213233332998946],[5.2565087145716225,44.23005632855739],[5.292247629624085,44.214467072564894],[5.3368331508273,44.20353145731521],[5.354042708088259,44.21342924717531],[5.384523055943825,44.201046720663136],[5.383240887752097,44.15528473021913],[5.43571830913588,44.1516641531859],[5.45471645974309,44.119227904662864],[5.498787806458752,44.11571934778835],[5.5026367853279545,44.06343920865494],[5.544598165016952,44.06989191567907],[5.543633878090188,44.02596177811475],[5.518062394104204,43.99011201336662],[5.508647939314863,43.959839793825395],[5.51208954255573,43.94600228564646],[5.544991957929805,43.93905484015686],[5.558844627129812,43.942576073587574],[5.579927197959687,43.925980406162694],[5.6064371876892,43.91613043943877],[5.573186434978607,43.86492031403171],[5.549174903324726,43.8514199844283],[5.54452228126406,43.81819693654997],[5.574599751241474,43.83029407148107],[5.627700103254839,43.830927143331614],[5.654445137414141,43.82511098585937],[5.674483353980397,43.807360446333846],[5.684551176087874,43.78850163078797],[5.713394551246806,43.77950341891952],[5.7184242970991175,43.75512132052309],[5.7491639540055255,43.7405464918297],[5.757332977582704,43.72940911375532],[5.753650891000443,43.72462222505303],[5.73694977606664,43.71600369956981],[5.7173496269448085,43.6935266901868],[5.6740823773888085,43.69354548263312],[5.647750486437068,43.675796002747234],[5.6069435191164425,43.65868590516478],[5.571561902428718,43.66192326389572],[5.532691768278144,43.658982498850435],[5.439245661034277,43.68110432174805],[5.341018959038618,43.719703701701896],[5.31850282672,43.73502143195822],[5.255713544202415,43.74655792640453],[5.229990308924739,43.74767288112555],[5.187972296540632,43.73510332278256],[5.173314396868251,43.7388086180006],[5.0496564330787725,43.788726353015356],[5.029533445304739,43.82779291313872],[4.996088984833567,43.846062979958205],[4.966309299927298,43.87164726913833],[4.925857913600155,43.886492676966505],[4.902319279838385,43.88793164631778],[4.885234592866442,43.90014657326699],[4.853093547765335,43.91138205123056],[4.82173604983078,43.912827836405015],[4.739060856654237,43.92405947349057],[4.779022226905269,43.937890875835855],[4.815061095574236,43.96762596960125],[4.8159847814707275,43.98880175042401],[4.842106431474998,43.98647433852841],[4.8376753047986,44.01494231096372],[4.789122145192578,44.05219781937887],[4.787978024928094,44.06505409747017],[4.757852990967429,44.07724513689432],[4.730134251131141,44.0790279145671],[4.707458356688192,44.10367246401244],[4.722074664233516,44.18742154948267],[4.705782650078868,44.192789712499234],[4.706545407713171,44.21443008164891],[4.676647952353196,44.212568030429516],[4.674835744164297,44.23855142877028],[4.654069363595851,44.25434245648795],[4.649223666100485,44.270359865010946]]]]}},{"type":"Feature","properties":{"code":"85","nom":"Vendée"},"geometry":{"type":"MultiPolygon","coordinates":[[[[-2.304793360419174,46.70942393875938],[-2.3355867245025954,46.68810408131238],[-2.365411420853787,46.69514960298605],[-2.3928869274271354,46.71146786590562],[-2.398989314185467,46.72610823947123],[-2.371515973727442,46.732425575951765],[-2.3183814886611573,46.719019084873665],[-2.304793360419174,46.70942393875938]]],[[[-1.1485704887534398,47.029545162586565],[-1.1444802777855911,47.02539165807213],[-1.0741287584409651,47.008280037449445],[-1.0158832983469237,47.00413844081306],[-1.0003954614147021,47.02080439583092],[-0.9670342291507741,47.00506278044761],[-0.9334603151811864,47.008908043397554],[-0.9027847223499762,46.99384133071281],[-0.8919599503022404,46.975817849607864],[-0.8729898783606566,46.94434766819017],[-0.8519389677391533,46.94650472324497],[-0.8291443983745105,46.93336473376701],[-0.8170418725493785,46.903983682599055],[-0.8321833934652019,46.88454160082127],[-0.8152783793677632,46.87936123351067],[-0.7816473761536221,46.842828501140936],[-0.7328576209101574,46.8215002648331],[-0.7088363450612226,46.82106096053443],[-0.7273121698337293,46.76763245445797],[-0.7001491562174191,46.735799391945754],[-0.6688837671234614,46.717234169266845],[-0.6561893352875896,46.700774642460914],[-0.6807382103871169,46.686802029507525],[-0.6375207590786917,46.662275660644845],[-0.6341929952870002,46.63738600695415],[-0.6141139330666167,46.62039039102903],[-0.6270238350693782,46.60565028049541],[-0.6119040829758216,46.5883080542103],[-0.6245653646005823,46.57739763355232],[-0.6067041276726987,46.562332081853285],[-0.6021285989587045,46.533280547788735],[-0.6245399718190973,46.529723883887414],[-0.6451962418895167,46.50856915270028],[-0.6250321267782425,46.49748332134845],[-0.6159660718681671,46.46157045085021],[-0.6187762241263333,46.43885619623182],[-0.6368414296493504,46.43230561509176],[-0.6406445679433723,46.41622924515597],[-0.6208833834377796,46.390455794535654],[-0.6101772466297536,46.41373600220488],[-0.5660555377589854,46.39308485800112],[-0.5378004980121098,46.38646546545568],[-0.5618089129416993,46.35974018410839],[-0.6032466407115049,46.36146637541298],[-0.604945148704239,46.34715238390407],[-0.6366035278644262,46.337591841879316],[-0.6482532698392601,46.317144430298924],[-0.6722725322460164,46.3162191658117],[-0.6973310699310054,46.3250900125706],[-0.7201500047099074,46.31489050090406],[-0.7219129656364313,46.30237450310386],[-0.7504755422947275,46.30425879436195],[-0.8024766924625577,46.325152925140934],[-0.8090890487729437,46.33843674064563],[-0.839878203866059,46.340369117324364],[-0.8509360179567931,46.31718679438478],[-0.8876799965820683,46.32632425572865],[-0.9047974021645193,46.31381080962026],[-0.9348886609093259,46.31285600461673],[-0.9617714534617725,46.323112713720874],[-0.9441603850496662,46.33604884873509],[-0.9318397064952478,46.3658034260157],[-0.9645133582944424,46.3654018117805],[-0.9774473324091834,46.35111139719007],[-1.013807240115001,46.35562475996166],[-1.0525280096214227,46.34254164468142],[-1.0807261526640515,46.32142762319264],[-1.129404177492153,46.31027691915601],[-1.1671810169437413,46.31969405036838],[-1.2021666067108026,46.31599153007532],[-1.1955103805422935,46.30048349541652],[-1.2063765625294878,46.288846571626785],[-1.2073944924206363,46.266571614816904],[-1.281772839130423,46.309968266424384],[-1.3444380346892142,46.341953842181326],[-1.3667425638808843,46.34861328663727],[-1.4009792622186368,46.34050457904003],[-1.4284190944836321,46.34712502912173],[-1.4659415635018052,46.34235901019938],[-1.4877969769705215,46.38139204154906],[-1.5021454225847812,46.39734952406836],[-1.5340123722474628,46.40887626089284],[-1.5490765402226871,46.40548020561594],[-1.6113040094680402,46.41341659286108],[-1.7082937557327667,46.450884792059824],[-1.7558962800631415,46.474872816955255],[-1.777141798763278,46.49275846362317],[-1.8136695999589263,46.49534718792214],[-1.8213149950439371,46.523721393572785],[-1.8560176099926675,46.608577928185206],[-1.8906746733506474,46.634689983740806],[-1.9408440446802884,46.69106965939676],[-1.96540793995167,46.69200185704432],[-1.9826664543508177,46.72031292149719],[-2.0719487980113698,46.782813819976845],[-2.1410311606229655,46.81774558883561],[-2.1550297319780927,46.88965414468634],[-2.122239576466256,46.891263453405536],[-2.103448154684842,46.92098874969161],[-2.0582281140235676,46.950944454989695],[-2.0293326201395745,47.0086320208736],[-1.980414486742876,47.02890649407564],[-1.9688489284381314,47.02767329905578],[-1.9432276192598639,46.99471092059494],[-1.9166202315157645,46.991518959422415],[-1.9174428113267457,46.97508381963422],[-1.872614380314098,46.95312868208426],[-1.8318237164160205,46.953809822447525],[-1.8309821821134158,46.932033724154486],[-1.77556460551789,46.92540682943319],[-1.7513270577094098,46.929611815604666],[-1.7362508076850236,46.91143568904478],[-1.7371139932046213,46.89680599083098],[-1.7202546726947285,46.88456447923729],[-1.6870033984268769,46.89055113474326],[-1.6645131258008816,46.874779205029014],[-1.634820511862539,46.87837868837905],[-1.5485110748777025,46.86007983436468],[-1.5007668577856463,46.88389115282979],[-1.527927453698693,46.92377826735825],[-1.5309030377362816,46.94498074264914],[-1.5543623514658027,46.97816341773942],[-1.542665987015755,47.00327217070728],[-1.5552723334553664,47.01533738692226],[-1.515724271893768,47.027732420842334],[-1.4998449288829532,47.04068947453796],[-1.4759335714372155,47.029463554503664],[-1.469172627780506,47.00198697021648],[-1.4769594857010369,46.98097074445235],[-1.4572082927387657,46.95464665401728],[-1.4715165512848787,46.93291787054446],[-1.4582677297055284,46.92583846037384],[-1.4181594787532137,46.943057239909116],[-1.3729857700949506,46.95218446660972],[-1.3590587331965938,46.98113458794234],[-1.3775094300897999,46.990940454807415],[-1.363022131692666,47.005231806651935],[-1.3786124689367814,47.03085386698655],[-1.3627515861913184,47.04068820066417],[-1.3124114592110108,47.03350963450989],[-1.2946349782361042,47.03948346966515],[-1.2903251112226377,47.07019181205101],[-1.2683044893940385,47.08474885032919],[-1.248272600668004,47.068248451977425],[-1.230646678052403,47.0647662671337],[-1.200679265181828,47.04002068735864],[-1.1485704887534398,47.029545162586565]]],[[[-2.1980740779182004,46.95116764927802],[-2.223157246071586,46.965272827071246],[-2.264380088499401,46.96087838866196],[-2.3010983301708356,46.98904472545455],[-2.292512307340026,47.01255801910092],[-2.276523639405111,47.02888353822751],[-2.250689026745477,47.02730168494982],[-2.21884576130942,47.00847250653137],[-2.2262568575011112,46.976185679026486],[-2.157184376417708,46.950037734214405],[-2.1474391673875983,46.93419680146382],[-2.148498361118927,46.912972973348154],[-2.1679626813926482,46.90846416238237],[-2.175646599875998,46.92930475655864],[-2.1980740779182004,46.95116764927802]]]]}},{"type":"Feature","properties":{"code":"86","nom":"Vienne"},"geometry":{"type":"Polygon","coordinates":[[[-0.10212095637964737,47.064797190818005],[-0.09805549141019346,47.0913509263054],[-0.08590400471278307,47.1010103974686],[-0.04416541443323743,47.093242584398084],[-0.035959245982801084,47.12509157253751],[-0.01073662557135027,47.15750952036683],[0.01901485826766373,47.17575785031973],[0.03664297673522525,47.160354293664795],[0.05382761471070587,47.16373008265526],[0.07637120084195233,47.12393194888823],[0.13613090268194533,47.121580554147506],[0.1347219236888625,47.1078700305567],[0.15685150997252176,47.103344382080465],[0.18146114771856547,47.11438824881292],[0.20095302486598468,47.09125887635545],[0.1742206159576792,47.07127519606643],[0.20800102904621295,47.05323202361692],[0.2455423301785185,47.07128604001384],[0.2718544387898612,47.04638904119169],[0.29823142261819696,47.05391872520871],[0.3093302509672645,47.04413338267026],[0.2986715021217093,47.01959741824875],[0.3081773026194614,46.99988348323911],[0.30073625724988334,46.97382765864781],[0.31122704760535835,46.93783959199593],[0.3248406111614126,46.93065213256517],[0.3665152631758488,46.94955720761298],[0.4387096602536596,46.929582071059045],[0.44480383249233546,46.94114889283753],[0.5027297280171042,46.9579123909043],[0.5392917082788095,46.960220880583776],[0.5644222278144092,46.95552996701939],[0.6015594112278456,46.95910993478791],[0.6011756847806528,46.97309082433285],[0.5783449036180749,46.97981081817415],[0.5669489614197056,47.00227037444166],[0.6188741963763473,47.00746096968646],[0.6362054885332586,46.985451805972254],[0.692569282364634,46.97430706301784],[0.7062532556123257,46.937154623849935],[0.704324392050786,46.903293353155846],[0.7521109761823577,46.86086544125436],[0.8093213661875756,46.827858093390724],[0.8119017840639386,46.79450796471714],[0.8279817587178017,46.776816236170745],[0.8674688807081561,46.74821910504847],[0.9010383725080395,46.73609229312116],[0.9279553620387494,46.69539122809664],[0.9084421594440936,46.6826701222059],[0.9065157405117292,46.64774942034653],[0.8943018154002151,46.62573665182289],[0.9158653080538118,46.59663148752451],[0.9408377357519268,46.581410311122475],[0.987237034592862,46.56556286906366],[1.0147644249831798,46.56776399882199],[1.0206069888359919,46.53709643301311],[1.08759324171297,46.538172760099805],[1.1082908975477561,46.53150940181887],[1.1491434460646581,46.50220256803704],[1.1349676142912506,46.495261976149834],[1.152977857618218,46.47295586110232],[1.1516045347766355,46.449236175811976],[1.2109861172875847,46.42936675668184],[1.1772799568053671,46.38395162215293],[1.1575433154988817,46.38874160395639],[1.1309116151248964,46.36438532205801],[1.123709186916179,46.349062839671014],[1.0969021987058567,46.36211145047139],[1.0501574891827015,46.36278094700801],[1.0269954429337311,46.34303442800396],[1.0217534424141506,46.310696552617046],[0.9884486047314835,46.280360998092185],[0.968413453240399,46.28602244975969],[0.9326647831388527,46.2820281162358],[0.9004933562268206,46.28684421517437],[0.8853264387584442,46.266088374204195],[0.8614456196703202,46.26163361249219],[0.8454876223484477,46.24206422629179],[0.8480099863968311,46.228752872389514],[0.8101043739851272,46.22788528658486],[0.7957366162231452,46.211086485296406],[0.815811931396682,46.19671831003433],[0.8334530172887465,46.16655399123534],[0.8234337839605995,46.128581728488264],[0.8095104050353692,46.13820512038027],[0.7801581669353024,46.13213998977384],[0.7469045366399735,46.13857472178201],[0.710577167789481,46.13088444115974],[0.684060820103776,46.11934698105583],[0.6874528960648788,46.09725460634645],[0.6086469693380949,46.0896841812107],[0.6060084175300469,46.077142007163026],[0.5749744983104493,46.07899630556071],[0.5646140785657598,46.089594364695195],[0.5381620342712992,46.095338949157004],[0.49249803098282,46.1359535013665],[0.44325878141139535,46.10157393893125],[0.444533894881436,46.09115151319632],[0.47596150384778746,46.08270140200688],[0.46914195555876237,46.06154823906217],[0.4450902027032336,46.05080094878019],[0.4132869508404128,46.04908867462494],[0.39105268436192897,46.066346526515616],[0.2798061440667491,46.060966262312725],[0.2522183041176724,46.07997966029883],[0.21971869883786393,46.09431625215903],[0.1973535052161626,46.09555004152969],[0.19108384573574536,46.112280833588024],[0.21492180826491483,46.13884556432992],[0.22035458351339557,46.15799975349338],[0.1870636693943682,46.14851197384494],[0.1551113740904502,46.157168244596924],[0.13793977146169878,46.18084966362293],[0.1076952133925229,46.1861301320678],[0.11343152573440447,46.21220922906378],[0.14344160353379778,46.230114587841406],[0.12883677213786587,46.26723154899869],[0.15955968591576844,46.26656979483444],[0.17232027940044886,46.27860128086839],[0.15218685361085643,46.30314888540674],[0.16956912209813432,46.31018694492532],[0.17523938179388834,46.33181773874165],[0.13759784994026253,46.349395182700974],[0.09780469789926086,46.33079981164575],[0.07821800902702593,46.304933538922825],[0.03250915440256327,46.32782028737164],[0.029657077300027247,46.349192346191],[0.013846004253531347,46.35706042377505],[0.03421997901294537,46.37349679947992],[0.02069664723879619,46.38800352143432],[0.00026572855997630953,46.392018635848565],[-0.017092824348942416,46.4113223945137],[-0.010457661947033809,46.44881280383021],[-0.01707071907246923,46.47527516260208],[-0.04230359002464692,46.470028260342126],[-0.03135125528751674,46.52498101941566],[-0.007157529433821307,46.52327699327565],[0.007895566679664658,46.547974321223606],[-0.008022109474557896,46.567543137522954],[0.020058959008376207,46.58512799711242],[0.022854639746489266,46.614530685176334],[0.0031057671136598976,46.61079878720693],[-0.026547974206768066,46.62886079422371],[-0.0653244004897615,46.63246151135352],[-0.03338532562574275,46.65364917507512],[-0.040426190194721524,46.66371702380725],[-0.006947998344661607,46.68290982229758],[0.0007042720140891931,46.71623331657764],[0.03826535834799053,46.73158052408886],[0.005731121087621784,46.75454225312974],[-0.014979708609133745,46.75637013577674],[-0.02232550667364259,46.78961529950765],[-0.020316336069380297,46.812653925006536],[-0.04568987388716529,46.83210506753766],[-0.007773096486773423,46.84747452695961],[0.01660746491547145,46.83496346394018],[0.02561539858266648,46.85287480114874],[-0.027263869318720418,46.87992322868147],[-0.009032410299882686,46.90747700605923],[-0.022215929347250134,46.938478291692846],[-0.044186809693518486,46.95837119466449],[-0.038153345460296736,46.98939008519809],[-0.06675773993609899,46.99387700352016],[-0.08113082448484565,47.01267677238524],[-0.10212095637964737,47.064797190818005]]]}},{"type":"Feature","properties":{"code":"87","nom":"Haute-Vienne"},"geometry":{"type":"Polygon","coordinates":[[[0.8234337839605995,46.128581728488264],[0.8334530172887465,46.16655399123534],[0.815811931396682,46.19671831003433],[0.7957366162231452,46.211086485296406],[0.8101043739851272,46.22788528658486],[0.8480099863968311,46.228752872389514],[0.8454876223484477,46.24206422629179],[0.8614456196703202,46.26163361249219],[0.8853264387584442,46.266088374204195],[0.9004933562268206,46.28684421517437],[0.9326647831388527,46.2820281162358],[0.968413453240399,46.28602244975969],[0.9884486047314835,46.280360998092185],[1.0217534424141506,46.310696552617046],[1.0269954429337311,46.34303442800396],[1.0501574891827015,46.36278094700801],[1.0969021987058567,46.36211145047139],[1.123709186916179,46.349062839671014],[1.1309116151248964,46.36438532205801],[1.1575433154988817,46.38874160395639],[1.1772799568053671,46.38395162215293],[1.2047624195766258,46.387692968021526],[1.2191909673622259,46.36592410433378],[1.2604032451287535,46.37878248650986],[1.3030567860553472,46.37099465262579],[1.3223399070687456,46.38965357258241],[1.3560228953092233,46.40012317441316],[1.3835265726019255,46.374757364316125],[1.4090311642821585,46.3613359928752],[1.4151905101137505,46.34721849587296],[1.4437697350516507,46.30589420737529],[1.4265688116168553,46.298921049134],[1.4036544413446612,46.25990982797783],[1.4168521672178434,46.24087405708507],[1.394145356288105,46.238349230413554],[1.3749003074212893,46.2154511009523],[1.415268536568449,46.177157045823584],[1.4552353294299893,46.18103071472153],[1.467878491573528,46.151750416293105],[1.5052016882428472,46.127461799559406],[1.4919762107249506,46.11473183426131],[1.5048991958425688,46.08815343941205],[1.5429508225169888,46.0765888129599],[1.5317830893571065,46.05816171452662],[1.5491757848158925,46.03541014153877],[1.5363833974668037,46.02629327721946],[1.5385468041090549,45.99742846047048],[1.5648266887508957,45.99711597960844],[1.5764733332307777,45.98099739362502],[1.5661484901291225,45.96325060326457],[1.5325001755915217,45.95280423814569],[1.5299613213195493,45.93182220228596],[1.5472651107258997,45.91683379316217],[1.5782614117742197,45.91727264832772],[1.5791744495987925,45.93040642363652],[1.6150681481078124,45.93195022666644],[1.6397206723679907,45.89953853071148],[1.635996388309483,45.88844297865446],[1.6023488376186423,45.89096810343807],[1.6023984681707661,45.85746515857901],[1.6766374034760068,45.83511402023573],[1.69036360011077,45.84361369992126],[1.7148786249110421,45.8400586312482],[1.7558371847814345,45.855656306428116],[1.7891620911385413,45.83007210551306],[1.8284337256367398,45.80980874385992],[1.8464472547509174,45.809940191138686],[1.8808988285366512,45.797714818456456],[1.8941319437754782,45.7592554835555],[1.875140102478583,45.7327797889896],[1.880957399347195,45.71285387339609],[1.898730779182943,45.69827755120411],[1.904291004939969,45.67774470255675],[1.8799625935579851,45.678180842698936],[1.8751322671973147,45.664894260838736],[1.8264346802695488,45.66513576315906],[1.7858344815104692,45.68266308806586],[1.7763991218328075,45.65846116946758],[1.748060654562327,45.64570341986574],[1.7047914479153132,45.63738765111646],[1.660196676810575,45.60797409516256],[1.6581804847733144,45.595323545490324],[1.624885337381578,45.57793581971724],[1.5938310699115545,45.5771464332939],[1.584891438656278,45.556076867663364],[1.5571958047036878,45.54936632471629],[1.5220914137932038,45.56409475254406],[1.506276371554196,45.55097960357961],[1.4806927011525084,45.565857439236126],[1.4551417227717747,45.55328740957993],[1.450268846192153,45.530397969675526],[1.4120586564349766,45.52809003445668],[1.3896000810911788,45.4961572819304],[1.37157178520687,45.49211445485024],[1.3511118587508797,45.470001773336946],[1.3103931233740413,45.483041180557144],[1.27034342793137,45.4776755159118],[1.2645252348468465,45.45409594836666],[1.2531518386328937,45.44421907802482],[1.209501347214524,45.463084747625864],[1.1865884187192175,45.45529497029879],[1.1641763230169675,45.47552956976588],[1.1358342826377092,45.47086498923646],[1.1197844789851377,45.48778292627877],[1.1359472599446487,45.50640914164488],[1.1672867970396268,45.52482220464761],[1.137684533027224,45.53977362177215],[1.1103236008119233,45.54491026026193],[1.080359033146871,45.533998770505264],[1.0746444865790412,45.54577271138723],[1.0475013530672403,45.55793278314188],[1.0354291459916498,45.573323428579684],[1.0358490435954522,45.600209290253126],[1.0232467983202298,45.60995990299867],[0.9863932565151387,45.604487080117515],[0.9470174998837003,45.61359375507784],[0.8981892208012014,45.59978358036884],[0.8748028110501537,45.62135072197518],[0.8593270163801664,45.61255366991051],[0.8425878139261963,45.58227280988904],[0.8115003322647284,45.575870643461926],[0.8035615373389846,45.59623658602799],[0.7803710896124326,45.591186976030635],[0.751529712610917,45.618323854020026],[0.7630383629892018,45.62833642730259],[0.7758431349260253,45.6675695723418],[0.7636991223155143,45.66825689490875],[0.742191639150923,45.690583187900515],[0.7164967555921232,45.69492986065276],[0.7021017463764117,45.68712391220238],[0.6542322548355602,45.68870460553755],[0.6297424639524398,45.71456998977268],[0.6454223576561761,45.717511285932694],[0.6525242742739024,45.7404698575335],[0.6884232598945583,45.7604002541581],[0.714888400126834,45.76311968057406],[0.7079458275965803,45.79550918085823],[0.716439805978218,45.80561793866404],[0.7470964755206753,45.80309000421788],[0.7721413751783613,45.78762409365665],[0.7822321483214059,45.8210820958808],[0.7979907883874932,45.83267807863906],[0.8273731927551746,45.882747942075014],[0.8133141897835577,45.89867390107227],[0.8222125888611419,45.93208646787984],[0.8594760522394275,45.917997097288996],[0.8847207937372841,45.923723788266166],[0.9227140883044904,45.95301038798378],[0.9425919960124763,45.95743607843122],[0.9256254984735036,46.01045396377162],[0.8940345525336028,46.02314912814255],[0.8670363318108323,46.01842834189512],[0.851093282263786,46.03464824766331],[0.8179096763959527,46.047878116483695],[0.8269002995768702,46.06393247093984],[0.8188984576633332,46.07740847428548],[0.833691291703567,46.10635630894394],[0.8152372244416768,46.11576760044673],[0.8234337839605995,46.128581728488264]]]}},{"type":"Feature","properties":{"code":"88","nom":"Vosges"},"geometry":{"type":"Polygon","coordinates":[[[5.470061704426128,48.42092884036511],[5.510986594146936,48.41821515231162],[5.520280149216775,48.43239263092878],[5.564650216197492,48.441090759508775],[5.6151325162349,48.44043873717153],[5.67902361096049,48.47139115386205],[5.713228409793979,48.46034355947541],[5.7385787703210624,48.466071385805314],[5.765154701602298,48.49649260851312],[5.787024028409427,48.48291106954139],[5.8141526013422045,48.49819514538156],[5.856069666360071,48.506844385585524],[5.8881463197842825,48.49400616317709],[5.903569430927025,48.48024393097157],[5.886926216153374,48.45386839126565],[5.8989549292934935,48.44671533650002],[5.859177083813666,48.41623563816792],[5.879136424841787,48.403869307586056],[5.935989530326643,48.40287986588223],[5.954936403333502,48.387329103706854],[5.944654250679005,48.37581815056828],[5.960066474604184,48.35072931908477],[6.004066285882898,48.36147870334314],[6.025234465713196,48.356969332010294],[6.053418454701744,48.365636733016395],[6.066019115933426,48.359278767448906],[6.097642409054446,48.37159231795909],[6.116723785728533,48.35403844099854],[6.152354370824704,48.38097163461962],[6.147083853210351,48.404242546398436],[6.178419125638964,48.397598877997915],[6.23209682220264,48.400225955022414],[6.260443354875095,48.40640078999615],[6.270297573655838,48.42610067601965],[6.3012588451180624,48.43051921403982],[6.305674808715067,48.41318887901744],[6.3313164158672315,48.404817172837355],[6.422399441358526,48.40728279397748],[6.450365847505534,48.41505383549833],[6.500755073004984,48.41423379500427],[6.5337102147419674,48.4313569295525],[6.583870758203037,48.417225395440674],[6.568134528831446,48.438701194783874],[6.584971476704244,48.46050916362013],[6.62369925487009,48.473102199556955],[6.648289899981963,48.433884724429255],[6.6994983396482075,48.41308754075586],[6.760669183398023,48.411666746640414],[6.768836777292687,48.39954530354836],[6.815166528707746,48.398846200565345],[6.828255495843522,48.41660943907006],[6.866316381673087,48.43184823377053],[6.894133940205172,48.419480410764045],[6.9829860045628855,48.47905957978556],[7.050540315367024,48.49487862493578],[7.094019735640854,48.512952288683174],[7.123165369028565,48.513592265556596],[7.097693072924202,48.48762107861984],[7.11688383670396,48.484885014570324],[7.095873788299803,48.4270217723305],[7.108026244714085,48.376989845150604],[7.0785233740914295,48.35107311533077],[7.120494270164923,48.33334864685793],[7.184818696745765,48.33615437512855],[7.198281537029947,48.31046786102034],[7.172440378133587,48.29748024360684],[7.159489565642163,48.268753563588],[7.147824517541642,48.263892801246804],[7.117505784718491,48.207992451661525],[7.085332018879333,48.18087313160711],[7.058017510455936,48.13770265802238],[7.084162370831343,48.12921286268667],[7.047595780380201,48.08006166786818],[7.029803015827174,48.07190490436478],[7.001883743858899,48.0223990958155],[6.961410552710714,48.000261282588426],[6.943356419805964,47.99795794686154],[6.920755573390488,47.942921686407516],[6.927825935367718,47.90821058120768],[6.900213335139267,47.891191372710956],[6.920047718110646,47.85028746971086],[6.897600863366078,47.8375646687869],[6.846179818400714,47.822945196999186],[6.823538854548165,47.81305372458858],[6.792206691054161,47.830065844691816],[6.784821909572192,47.84962275516846],[6.737768277119198,47.8615661276394],[6.703673452230481,47.88141530820336],[6.643740194905068,47.90503177099352],[6.641076475620301,47.91580834582307],[6.6073149335019385,47.943147742357816],[6.563418085973325,47.931389307581],[6.5421528235861155,47.90261056529581],[6.476305388045899,47.89135525473161],[6.455958900669549,47.90676595953145],[6.43172063760481,47.94381556163065],[6.366159798724643,47.96194440724777],[6.324502244506514,47.94927719089294],[6.27733365541217,47.95380917897212],[6.237987058178878,47.93284210198345],[6.208333130052072,47.93959154159432],[6.193308012990422,47.953186926635745],[6.167984818891344,47.95235039236555],[6.1523863211856415,47.99509120117254],[6.156025724419171,48.00640454629518],[6.131397185816461,48.024084417358715],[6.0411805356860935,48.004423104387435],[6.023512782425089,47.97819459549159],[5.994585023938386,47.957843619961515],[5.9707779241858585,47.95720515925631],[5.9537128429228625,47.93703033418094],[5.937717530374109,47.95093996886656],[5.95951518224341,47.96583761413322],[5.9367444429976315,47.978872441043904],[5.918281347414071,47.9655809864854],[5.918042584312377,47.94735978283618],[5.900112413513003,47.94475092005572],[5.884726375202079,47.926047148569474],[5.850003923490582,47.96283504722941],[5.787280985479235,47.952596973102644],[5.778492027788896,47.97800978811231],[5.793591975095584,47.99070892021546],[5.77774789858366,48.031361923263205],[5.740575630698962,48.050043986724326],[5.65966986503565,48.08486263156757],[5.629010103166862,48.0844163929701],[5.656886341889701,48.120399648852754],[5.68431870758825,48.14504209497101],[5.6822435704493275,48.17570971343473],[5.696740894208173,48.18888423309182],[5.730982683815125,48.18969958329602],[5.719343419026872,48.21284553404126],[5.6877917029501965,48.23418465758911],[5.677420725123087,48.22898238922798],[5.640901189478503,48.242354204929356],[5.65380919650419,48.26852380977062],[5.611652001252659,48.29181533437579],[5.5879967536815585,48.278489865685614],[5.544667324256171,48.31484393016795],[5.52236342294961,48.34085020470289],[5.482149185087855,48.35620132426793],[5.441808221286742,48.33585087730688],[5.418230200002256,48.339827299478394],[5.419996789966145,48.36209610065057],[5.441572019947177,48.38023164680497],[5.408721169498744,48.38310019043649],[5.443801554148948,48.412796111132934],[5.470061704426128,48.42092884036511]]]}},{"type":"Feature","properties":{"code":"89","nom":"Yonne"},"geometry":{"type":"Polygon","coordinates":[[[2.936314411640624,48.1633917441478],[2.9347486048838207,48.17882262621194],[2.970958045601008,48.194187673485665],[2.97446503722382,48.20555285255294],[3.0051556578134635,48.20767000034546],[3.043627253848888,48.27202235761227],[3.015901008416285,48.3079017396547],[3.041677936242915,48.329416667963116],[3.036760677253472,48.34009779475704],[3.0495188960927044,48.36012035556557],[3.0988849903520745,48.35782222270563],[3.1398687617633554,48.37259875797597],[3.2018573040530143,48.36401635870226],[3.232843707551971,48.37032930740775],[3.254382220567969,48.36502185965591],[3.282397556791885,48.37751802756359],[3.305153213312036,48.37287323488759],[3.3651592673815314,48.37228068710627],[3.367217075047188,48.39431654152582],[3.3833187883415756,48.39970860491622],[3.4147915595010967,48.390273038820325],[3.427513158445058,48.359980231681526],[3.4525858660423605,48.374390245729586],[3.4986883356303173,48.368618101138466],[3.5325118583181596,48.340525877771384],[3.5634013639699584,48.32144364439587],[3.566569286931659,48.30742854994862],[3.5879668741436643,48.30081000040951],[3.587183966868095,48.280173420842885],[3.6168043332338455,48.27133989890988],[3.624328073587777,48.25452852774026],[3.600078611097097,48.23703622325982],[3.6216173506103138,48.22574039972581],[3.6111556712475656,48.21192894753078],[3.57518637671701,48.18874134782558],[3.594183989487009,48.17887516119051],[3.6195505299659145,48.190784479669105],[3.6414970437080063,48.18393657752057],[3.667869602845747,48.1392119036121],[3.7050170955645534,48.14431394210169],[3.740291245795231,48.16970783293559],[3.754823906575138,48.150241865949376],[3.739719908908732,48.13275411908254],[3.773282122246105,48.12969525627175],[3.8049683849961107,48.10254956014992],[3.806792668443169,48.083864090347966],[3.824612213123349,48.06128779150571],[3.8242989358275574,48.04289541931859],[3.8706198703197394,48.01563556441249],[3.839811254672786,48.00389003724434],[3.850029315571996,47.98379240721269],[3.8783088264909926,47.979417724331554],[3.900190065880429,47.99790876198765],[3.91469046126473,47.97569343810935],[3.9015952504180182,47.93863384246034],[3.9480945711713997,47.93089676516494],[3.985962466837663,47.93063908075462],[4.003855529645679,47.94203480301055],[4.01814220173801,47.928474566092724],[4.045237544702236,47.92596854676534],[4.061270050327684,47.945562416892294],[4.092978649387006,47.94297672164551],[4.1117857473984065,47.926995657517516],[4.166327039100888,47.95980433221276],[4.2078337319682335,47.94659557765659],[4.206741721722166,47.972203894649205],[4.228464403152438,47.96915282956105],[4.2221457478233475,47.94969678465566],[4.242723875606858,47.931956917411135],[4.265599591370342,47.924116159008285],[4.2934241069450065,47.92567623483797],[4.311152699462278,47.903922726683135],[4.277339137948259,47.89945297805272],[4.262193864556681,47.88395527973197],[4.2610008241447535,47.84385063866699],[4.300805981058354,47.84877161085865],[4.319285858378513,47.83743970579336],[4.320330919498607,47.81169317443553],[4.340296871154208,47.79956664297927],[4.327231405103721,47.78566401630385],[4.332471702607339,47.756511310391986],[4.289656740825392,47.73317231931354],[4.260502367415732,47.74220354600016],[4.2526277781965405,47.716066198902226],[4.267304312456938,47.70164928916197],[4.258324006422516,47.68389555308575],[4.225637843042874,47.67116302241697],[4.249113979601859,47.65949100902422],[4.212381292101606,47.62796570432303],[4.214168417613283,47.602912165808426],[4.197168115097694,47.59802850906373],[4.17512808182493,47.553259163212694],[4.156528733449272,47.55161760512027],[4.138136112599596,47.52153256449299],[4.112403898450227,47.5034970330936],[4.129760578477719,47.47483692093974],[4.119426533664949,47.443553393311014],[4.066060118363545,47.407251287195685],[4.088307134357006,47.39652090232598],[4.076218510845687,47.383480194423754],[4.106085850126875,47.339255985490894],[4.046432164286821,47.339943756300286],[4.028760221806572,47.31557728480351],[3.999278507688071,47.312773725416655],[3.973097819719344,47.332712674420605],[3.9653529425108722,47.3652327054121],[3.944243142987652,47.38021568332925],[3.9087922026053734,47.38205569491613],[3.8867653218201808,47.3645805378824],[3.8718702934595615,47.36693490948858],[3.8635369268343536,47.395841532600606],[3.8933965172489198,47.410290156628015],[3.878310953801514,47.42929226716236],[3.851506603080638,47.43558613394464],[3.8443762508505244,47.41082738551116],[3.8217875906686545,47.402796919032404],[3.818472205441228,47.380187941025326],[3.785647440559844,47.39054224193822],[3.774605414302544,47.40619956994621],[3.74055092250182,47.39650073819435],[3.7147823454353084,47.406834666623176],[3.6789914842274665,47.445533677873506],[3.580113356556516,47.46490071648911],[3.5806168100615214,47.49786323631363],[3.553140570878716,47.50232679103883],[3.5135049928892266,47.527668013741454],[3.50460694021663,47.557934222629186],[3.492366537968952,47.56012889108053],[3.488276701493949,47.493830911376975],[3.437164175942187,47.50799559642577],[3.3972880002653882,47.508867495938276],[3.3807002450190415,47.48729175533955],[3.3395269332726487,47.47816523272086],[3.2852515362929866,47.50393862662616],[3.2721566613710795,47.49154765493751],[3.2354902376938353,47.4891790840854],[3.2046491761957805,47.522966343570126],[3.165190757880271,47.51750199807388],[3.1350763394879597,47.5419077972082],[3.102009918822544,47.58795615956075],[3.080558427544962,47.5854885999859],[3.059199650745983,47.56884905584853],[3.0187759740569513,47.55731386824091],[2.9765380120036067,47.56942879709582],[2.9622747369522457,47.57678810211018],[2.9403094506517125,47.60348550057479],[2.936290512560618,47.63665230316903],[2.954234275262721,47.64577868896602],[2.9181549279743337,47.66979136771246],[2.911669508308486,47.69146053421784],[2.858973240721994,47.71131839341009],[2.848796639073614,47.72588667336868],[2.8566660682192713,47.76092647077394],[2.9145173600355263,47.76938033260984],[2.9496989968031038,47.76587258709822],[2.954736881556772,47.77555900512353],[2.988221260489061,47.78603448891204],[3.023798094359226,47.78655467899923],[3.0281191130010834,47.80064806639638],[3.0125379851547156,47.834374131761656],[3.0297012521374107,47.83508204151216],[3.029058320822418,47.857123076441624],[3.0053630487182557,47.86404745363208],[3.00722631015934,47.895294555605346],[3.0646112850926173,47.93051941081648],[3.0784722436737018,47.93141992007049],[3.1284501214452565,47.97097324034548],[3.1245523178040195,48.006029252910174],[3.1040899600034066,48.01354534990655],[3.0883177986514796,48.05393639481059],[3.0504714242752176,48.072334131124755],[3.0498962046090887,48.088837886069456],[3.0294654865478936,48.13320717199774],[2.990882804955562,48.15249378691091],[2.9712637126470374,48.15183377076339],[2.936314411640624,48.1633917441478]]]}},{"type":"Feature","properties":{"code":"90","nom":"Territoire de Belfort"},"geometry":{"type":"Polygon","coordinates":[[[6.823538854548165,47.81305372458858],[6.846179818400714,47.822945196999186],[6.848453009671943,47.80186631777955],[6.862439977221479,47.786366479297826],[6.924003092082664,47.77046856849051],[6.940432511420332,47.77156566113129],[6.971172049261423,47.75268332188395],[7.011758808530528,47.741727719619604],[7.0374240128839105,47.72163936009252],[7.026487154962489,47.70099973832609],[7.046314752908177,47.67150171047833],[7.018871382727326,47.65067487496959],[7.004983231421509,47.61938273174142],[7.025415883306456,47.59267760605909],[7.064719544691056,47.60105755104757],[7.086270201422721,47.592562199657216],[7.106219108143236,47.55138203283421],[7.135819374783416,47.53646303183533],[7.130345969302944,47.50302658239207],[7.111058458608464,47.49490275577542],[7.066595656975458,47.49348103198955],[7.024394386855231,47.50421334191186],[6.985924997204884,47.49152131286686],[6.998962818675516,47.45229903121829],[6.970004495274878,47.44688262940426],[6.940536510867674,47.43337372140521],[6.932315529660057,47.45581501043693],[6.917231799861733,47.46886980086098],[6.907596719688256,47.49436626816266],[6.930856287246399,47.49817970710937],[6.946162450184676,47.51131633258056],[6.909674152385642,47.525507149094636],[6.905669627634239,47.547361521011815],[6.883473648745609,47.55533115808764],[6.860809068981891,47.54751358468233],[6.816660001724921,47.54792247821983],[6.80700533167707,47.562801384972],[6.804959146951254,47.582108256125515],[6.780404771904786,47.62526070544475],[6.80103447418288,47.636044219886536],[6.776099673752326,47.668572918052455],[6.781911060840567,47.687677725049234],[6.772570902276831,47.71163343375122],[6.756625698295901,47.72444662113829],[6.757638483670512,47.747877966474704],[6.785629179422312,47.78207231453601],[6.811469860026116,47.796038470605524],[6.823538854548165,47.81305372458858]]]}},{"type":"Feature","properties":{"code":"91","nom":"Essonne"},"geometry":{"type":"Polygon","coordinates":[[[2.2265593271545225,48.77610203162176],[2.2329784335715455,48.76619570460062],[2.2649238096212745,48.76144968716666],[2.314443701257945,48.7304256109259],[2.3207180175230313,48.74875623508064],[2.3546837090965482,48.73856509020945],[2.3707067322771356,48.720175922532974],[2.4141357629081504,48.71799549181414],[2.454965343815732,48.72228146116879],[2.5035365695581286,48.735211482171685],[2.5157508385679277,48.72893861768784],[2.531076672373326,48.69978570765512],[2.5538667808447078,48.68832401270366],[2.571660318442073,48.69201409164602],[2.585373689362236,48.67939805001862],[2.544818846722052,48.671181815072785],[2.53361600680745,48.65733138882678],[2.5258433805130944,48.61310782203827],[2.543776514406961,48.60384977114558],[2.5182770284128475,48.5832577878723],[2.5198364478476627,48.5625203315344],[2.49952467433224,48.52523904800114],[2.51535674995086,48.50615222035927],[2.501886311020425,48.48476669856557],[2.50765489240467,48.429543907057045],[2.527461927309532,48.4157156753841],[2.5216135704659886,48.404932172570405],[2.46921772462766,48.37645004114287],[2.4298322285044196,48.362015783117755],[2.4255796854392964,48.33725297618987],[2.402664267131608,48.320719459421184],[2.3633118415981462,48.309600437933916],[2.3277014892177683,48.33305786731142],[2.312590884489921,48.330802741661444],[2.2954192430595457,48.308226039086286],[2.238046845675527,48.316373357629175],[2.223911064819703,48.3364180215832],[2.2022493722769347,48.344596745334684],[2.1806941723291215,48.31168043030938],[2.155707101498331,48.30449560310474],[2.081503651069427,48.29360440985604],[2.052708364877964,48.29547390947902],[2.0438104559378143,48.2864493366448],[1.9940847180593788,48.286585877943075],[1.9752916566344318,48.28719843612737],[1.9592272366957604,48.308689574530625],[1.9799848326906437,48.31848007972407],[1.9699915637784469,48.33969146951863],[1.9868210109251592,48.36214189229105],[1.9734600276085819,48.38883055198841],[1.9765777946992387,48.39938447447991],[1.9258935288275238,48.412738189076535],[1.940657409608177,48.42520626181189],[1.9221489648373706,48.457600286064135],[1.9149145708790403,48.473854949789406],[1.933377950693106,48.482146422725215],[1.9460308303104135,48.515862147920664],[1.9674261909808515,48.53307136184394],[1.9340684230182927,48.54810690246857],[1.9378872442847588,48.562931040710545],[1.9787832030076382,48.553654167165384],[2.01757406029729,48.55759738742344],[2.0172296562124665,48.56946047379915],[2.035741451799255,48.58886342431221],[2.034508920154608,48.603498748150024],[2.0602445240702307,48.6175941143781],[2.0178852678544255,48.64224227868909],[2.0456590375105823,48.687570739614664],[2.0820789629661083,48.68544592956703],[2.1103326928214208,48.714381141190366],[2.097999010182745,48.73436502883337],[2.1349798974354277,48.737139276053675],[2.150675004182983,48.753712115449396],[2.1820096609166937,48.757573640869396],[2.2027216574242257,48.771358218371454],[2.2265593271545225,48.77610203162176]]]}},{"type":"Feature","properties":{"code":"92","nom":"Hauts-de-Seine"},"geometry":{"type":"Polygon","coordinates":[[[2.2909735732251613,48.950966788077196],[2.3269700232985637,48.94536493100808],[2.3363515897545497,48.93235062393098],[2.3198186459199985,48.91593565477114],[2.319884458526643,48.90045886733916],[2.277487004862913,48.87797011937597],[2.258472586492028,48.88038999464371],[2.2317363464837308,48.869069480870024],[2.2242245702250814,48.85351605360998],[2.2790573794463054,48.83248998498127],[2.3318953139887446,48.81701271305569],[2.318696288355829,48.78799561087479],[2.3258120232145614,48.78191098020334],[2.3087015923862384,48.75541506900493],[2.3207180175230313,48.74875623508064],[2.314443701257945,48.7304256109259],[2.2649238096212745,48.76144968716666],[2.2329784335715455,48.76619570460062],[2.2265593271545225,48.77610203162176],[2.2026350450801604,48.798403323102875],[2.1829398770998654,48.7972269838604],[2.1766744128227886,48.81380509870073],[2.1515778037276103,48.81702039834037],[2.1458733412695294,48.83602003450691],[2.1528691414227357,48.87333985214219],[2.168378401515456,48.8950779335488],[2.200591009269503,48.908679329890454],[2.2687243837962194,48.94657952905197],[2.2909735732251613,48.950966788077196]]]}},{"type":"Feature","properties":{"code":"93","nom":"Seine-Saint-Denis"},"geometry":{"type":"Polygon","coordinates":[[[2.55306064485419,49.0098171174389],[2.580314053373102,48.99158952144207],[2.5717986314833206,48.96867398285449],[2.58930360616549,48.953762745338985],[2.592341722831452,48.925023616614034],[2.5870340052947016,48.893952959629644],[2.568103791053846,48.86594445401019],[2.592517689219438,48.82587446702569],[2.5922804883088015,48.8074366758147],[2.533679919545506,48.84510353911671],[2.4815340793391782,48.86140985004899],[2.416339717281352,48.84923827340741],[2.4139437894422056,48.87082877761242],[2.385151006972503,48.902007792208785],[2.319884458526643,48.90045886733916],[2.3198186459199985,48.91593565477114],[2.3363515897545497,48.93235062393098],[2.3269700232985637,48.94536493100808],[2.2909735732251613,48.950966788077196],[2.2989593311869005,48.96630137751687],[2.333312950123798,48.95538233563509],[2.344102277288972,48.96823838528235],[2.3845399290016545,48.970997610129494],[2.407383854100793,48.95612202818259],[2.4594899596115933,48.95504632683333],[2.4673283497589793,48.96433475385722],[2.5147706684191236,48.9822601449233],[2.5322426864128684,49.005223756710706],[2.55306064485419,49.0098171174389]]]}},{"type":"Feature","properties":{"code":"94","nom":"Val-de-Marne"},"geometry":{"type":"Polygon","coordinates":[[[2.3318953139887446,48.81701271305569],[2.363949262797974,48.81631512383787],[2.4006819201840903,48.82909612370583],[2.4384502049151475,48.818235158647155],[2.4626974524261254,48.81905707868419],[2.4622646327720443,48.84253748930953],[2.416339717281352,48.84923827340741],[2.4815340793391782,48.86140985004899],[2.533679919545506,48.84510353911671],[2.5922804883088015,48.8074366758147],[2.607003437584154,48.77439762384403],[2.5854093346308815,48.74171196622536],[2.585211502726328,48.727239448802735],[2.5688040564289847,48.707222628077005],[2.571660318442073,48.69201409164602],[2.5538667808447078,48.68832401270366],[2.531076672373326,48.69978570765512],[2.5157508385679277,48.72893861768784],[2.5035365695581286,48.735211482171685],[2.454965343815732,48.72228146116879],[2.4141357629081504,48.71799549181414],[2.3707067322771356,48.720175922532974],[2.3546837090965482,48.73856509020945],[2.3207180175230313,48.74875623508064],[2.3087015923862384,48.75541506900493],[2.3258120232145614,48.78191098020334],[2.318696288355829,48.78799561087479],[2.3318953139887446,48.81701271305569]]]}},{"type":"Feature","properties":{"code":"95","nom":"Val-d'Oise"},"geometry":{"type":"Polygon","coordinates":[[[2.5905242793946224,49.079654846732424],[2.572031573014404,49.06149045194861],[2.587858904546535,49.04990157898905],[2.547651942231624,49.02344674891678],[2.55306064485419,49.0098171174389],[2.5322426864128684,49.005223756710706],[2.5147706684191236,48.9822601449233],[2.4673283497589793,48.96433475385722],[2.4594899596115933,48.95504632683333],[2.407383854100793,48.95612202818259],[2.3845399290016545,48.970997610129494],[2.344102277288972,48.96823838528235],[2.333312950123798,48.95538233563509],[2.2989593311869005,48.96630137751687],[2.2909735732251613,48.950966788077196],[2.2687243837962194,48.94657952905197],[2.200591009269503,48.908679329890454],[2.20585834678071,48.94974074221645],[2.17723226175586,48.953657461253236],[2.175542212320485,48.97240487622723],[2.154931342389435,48.985723515837904],[2.1207126230627655,48.99330122057494],[2.127119946587909,49.009678482150534],[2.084914920835882,49.014678714910325],[2.02340791218018,48.99794435218925],[1.9918815520004978,49.0210106286694],[1.9378021652564328,49.02177632637227],[1.9124689805854491,49.041836823035794],[1.8912257485830386,49.03927754626276],[1.869115159435854,49.01823530435844],[1.8513341928477542,49.03336315145782],[1.8653368480003796,49.05724562325274],[1.8300339442296272,49.0754853922552],[1.7965466896679247,49.072232197890884],[1.7942998843096216,49.058190360814926],[1.7596265233069017,49.06332287848212],[1.7234571618642331,49.04497657550691],[1.6937298328462178,49.056950122989164],[1.6736891270071164,49.07815117318431],[1.6455144472390726,49.08139804743355],[1.6087960706299218,49.07789415353795],[1.6350518648476458,49.11430020855939],[1.655777439712795,49.13016217033744],[1.6643738026115165,49.15336752369717],[1.674090204376027,49.210248479159524],[1.7043642065965865,49.232201775163404],[1.7341091564710822,49.221278789282294],[1.7421373979981678,49.18015527802457],[1.755165127607803,49.17454501384096],[1.7954686863275515,49.18525912523885],[1.845548847714221,49.169897638882595],[1.877040859056052,49.17144524902654],[1.8852389528169067,49.16263786454188],[1.9314802344723212,49.17417045483985],[1.9607171449401366,49.173518197205695],[1.973760882151743,49.18378113635129],[2.0006083248213287,49.175708039448175],[2.0749104023995684,49.20868708172066],[2.0968812642737786,49.18975715797898],[2.1327389034606554,49.191378260554046],[2.1819500283812623,49.17367773782481],[2.218650036331584,49.180682600571025],[2.252488213818398,49.15288152246086],[2.2864129770481765,49.15992057659305],[2.3109290446865427,49.18640655833579],[2.3462570508145517,49.161815824563625],[2.3912888696248515,49.14934773205012],[2.4131026213629148,49.152351151856486],[2.471584849664169,49.13543134509872],[2.5032579551258722,49.11758406300134],[2.4899309091229616,49.10636117791936],[2.5581713639343153,49.09838623642425],[2.5905242793946224,49.079654846732424]]]}},{"type":"Feature","properties":{"code":"971","nom":"Guadeloupe"},"geometry":{"type":"MultiPolygon","coordinates":[[[[-61.549,16.2531],[-61.5466,16.2545],[-61.5466,16.2586],[-61.5473,16.2604],[-61.5476,16.2648],[-61.5466,16.2671],[-61.5483,16.2681],[-61.5475,16.2702],[-61.5488,16.2721],[-61.5479,16.2757],[-61.5487,16.2773],[-61.5479,16.2799],[-61.5506,16.2849],[-61.55,16.2892],[-61.5462,16.2929],[-61.5441,16.292],[-61.542,16.2879],[-61.5412,16.2896],[-61.5415,16.2936],[-61.5425,16.2961],[-61.544,16.2953],[-61.5471,16.2989],[-61.547,16.3012],[-61.5437,16.3009],[-61.5412,16.3025],[-61.5376,16.3078],[-61.5369,16.311],[-61.5346,16.3126],[-61.5351,16.3144],[-61.5336,16.3162],[-61.5359,16.3185],[-61.5342,16.3226],[-61.5344,16.3247],[-61.5335,16.3266],[-61.535,16.3287],[-61.5356,16.3314],[-61.5344,16.3337],[-61.5279,16.3383],[-61.5297,16.3393],[-61.5247,16.3421],[-61.5227,16.3454],[-61.5199,16.3432],[-61.5129,16.3431],[-61.5085,16.342],[-61.5069,16.3441],[-61.5073,16.3455],[-61.5061,16.3504],[-61.4987,16.3525],[-61.4956,16.3525],[-61.4941,16.3536],[-61.4909,16.3536],[-61.4995,16.3553],[-61.4975,16.3573],[-61.4959,16.3606],[-61.5014,16.3643],[-61.4967,16.3673],[-61.4958,16.3695],[-61.4971,16.3719],[-61.4964,16.3752],[-61.4952,16.3767],[-61.4995,16.3835],[-61.5035,16.3856],[-61.5067,16.3896],[-61.5075,16.3894],[-61.5087,16.3851],[-61.5115,16.3881],[-61.5154,16.3904],[-61.5201,16.3926],[-61.5238,16.3932],[-61.5265,16.3962],[-61.5273,16.3994],[-61.5288,16.4006],[-61.5285,16.4041],[-61.5296,16.4074],[-61.5297,16.4098],[-61.5334,16.4146],[-61.5337,16.4183],[-61.5346,16.4196],[-61.5332,16.4242],[-61.5362,16.4291],[-61.5373,16.4321],[-61.537,16.4359],[-61.5383,16.4379],[-61.5409,16.439],[-61.5376,16.4437],[-61.5356,16.4505],[-61.5356,16.4529],[-61.5353,16.4551],[-61.5287,16.4613],[-61.5259,16.4615],[-61.5234,16.4631],[-61.5219,16.4666],[-61.5171,16.4711],[-61.5122,16.4716],[-61.5073,16.4738],[-61.504,16.4841],[-61.5004,16.4842],[-61.4953,16.4867],[-61.4927,16.4895],[-61.4888,16.49],[-61.4862,16.4913],[-61.485,16.4943],[-61.482,16.4956],[-61.4797,16.4979],[-61.4802,16.4994],[-61.4784,16.5026],[-61.4779,16.5048],[-61.4752,16.5057],[-61.4749,16.5084],[-61.473,16.5105],[-61.4715,16.5102],[-61.4661,16.511],[-61.4651,16.5098],[-61.4665,16.5079],[-61.4637,16.5049],[-61.4636,16.5027],[-61.4617,16.4994],[-61.4598,16.5013],[-61.4574,16.4986],[-61.454,16.4997],[-61.4522,16.4974],[-61.4476,16.4997],[-61.4435,16.5002],[-61.4438,16.4976],[-61.4429,16.495],[-61.4429,16.4903],[-61.439,16.4906],[-61.4387,16.4892],[-61.4339,16.4868],[-61.4336,16.4841],[-61.4296,16.4822],[-61.4248,16.4762],[-61.421,16.4754],[-61.4187,16.4741],[-61.4181,16.4713],[-61.4155,16.472],[-61.4139,16.4693],[-61.4114,16.4695],[-61.4097,16.465],[-61.411,16.4605],[-61.4087,16.4602],[-61.4093,16.458],[-61.408,16.4565],[-61.4075,16.4531],[-61.4063,16.4513],[-61.4076,16.4475],[-61.4068,16.4462],[-61.4039,16.446],[-61.4031,16.4429],[-61.4019,16.4426],[-61.4002,16.4343],[-61.3988,16.431],[-61.3984,16.4282],[-61.3994,16.4266],[-61.3983,16.4243],[-61.3987,16.418],[-61.4025,16.4154],[-61.4005,16.412],[-61.4022,16.408],[-61.4056,16.4072],[-61.4048,16.4038],[-61.4048,16.4004],[-61.4039,16.3981],[-61.4057,16.3955],[-61.4053,16.3933],[-61.406,16.3873],[-61.4058,16.3847],[-61.4032,16.3819],[-61.4031,16.3785],[-61.4019,16.3749],[-61.3987,16.3701],[-61.3974,16.3675],[-61.3933,16.3636],[-61.3926,16.3601],[-61.3909,16.3593],[-61.3861,16.3516],[-61.382,16.3486],[-61.3812,16.3458],[-61.3756,16.3408],[-61.3699,16.3396],[-61.3679,16.3387],[-61.3686,16.336],[-61.3677,16.3348],[-61.3644,16.3349],[-61.3617,16.336],[-61.3576,16.3354],[-61.3531,16.3335],[-61.3516,16.3335],[-61.3482,16.3358],[-61.3455,16.3351],[-61.345,16.3328],[-61.343,16.3322],[-61.3407,16.3299],[-61.3403,16.333],[-61.3342,16.3337],[-61.3258,16.3325],[-61.3224,16.3307],[-61.3172,16.3298],[-61.313,16.3317],[-61.3099,16.3307],[-61.3089,16.3281],[-61.3073,16.3277],[-61.3056,16.3255],[-61.302,16.3254],[-61.2998,16.3278],[-61.297,16.3273],[-61.2979,16.3242],[-61.2941,16.3219],[-61.2895,16.3207],[-61.2876,16.322],[-61.2859,16.3216],[-61.2824,16.3191],[-61.2821,16.3166],[-61.279,16.3174],[-61.278,16.3165],[-61.2742,16.313],[-61.2727,16.3137],[-61.2711,16.3114],[-61.2693,16.3112],[-61.2661,16.3087],[-61.2674,16.3063],[-61.2663,16.3049],[-61.2628,16.3058],[-61.2603,16.3048],[-61.2563,16.2982],[-61.2563,16.2951],[-61.2528,16.291],[-61.2491,16.2851],[-61.2456,16.2766],[-61.2429,16.2748],[-61.2433,16.2738],[-61.2399,16.2719],[-61.2363,16.2687],[-61.2325,16.2668],[-61.2302,16.2666],[-61.2252,16.2652],[-61.2236,16.2641],[-61.2205,16.264],[-61.2181,16.2628],[-61.2168,16.2603],[-61.2145,16.259],[-61.2092,16.2579],[-61.2066,16.2554],[-61.2021,16.2542],[-61.1987,16.2555],[-61.1989,16.2581],[-61.1951,16.2544],[-61.1925,16.2535],[-61.1899,16.2549],[-61.1859,16.2535],[-61.1814,16.2495],[-61.1801,16.2477],[-61.1766,16.2471],[-61.1741,16.2458],[-61.1749,16.2427],[-61.1765,16.2416],[-61.1789,16.2448],[-61.1811,16.2451],[-61.185,16.2472],[-61.1921,16.2502],[-61.1975,16.2494],[-61.2053,16.2497],[-61.2111,16.2513],[-61.2133,16.251],[-61.2179,16.2527],[-61.2223,16.2536],[-61.2266,16.2531],[-61.2328,16.2533],[-61.2434,16.2553],[-61.2489,16.2552],[-61.2551,16.2564],[-61.2588,16.255],[-61.2627,16.2524],[-61.2669,16.2506],[-61.2737,16.2502],[-61.276,16.251],[-61.2809,16.25],[-61.2842,16.2486],[-61.2853,16.2464],[-61.2903,16.2445],[-61.2937,16.2445],[-61.2967,16.2437],[-61.3019,16.2433],[-61.3052,16.242],[-61.3084,16.2423],[-61.315,16.2414],[-61.3159,16.2406],[-61.3197,16.2405],[-61.3241,16.2442],[-61.3254,16.2434],[-61.3272,16.2418],[-61.331,16.2412],[-61.3333,16.2419],[-61.3385,16.2419],[-61.3401,16.2397],[-61.3432,16.2397],[-61.3439,16.2388],[-61.3495,16.2361],[-61.356,16.2349],[-61.3591,16.2353],[-61.3633,16.2343],[-61.37,16.2321],[-61.3713,16.231],[-61.3722,16.2282],[-61.3755,16.2266],[-61.3781,16.2244],[-61.3789,16.2229],[-61.3821,16.2221],[-61.3852,16.2236],[-61.3902,16.2238],[-61.3937,16.2213],[-61.3948,16.2171],[-61.3981,16.2195],[-61.4016,16.2181],[-61.4036,16.2181],[-61.4059,16.2168],[-61.4087,16.2123],[-61.4115,16.2123],[-61.416,16.2111],[-61.4179,16.2116],[-61.4194,16.2101],[-61.4245,16.2092],[-61.4272,16.2106],[-61.4299,16.2105],[-61.4325,16.2094],[-61.4382,16.209],[-61.4424,16.2074],[-61.4428,16.204],[-61.45,16.2006],[-61.455,16.2003],[-61.4563,16.2022],[-61.4603,16.2006],[-61.4613,16.1984],[-61.464,16.1966],[-61.4674,16.1988],[-61.47,16.1993],[-61.4768,16.2018],[-61.4813,16.202],[-61.4859,16.205],[-61.4931,16.2044],[-61.4973,16.2054],[-61.501,16.2053],[-61.5036,16.2062],[-61.5077,16.2062],[-61.5083,16.207],[-61.5074,16.2122],[-61.5097,16.2157],[-61.5118,16.2165],[-61.5152,16.2148],[-61.5187,16.2152],[-61.5222,16.2127],[-61.5288,16.2171],[-61.5305,16.2178],[-61.5279,16.2182],[-61.5242,16.2171],[-61.523,16.219],[-61.5272,16.2192],[-61.5273,16.2229],[-61.5301,16.2229],[-61.5329,16.2245],[-61.5321,16.229],[-61.5338,16.2292],[-61.5349,16.2324],[-61.5334,16.2331],[-61.5351,16.2359],[-61.5365,16.2342],[-61.5396,16.2371],[-61.539,16.2399],[-61.5417,16.2405],[-61.5419,16.2444],[-61.5477,16.2495],[-61.5497,16.2518],[-61.549,16.2531]]],[[[-61.6265,16.2728],[-61.6232,16.2761],[-61.618,16.2773],[-61.6149,16.2786],[-61.6116,16.2787],[-61.6123,16.2743],[-61.6152,16.2698],[-61.6135,16.2676],[-61.6075,16.2684],[-61.605,16.2719],[-61.6023,16.2731],[-61.6024,16.2747],[-61.5999,16.279],[-61.5975,16.2756],[-61.5979,16.2728],[-61.6009,16.2711],[-61.6006,16.2689],[-61.5979,16.2661],[-61.5952,16.266],[-61.5909,16.2668],[-61.5873,16.2693],[-61.5843,16.2702],[-61.5837,16.2743],[-61.5797,16.2782],[-61.5792,16.2817],[-61.5778,16.2838],[-61.5756,16.285],[-61.5748,16.2824],[-61.571,16.2818],[-61.5698,16.2838],[-61.5672,16.2848],[-61.5649,16.2867],[-61.5623,16.2848],[-61.559,16.2866],[-61.5553,16.2849],[-61.5529,16.2804],[-61.5549,16.2775],[-61.5566,16.2796],[-61.5599,16.2805],[-61.5608,16.2762],[-61.558,16.2762],[-61.5555,16.2744],[-61.5541,16.2778],[-61.5511,16.2784],[-61.5497,16.2776],[-61.5496,16.2721],[-61.5485,16.271],[-61.5491,16.2689],[-61.5482,16.2672],[-61.5479,16.2634],[-61.5487,16.2605],[-61.5476,16.259],[-61.5475,16.2564],[-61.5503,16.2526],[-61.5533,16.2506],[-61.5511,16.2462],[-61.5485,16.2425],[-61.551,16.2396],[-61.5503,16.2388],[-61.5508,16.2349],[-61.5486,16.2322],[-61.5442,16.2332],[-61.5418,16.2314],[-61.5469,16.2278],[-61.5438,16.2244],[-61.5478,16.2233],[-61.5517,16.2242],[-61.553,16.2257],[-61.5561,16.2328],[-61.5591,16.2352],[-61.5616,16.235],[-61.563,16.2331],[-61.5664,16.2335],[-61.5675,16.2362],[-61.5724,16.2361],[-61.5745,16.2344],[-61.5778,16.2352],[-61.5803,16.2371],[-61.5835,16.2345],[-61.5863,16.2254],[-61.5885,16.2193],[-61.5883,16.2173],[-61.5856,16.2143],[-61.5876,16.2112],[-61.5869,16.2078],[-61.5836,16.2054],[-61.5832,16.2043],[-61.5849,16.2016],[-61.589,16.1977],[-61.5904,16.1921],[-61.5891,16.1862],[-61.5864,16.1829],[-61.5856,16.1801],[-61.5812,16.1795],[-61.58,16.1785],[-61.5805,16.1764],[-61.5796,16.1735],[-61.5837,16.171],[-61.5852,16.1676],[-61.5845,16.164],[-61.5831,16.1618],[-61.582,16.1611],[-61.5817,16.1552],[-61.5805,16.1543],[-61.5765,16.1536],[-61.5751,16.152],[-61.5763,16.1462],[-61.5779,16.143],[-61.5762,16.1424],[-61.5739,16.1374],[-61.5675,16.1352],[-61.5629,16.1347],[-61.5604,16.1305],[-61.5608,16.1284],[-61.5637,16.126],[-61.5686,16.1231],[-61.5696,16.1216],[-61.5705,16.117],[-61.5704,16.1143],[-61.5691,16.1109],[-61.5673,16.1088],[-61.5628,16.1073],[-61.5625,16.103],[-61.5608,16.1012],[-61.5612,16.097],[-61.559,16.094],[-61.5589,16.0924],[-61.5602,16.0877],[-61.5606,16.0804],[-61.5596,16.0761],[-61.5609,16.0731],[-61.5608,16.0637],[-61.5599,16.0595],[-61.5584,16.0588],[-61.5553,16.0549],[-61.5568,16.0506],[-61.5597,16.0491],[-61.5608,16.0457],[-61.5643,16.0422],[-61.5652,16.0363],[-61.5645,16.0342],[-61.5699,16.0279],[-61.5691,16.0259],[-61.5716,16.0247],[-61.5727,16.0221],[-61.5801,16.0186],[-61.5829,16.0141],[-61.5848,16.0121],[-61.5879,16.0119],[-61.5944,16.0051],[-61.5987,16.003],[-61.5987,16.0011],[-61.6023,16.0004],[-61.6043,15.9955],[-61.6062,15.9949],[-61.6083,15.9923],[-61.6125,15.9913],[-61.6143,15.9891],[-61.6146,15.9862],[-61.6144,15.9823],[-61.6197,15.9781],[-61.6185,15.9734],[-61.6236,15.9711],[-61.6272,15.972],[-61.6295,15.9691],[-61.6301,15.9672],[-61.6329,15.9678],[-61.6338,15.9663],[-61.6377,15.9678],[-61.6469,15.9686],[-61.6482,15.9698],[-61.6503,15.969],[-61.652,15.967],[-61.6536,15.9668],[-61.6597,15.9605],[-61.662,15.9643],[-61.6657,15.9639],[-61.6699,15.9614],[-61.6724,15.9586],[-61.6735,15.9555],[-61.6757,15.9529],[-61.6791,15.9518],[-61.6802,15.9505],[-61.6854,15.9496],[-61.6911,15.9492],[-61.6959,15.9479],[-61.6967,15.9467],[-61.7001,15.9466],[-61.7051,15.9494],[-61.7068,15.9483],[-61.7074,15.9518],[-61.7095,15.9552],[-61.7092,15.959],[-61.708,15.9612],[-61.7084,15.9647],[-61.71,15.9706],[-61.7113,15.9746],[-61.715,15.9804],[-61.7152,15.9826],[-61.7198,15.9848],[-61.7229,15.9857],[-61.7263,15.9884],[-61.7307,15.9928],[-61.7336,15.9977],[-61.7386,16.0026],[-61.7436,16.0061],[-61.7454,16.0106],[-61.7468,16.0121],[-61.7472,16.0222],[-61.7487,16.0257],[-61.7489,16.0294],[-61.7505,16.0324],[-61.7505,16.0344],[-61.7537,16.0363],[-61.7545,16.0399],[-61.7557,16.0403],[-61.761,16.0466],[-61.7651,16.0494],[-61.7653,16.0514],[-61.7675,16.054],[-61.7705,16.0621],[-61.7693,16.0699],[-61.7682,16.074],[-61.7694,16.0797],[-61.7676,16.082],[-61.7677,16.0846],[-61.7694,16.0868],[-61.7665,16.0905],[-61.7703,16.0896],[-61.7734,16.0933],[-61.7711,16.0946],[-61.7707,16.0961],[-61.7738,16.0981],[-61.7719,16.0997],[-61.7722,16.1018],[-61.7744,16.1019],[-61.7747,16.1047],[-61.7733,16.1052],[-61.7744,16.1172],[-61.7735,16.1202],[-61.7739,16.1266],[-61.7705,16.1277],[-61.77,16.131],[-61.7718,16.1359],[-61.7736,16.1367],[-61.7751,16.1389],[-61.7793,16.1406],[-61.7789,16.1434],[-61.7771,16.1448],[-61.7752,16.1489],[-61.776,16.1499],[-61.7756,16.1527],[-61.7764,16.1561],[-61.7766,16.1616],[-61.7759,16.1634],[-61.776,16.1667],[-61.7768,16.1694],[-61.776,16.1713],[-61.7794,16.1745],[-61.7829,16.1738],[-61.7842,16.1763],[-61.7833,16.1778],[-61.7841,16.1804],[-61.7836,16.1857],[-61.7825,16.1877],[-61.7844,16.1908],[-61.7879,16.1952],[-61.7866,16.1966],[-61.7855,16.2037],[-61.7829,16.2072],[-61.7833,16.2103],[-61.7826,16.2146],[-61.7848,16.2174],[-61.7844,16.219],[-61.7856,16.2257],[-61.7875,16.2289],[-61.7891,16.2299],[-61.792,16.2354],[-61.7952,16.2362],[-61.8003,16.2422],[-61.8016,16.2425],[-61.8029,16.2516],[-61.805,16.254],[-61.8063,16.2581],[-61.8054,16.2629],[-61.8071,16.2663],[-61.8058,16.268],[-61.8077,16.2689],[-61.8098,16.2729],[-61.8044,16.2752],[-61.8027,16.2792],[-61.8043,16.2813],[-61.8031,16.2846],[-61.8018,16.2859],[-61.8033,16.2951],[-61.802,16.2961],[-61.8024,16.3009],[-61.8004,16.3037],[-61.7958,16.3044],[-61.7948,16.3062],[-61.795,16.3084],[-61.8001,16.3104],[-61.8022,16.3132],[-61.8007,16.3163],[-61.7922,16.3195],[-61.7884,16.3225],[-61.7869,16.3257],[-61.7871,16.3295],[-61.7892,16.3325],[-61.7877,16.3353],[-61.7853,16.3375],[-61.7806,16.3399],[-61.7778,16.3427],[-61.7778,16.3463],[-61.7748,16.3492],[-61.772,16.3495],[-61.7702,16.3511],[-61.7668,16.3518],[-61.7649,16.3537],[-61.7607,16.3546],[-61.76,16.3556],[-61.7564,16.3541],[-61.7535,16.3538],[-61.7489,16.3549],[-61.7461,16.3579],[-61.746,16.3606],[-61.7437,16.3619],[-61.7425,16.3607],[-61.7387,16.3591],[-61.7352,16.3569],[-61.7315,16.3561],[-61.7304,16.3571],[-61.7249,16.3525],[-61.7215,16.3505],[-61.7224,16.3485],[-61.7162,16.3443],[-61.7175,16.3428],[-61.7163,16.34],[-61.7145,16.3378],[-61.7084,16.3361],[-61.7066,16.3367],[-61.7034,16.3364],[-61.7014,16.3344],[-61.6996,16.3354],[-61.6978,16.3346],[-61.6936,16.3348],[-61.6908,16.3313],[-61.6866,16.3298],[-61.6855,16.3249],[-61.6819,16.3251],[-61.6805,16.3286],[-61.6785,16.3285],[-61.677,16.3263],[-61.6726,16.3245],[-61.6732,16.3232],[-61.671,16.3213],[-61.6709,16.3186],[-61.6686,16.3175],[-61.6669,16.3201],[-61.665,16.3176],[-61.6602,16.3207],[-61.6596,16.3196],[-61.6562,16.3196],[-61.6517,16.3214],[-61.6493,16.3197],[-61.6432,16.3178],[-61.641,16.3163],[-61.6426,16.3139],[-61.6449,16.3128],[-61.6434,16.3088],[-61.6381,16.3096],[-61.6339,16.3072],[-61.6334,16.305],[-61.6276,16.3043],[-61.6268,16.3021],[-61.6225,16.3013],[-61.616,16.303],[-61.6126,16.3033],[-61.6086,16.3046],[-61.6057,16.3045],[-61.6014,16.3027],[-61.6033,16.2986],[-61.6055,16.2973],[-61.6093,16.2954],[-61.6106,16.2941],[-61.613,16.2849],[-61.6167,16.2823],[-61.62,16.2825],[-61.6212,16.2836],[-61.6261,16.2826],[-61.6269,16.2802],[-61.6251,16.2744],[-61.6265,16.2728]]],[[[-61.2246,15.9645],[-61.2192,15.9621],[-61.2178,15.959],[-61.2181,15.9576],[-61.2132,15.9561],[-61.2097,15.9543],[-61.2053,15.9509],[-61.2037,15.948],[-61.2008,15.9454],[-61.1985,15.9399],[-61.1973,15.9348],[-61.1954,15.9307],[-61.1955,15.9285],[-61.1969,15.9271],[-61.1961,15.9214],[-61.1977,15.9156],[-61.2013,15.9081],[-61.2027,15.9032],[-61.2044,15.9012],[-61.2104,15.8993],[-61.2139,15.8963],[-61.2178,15.8952],[-61.2209,15.8915],[-61.2218,15.8884],[-61.2261,15.8863],[-61.2276,15.8843],[-61.2325,15.8818],[-61.2333,15.8801],[-61.2388,15.8779],[-61.2425,15.8744],[-61.2442,15.8747],[-61.2504,15.872],[-61.2595,15.8712],[-61.2636,15.8708],[-61.2648,15.8689],[-61.2689,15.8674],[-61.2727,15.8678],[-61.2762,15.867],[-61.2809,15.8672],[-61.2825,15.8698],[-61.2913,15.8714],[-61.2928,15.873],[-61.2958,15.873],[-61.299,15.8744],[-61.3035,15.8752],[-61.3062,15.8779],[-61.3098,15.8796],[-61.3149,15.8803],[-61.3235,15.8874],[-61.3258,15.8911],[-61.3271,15.8954],[-61.3299,15.897],[-61.3316,15.9003],[-61.3293,15.9048],[-61.3324,15.9147],[-61.3336,15.9198],[-61.3335,15.9219],[-61.3363,15.936],[-61.3371,15.9414],[-61.3359,15.9426],[-61.3232,15.9495],[-61.3193,15.9536],[-61.3183,15.9615],[-61.318,15.9673],[-61.3187,15.9685],[-61.3181,15.9744],[-61.3186,15.9762],[-61.3108,15.977],[-61.3065,15.9788],[-61.3068,15.9808],[-61.3053,15.982],[-61.3061,15.9863],[-61.3023,15.9874],[-61.3002,15.989],[-61.3004,15.9907],[-61.2962,15.9974],[-61.2924,16.0019],[-61.2897,16.0039],[-61.2867,16.0036],[-61.2778,16.0049],[-61.2754,16.0048],[-61.2703,16.0033],[-61.2678,16.003],[-61.2632,16.001],[-61.2593,15.9985],[-61.2558,15.9945],[-61.2531,15.994],[-61.2528,15.9928],[-61.2476,15.9912],[-61.244,15.9917],[-61.2425,15.9903],[-61.2436,15.9884],[-61.2393,15.9884],[-61.2383,15.9863],[-61.2349,15.9851],[-61.2332,15.9857],[-61.2326,15.982],[-61.2304,15.981],[-61.232,15.9774],[-61.2303,15.9757],[-61.2312,15.9736],[-61.2297,15.9709],[-61.2276,15.9698],[-61.2267,15.9677],[-61.2246,15.9683],[-61.2233,15.9671],[-61.2246,15.9645]]],[[[-61.0532,16.3063],[-61.0604,16.305],[-61.0663,16.3031],[-61.0739,16.3028],[-61.0757,16.3019],[-61.0771,16.2995],[-61.08,16.2995],[-61.0817,16.2972],[-61.0865,16.2957],[-61.0914,16.2956],[-61.0949,16.2934],[-61.0959,16.2903],[-61.0975,16.2916],[-61.0986,16.2943],[-61.0962,16.298],[-61.0962,16.2998],[-61.0979,16.3027],[-61.0958,16.3053],[-61.0937,16.3053],[-61.0895,16.3121],[-61.0876,16.3112],[-61.0786,16.3123],[-61.0773,16.3136],[-61.0774,16.3159],[-61.0735,16.3199],[-61.0695,16.3186],[-61.0645,16.32],[-61.0634,16.3213],[-61.06,16.3222],[-61.0558,16.3264],[-61.0509,16.3277],[-61.0489,16.3305],[-61.0461,16.3305],[-61.0438,16.3336],[-61.0401,16.3353],[-61.0381,16.3354],[-61.0349,16.3386],[-61.0324,16.3372],[-61.0311,16.3402],[-61.0284,16.3402],[-61.0244,16.3442],[-61.0212,16.344],[-61.0187,16.345],[-61.017,16.3488],[-61.0118,16.3498],[-61.0085,16.3491],[-61.0084,16.3475],[-61.0064,16.3447],[-61.0064,16.3413],[-61.002,16.334],[-61.0076,16.3313],[-61.0091,16.3296],[-61.014,16.3291],[-61.0154,16.328],[-61.0187,16.3276],[-61.0255,16.3243],[-61.0357,16.3177],[-61.0386,16.3148],[-61.0402,16.3145],[-61.043,16.3114],[-61.0484,16.3077],[-61.0532,16.3063]]],[[[-61.1099,16.1732],[-61.1068,16.1711],[-61.108,16.1691],[-61.118,16.168],[-61.1214,16.1672],[-61.1235,16.1684],[-61.1268,16.1687],[-61.1293,16.1698],[-61.1307,16.172],[-61.1289,16.1733],[-61.1258,16.1725],[-61.1233,16.1729],[-61.1159,16.1725],[-61.1105,16.1744],[-61.1099,16.1732]]],[[[-61.1132,16.1765],[-61.1111,16.1792],[-61.1097,16.1786],[-61.1032,16.1804],[-61.1059,16.176],[-61.1132,16.1765]]],[[[-61.7817,16.3706],[-61.7804,16.369],[-61.778,16.3681],[-61.7789,16.3642],[-61.7818,16.3671],[-61.7817,16.3706]]],[[[-61.5931,16.3452],[-61.594,16.346],[-61.5913,16.3496],[-61.5914,16.3527],[-61.59,16.3538],[-61.5828,16.352],[-61.5792,16.3491],[-61.5813,16.3453],[-61.5834,16.3447],[-61.5897,16.3452],[-61.5917,16.3465],[-61.5931,16.3452]]],[[[-61.367,16.3368],[-61.3637,16.337],[-61.3647,16.335],[-61.367,16.3368]]],[[[-61.5426,16.2138],[-61.5439,16.216],[-61.5431,16.2189],[-61.5408,16.2156],[-61.5368,16.2155],[-61.5348,16.2134],[-61.5396,16.2132],[-61.5426,16.2138]]],[[[-61.6223,15.8526],[-61.6235,15.8493],[-61.6254,15.8482],[-61.6283,15.8424],[-61.6317,15.8414],[-61.6341,15.8399],[-61.6443,15.8454],[-61.6508,15.8478],[-61.6488,15.8499],[-61.6486,15.8528],[-61.647,15.8538],[-61.6465,15.8595],[-61.6406,15.8626],[-61.6394,15.8639],[-61.637,15.8686],[-61.6345,15.8678],[-61.6317,15.868],[-61.6296,15.8669],[-61.6239,15.866],[-61.6229,15.8644],[-61.6249,15.8621],[-61.6239,15.8588],[-61.6207,15.8591],[-61.6165,15.8582],[-61.6144,15.8552],[-61.6147,15.854],[-61.6185,15.8513],[-61.6211,15.8553],[-61.6223,15.8526]]],[[[-61.5713,15.8693],[-61.5721,15.8674],[-61.5755,15.8677],[-61.5766,15.8668],[-61.5786,15.8624],[-61.5789,15.8602],[-61.5762,15.8582],[-61.5775,15.8562],[-61.5793,15.8575],[-61.5862,15.857],[-61.5874,15.8588],[-61.5891,15.8588],[-61.5897,15.8559],[-61.5912,15.8538],[-61.5938,15.8532],[-61.5975,15.8533],[-61.6015,15.8559],[-61.6023,15.8577],[-61.6067,15.8574],[-61.6049,15.8596],[-61.601,15.8596],[-61.5988,15.8635],[-61.5878,15.8645],[-61.5846,15.8643],[-61.5822,15.8692],[-61.5833,15.8728],[-61.5853,15.8746],[-61.5849,15.8762],[-61.5824,15.8776],[-61.582,15.8801],[-61.5792,15.8783],[-61.5799,15.8764],[-61.5785,15.875],[-61.5759,15.8747],[-61.5737,15.8839],[-61.5717,15.8812],[-61.5683,15.8787],[-61.5701,15.8767],[-61.5693,15.8755],[-61.5717,15.8733],[-61.5693,15.8714],[-61.5713,15.8693]]],[[[-61.5863,15.838],[-61.5848,15.8356],[-61.5848,15.8328],[-61.5899,15.8335],[-61.5929,15.8352],[-61.5961,15.835],[-61.5967,15.8363],[-61.5954,15.8387],[-61.5929,15.8403],[-61.5916,15.843],[-61.5872,15.8394],[-61.5863,15.838]]],[[[-61.5939,15.8718],[-61.5971,15.8752],[-61.6011,15.8764],[-61.5997,15.8784],[-61.5977,15.877],[-61.5963,15.8777],[-61.5916,15.8778],[-61.5911,15.8758],[-61.5939,15.8718]]]]}},{"type":"Feature","properties":{"code":"972","nom":"Martinique"},"geometry":{"type":"MultiPolygon","coordinates":[[[[-61.0534,14.4557],[-61.0555,14.454],[-61.0591,14.4543],[-61.0627,14.4558],[-61.0669,14.4599],[-61.0672,14.4644],[-61.0679,14.4666],[-61.0702,14.4688],[-61.0727,14.4692],[-61.0762,14.4677],[-61.0799,14.4687],[-61.0817,14.4705],[-61.0826,14.4764],[-61.0797,14.478],[-61.079,14.4796],[-61.0799,14.4849],[-61.0796,14.4894],[-61.0825,14.4921],[-61.0856,14.491],[-61.0903,14.4925],[-61.0892,14.4948],[-61.0897,14.4978],[-61.0862,14.4977],[-61.084,14.4987],[-61.0837,14.5004],[-61.0849,14.5045],[-61.0876,14.5071],[-61.091,14.508],[-61.0966,14.5065],[-61.1,14.5071],[-61.1009,14.5081],[-61.0996,14.5108],[-61.0976,14.5119],[-61.0966,14.5143],[-61.0972,14.5187],[-61.0944,14.5221],[-61.0944,14.5246],[-61.0932,14.5256],[-61.0902,14.5252],[-61.0877,14.5285],[-61.0887,14.5302],[-61.0876,14.5342],[-61.0842,14.5346],[-61.0827,14.5371],[-61.081,14.5368],[-61.0788,14.5396],[-61.0755,14.5424],[-61.0739,14.5407],[-61.0706,14.5408],[-61.068,14.5396],[-61.0652,14.541],[-61.064,14.5427],[-61.0648,14.5441],[-61.0608,14.5495],[-61.0603,14.5512],[-61.0574,14.5504],[-61.0542,14.5514],[-61.0529,14.5537],[-61.0536,14.556],[-61.0528,14.5599],[-61.0508,14.5584],[-61.0494,14.5562],[-61.0513,14.5551],[-61.0506,14.5509],[-61.0468,14.5525],[-61.0449,14.5517],[-61.0431,14.5526],[-61.0406,14.556],[-61.0387,14.5567],[-61.0374,14.5532],[-61.04,14.5478],[-61.0436,14.5475],[-61.0422,14.5434],[-61.0408,14.5414],[-61.0348,14.5416],[-61.0315,14.5407],[-61.0308,14.539],[-61.0318,14.5366],[-61.0278,14.537],[-61.0268,14.5348],[-61.0228,14.5397],[-61.0196,14.5351],[-61.0167,14.536],[-61.0135,14.5346],[-61.013,14.5375],[-61.0104,14.5382],[-61.0082,14.5418],[-61.0059,14.5405],[-61.0061,14.5391],[-61.0094,14.5357],[-61.0101,14.534],[-61.0066,14.534],[-61.0068,14.531],[-61.0036,14.5326],[-61.0012,14.5322],[-60.9971,14.5318],[-60.9973,14.5345],[-60.9953,14.5374],[-60.9945,14.535],[-60.9954,14.534],[-60.9939,14.5313],[-60.9918,14.531],[-60.988,14.5293],[-60.9876,14.5371],[-60.9824,14.5415],[-60.9801,14.5409],[-60.9786,14.5438],[-60.9811,14.5452],[-60.9848,14.5437],[-60.987,14.5436],[-60.9876,14.5461],[-60.9831,14.5472],[-60.9802,14.5514],[-60.9766,14.5519],[-60.9746,14.5537],[-60.9771,14.5551],[-60.9785,14.5539],[-60.9812,14.5536],[-60.9836,14.5548],[-60.9828,14.5573],[-60.9858,14.5571],[-60.9876,14.5612],[-60.9873,14.563],[-60.9905,14.5641],[-60.9921,14.5678],[-60.994,14.5679],[-60.9934,14.5713],[-60.9905,14.5733],[-60.9916,14.5751],[-60.9937,14.5746],[-60.996,14.5707],[-60.9979,14.5687],[-60.9977,14.5661],[-60.9999,14.5668],[-61.0015,14.5646],[-61.0019,14.5621],[-61.0045,14.5699],[-61.0032,14.5763],[-61.0035,14.5805],[-61.0075,14.5829],[-61.0096,14.583],[-61.0116,14.5849],[-61.0099,14.5858],[-61.0093,14.5887],[-61.0137,14.5884],[-61.0176,14.5872],[-61.0214,14.5834],[-61.0235,14.5838],[-61.024,14.5901],[-61.0087,14.5928],[-61.0064,14.5947],[-61.0062,14.5983],[-61.0031,14.599],[-61.002,14.6024],[-61.0117,14.6024],[-61.01,14.6053],[-61.011,14.6066],[-61.0077,14.6115],[-61.0113,14.6132],[-61.0135,14.6127],[-61.0161,14.6148],[-61.0201,14.6168],[-61.022,14.6169],[-61.024,14.6135],[-61.0266,14.6113],[-61.027,14.6088],[-61.0306,14.6072],[-61.0342,14.6064],[-61.0341,14.6095],[-61.0367,14.609],[-61.0379,14.6048],[-61.0393,14.603],[-61.0391,14.6004],[-61.0374,14.5963],[-61.0382,14.5948],[-61.0416,14.599],[-61.0431,14.5976],[-61.0428,14.5946],[-61.0464,14.5936],[-61.046,14.5906],[-61.05,14.59],[-61.0508,14.5941],[-61.0488,14.5946],[-61.0495,14.5976],[-61.0535,14.5979],[-61.0554,14.5949],[-61.0606,14.5947],[-61.061,14.5971],[-61.0581,14.6023],[-61.0614,14.6002],[-61.0627,14.6015],[-61.067,14.6005],[-61.0696,14.6023],[-61.0731,14.6013],[-61.0775,14.601],[-61.0829,14.5998],[-61.0906,14.6003],[-61.0921,14.6005],[-61.0942,14.6038],[-61.097,14.6071],[-61.1006,14.6145],[-61.1033,14.6153],[-61.1041,14.6186],[-61.1066,14.6213],[-61.1101,14.6233],[-61.1109,14.6253],[-61.1136,14.627],[-61.1179,14.628],[-61.1199,14.63],[-61.1234,14.63],[-61.13,14.6333],[-61.1326,14.6336],[-61.1355,14.6331],[-61.1362,14.6349],[-61.1388,14.6374],[-61.1382,14.6411],[-61.1412,14.6432],[-61.1419,14.6448],[-61.145,14.6464],[-61.1486,14.6471],[-61.1521,14.6496],[-61.1525,14.6537],[-61.154,14.6558],[-61.1571,14.6571],[-61.1587,14.6635],[-61.1615,14.666],[-61.1642,14.6712],[-61.1643,14.6726],[-61.1678,14.6752],[-61.1683,14.677],[-61.1713,14.6812],[-61.174,14.6856],[-61.1768,14.6891],[-61.1812,14.6989],[-61.1846,14.7086],[-61.1843,14.7127],[-61.1817,14.7227],[-61.1819,14.7238],[-61.179,14.7326],[-61.1769,14.7376],[-61.1765,14.7409],[-61.1767,14.7453],[-61.1791,14.7477],[-61.1799,14.7506],[-61.184,14.7543],[-61.1854,14.7575],[-61.1915,14.7621],[-61.1922,14.7634],[-61.1946,14.7643],[-61.1985,14.7673],[-61.2009,14.7725],[-61.2027,14.7743],[-61.2028,14.7765],[-61.2051,14.7798],[-61.2076,14.7809],[-61.2138,14.782],[-61.219,14.7893],[-61.2222,14.7978],[-61.224,14.7998],[-61.2271,14.8015],[-61.2268,14.8055],[-61.226,14.8067],[-61.2287,14.8111],[-61.229,14.8224],[-61.2275,14.8264],[-61.2261,14.8283],[-61.2259,14.8322],[-61.2238,14.8337],[-61.223,14.8379],[-61.2187,14.8431],[-61.2194,14.8448],[-61.2173,14.8473],[-61.214,14.8486],[-61.2109,14.8574],[-61.2064,14.8617],[-61.204,14.8617],[-61.2016,14.8623],[-61.1947,14.8649],[-61.1938,14.8662],[-61.1874,14.8686],[-61.1825,14.8716],[-61.1805,14.8751],[-61.1763,14.874],[-61.1711,14.8761],[-61.1662,14.877],[-61.1582,14.8776],[-61.1539,14.8771],[-61.1483,14.8787],[-61.1448,14.8769],[-61.1406,14.8777],[-61.1382,14.8772],[-61.135,14.8745],[-61.1298,14.8749],[-61.1255,14.8736],[-61.1205,14.8702],[-61.1174,14.8692],[-61.1145,14.8705],[-61.1091,14.8666],[-61.1063,14.8668],[-61.1032,14.8637],[-61.0984,14.8633],[-61.0969,14.8601],[-61.0922,14.8552],[-61.0887,14.853],[-61.085,14.8531],[-61.0834,14.8524],[-61.0801,14.8504],[-61.0797,14.8485],[-61.0776,14.8464],[-61.0736,14.8453],[-61.0725,14.8439],[-61.0651,14.8433],[-61.0636,14.8398],[-61.0617,14.8373],[-61.0571,14.8342],[-61.0543,14.8329],[-61.0512,14.8325],[-61.0487,14.8332],[-61.0454,14.8357],[-61.0426,14.8359],[-61.0402,14.834],[-61.0399,14.8319],[-61.0362,14.8298],[-61.0314,14.8311],[-61.0293,14.8304],[-61.0294,14.8277],[-61.0318,14.8249],[-61.0317,14.8233],[-61.0295,14.8226],[-61.0255,14.8232],[-61.023,14.8219],[-61.0211,14.8175],[-61.0208,14.8126],[-61.0186,14.8097],[-61.0143,14.807],[-61.0115,14.8068],[-61.0091,14.8082],[-61.0054,14.8078],[-61.0026,14.809],[-61.0015,14.8074],[-61.0037,14.805],[-61.0053,14.8017],[-61.0051,14.7996],[-61.0025,14.7959],[-60.9987,14.7937],[-60.9988,14.7902],[-60.9964,14.7864],[-60.9913,14.7852],[-60.9907,14.782],[-60.9896,14.78],[-60.9872,14.7778],[-60.9836,14.778],[-60.9815,14.7789],[-60.98,14.7776],[-60.9804,14.7755],[-60.9831,14.7745],[-60.9802,14.7716],[-60.9782,14.7688],[-60.9744,14.7679],[-60.975,14.766],[-60.9728,14.763],[-60.9679,14.7606],[-60.9662,14.7561],[-60.9678,14.7533],[-60.9663,14.7503],[-60.963,14.7464],[-60.9637,14.7444],[-60.9626,14.7417],[-60.9628,14.7398],[-60.9617,14.7379],[-60.9595,14.7377],[-60.9577,14.7362],[-60.9546,14.7376],[-60.9528,14.743],[-60.9526,14.7478],[-60.9508,14.7501],[-60.9479,14.752],[-60.9473,14.7535],[-60.9429,14.7567],[-60.9356,14.7592],[-60.9325,14.7623],[-60.925,14.7618],[-60.9227,14.7586],[-60.9208,14.7584],[-60.9164,14.7611],[-60.9116,14.7628],[-60.9113,14.7652],[-60.9037,14.7663],[-60.9022,14.767],[-60.9015,14.7697],[-60.8974,14.7701],[-60.8972,14.771],[-60.892,14.7738],[-60.8887,14.7798],[-60.8859,14.7802],[-60.8849,14.7764],[-60.8828,14.7771],[-60.8786,14.7753],[-60.8739,14.7711],[-60.8741,14.768],[-60.8758,14.7666],[-60.8758,14.7636],[-60.8727,14.7602],[-60.8733,14.7583],[-60.8782,14.7589],[-60.8813,14.7611],[-60.8822,14.7639],[-60.8808,14.7654],[-60.885,14.7684],[-60.8854,14.766],[-60.8894,14.7674],[-60.8934,14.7658],[-60.8936,14.762],[-60.8965,14.7623],[-60.8969,14.7586],[-60.8942,14.7567],[-60.8905,14.7563],[-60.8886,14.7536],[-60.8894,14.7498],[-60.8906,14.7478],[-60.8936,14.7494],[-60.8956,14.7467],[-60.8973,14.7467],[-60.8992,14.7435],[-60.8983,14.7422],[-60.8946,14.742],[-60.8914,14.7409],[-60.8917,14.7375],[-60.8951,14.7372],[-60.8963,14.7352],[-60.9007,14.7345],[-60.902,14.7369],[-60.9068,14.7364],[-60.9081,14.7347],[-60.9108,14.7359],[-60.9109,14.7408],[-60.912,14.744],[-60.9195,14.7484],[-60.9243,14.7494],[-60.926,14.7508],[-60.9293,14.7504],[-60.9308,14.7493],[-60.9334,14.7494],[-60.9344,14.7505],[-60.9381,14.7489],[-60.9386,14.7457],[-60.9409,14.7431],[-60.9435,14.743],[-60.9446,14.7382],[-60.9428,14.7358],[-60.9394,14.7334],[-60.9416,14.7327],[-60.9444,14.733],[-60.9459,14.7278],[-60.9454,14.7248],[-60.9423,14.7204],[-60.9416,14.7142],[-60.9398,14.7149],[-60.935,14.713],[-60.932,14.7167],[-60.9325,14.7189],[-60.9304,14.7217],[-60.928,14.7213],[-60.9291,14.717],[-60.9284,14.7153],[-60.9324,14.7132],[-60.934,14.7102],[-60.9328,14.7075],[-60.9301,14.7064],[-60.9252,14.7078],[-60.9228,14.7103],[-60.9203,14.7103],[-60.9149,14.7134],[-60.9142,14.7115],[-60.9151,14.7086],[-60.9129,14.7071],[-60.9154,14.705],[-60.9145,14.7033],[-60.9098,14.6999],[-60.9069,14.6999],[-60.903,14.7016],[-60.903,14.6992],[-60.9018,14.6954],[-60.9039,14.6952],[-60.9056,14.6969],[-60.9072,14.6959],[-60.9102,14.6914],[-60.9133,14.6942],[-60.9185,14.6936],[-60.9196,14.6898],[-60.9214,14.6903],[-60.9234,14.6889],[-60.926,14.6891],[-60.9288,14.6866],[-60.929,14.6828],[-60.9262,14.6799],[-60.9302,14.6788],[-60.9319,14.6815],[-60.932,14.6843],[-60.9352,14.6839],[-60.9379,14.6803],[-60.9375,14.6776],[-60.9383,14.6749],[-60.9411,14.6726],[-60.9429,14.6722],[-60.9421,14.6676],[-60.9405,14.6672],[-60.9392,14.6652],[-60.9351,14.6647],[-60.9345,14.6604],[-60.93,14.6543],[-60.926,14.6512],[-60.9243,14.6522],[-60.9236,14.6547],[-60.9215,14.6548],[-60.9209,14.6517],[-60.9166,14.6531],[-60.92,14.6577],[-60.9177,14.6611],[-60.9165,14.6599],[-60.9137,14.6603],[-60.9161,14.6626],[-60.9134,14.665],[-60.9107,14.6654],[-60.9094,14.6625],[-60.9057,14.6633],[-60.9063,14.6666],[-60.9035,14.6662],[-60.9038,14.664],[-60.9016,14.6622],[-60.9004,14.6649],[-60.898,14.6653],[-60.8988,14.6616],[-60.8947,14.6612],[-60.8954,14.6593],[-60.89,14.6596],[-60.8917,14.6621],[-60.8913,14.6649],[-60.8868,14.6664],[-60.8843,14.6661],[-60.8824,14.6636],[-60.8838,14.6616],[-60.8834,14.6582],[-60.8848,14.6566],[-60.8863,14.6527],[-60.8891,14.6536],[-60.8901,14.6506],[-60.8915,14.6514],[-60.894,14.65],[-60.8966,14.6484],[-60.8979,14.6488],[-60.8983,14.6524],[-60.902,14.6507],[-60.9055,14.6462],[-60.8999,14.6455],[-60.8969,14.643],[-60.8959,14.6413],[-60.8935,14.6406],[-60.8951,14.6387],[-60.8937,14.6372],[-60.8943,14.6345],[-60.8923,14.6337],[-60.8909,14.6313],[-60.8936,14.6312],[-60.8949,14.6283],[-60.8978,14.6288],[-60.8973,14.6242],[-60.8988,14.6231],[-60.8981,14.6206],[-60.8956,14.6208],[-60.8866,14.619],[-60.8873,14.6154],[-60.8853,14.6151],[-60.8831,14.6169],[-60.8832,14.6199],[-60.8803,14.6193],[-60.8768,14.6217],[-60.875,14.6192],[-60.8718,14.6188],[-60.8708,14.6179],[-60.8763,14.6142],[-60.8796,14.6128],[-60.8779,14.6103],[-60.8759,14.6102],[-60.8754,14.6081],[-60.8728,14.6075],[-60.8693,14.6052],[-60.8689,14.602],[-60.8709,14.6015],[-60.8726,14.599],[-60.8728,14.597],[-60.8704,14.594],[-60.8683,14.5935],[-60.8683,14.5904],[-60.8638,14.5887],[-60.8612,14.5882],[-60.8578,14.5896],[-60.8558,14.5922],[-60.8519,14.5925],[-60.8494,14.59],[-60.85,14.5854],[-60.846,14.5824],[-60.8504,14.583],[-60.8515,14.578],[-60.8495,14.578],[-60.8484,14.5798],[-60.844,14.5786],[-60.8473,14.5764],[-60.8516,14.5772],[-60.8544,14.5756],[-60.8546,14.5732],[-60.8535,14.5701],[-60.8518,14.5675],[-60.8492,14.5703],[-60.8469,14.5695],[-60.8483,14.5675],[-60.8487,14.5647],[-60.846,14.565],[-60.8426,14.567],[-60.8409,14.567],[-60.8407,14.564],[-60.8432,14.5619],[-60.8465,14.5616],[-60.8472,14.5604],[-60.8459,14.5571],[-60.8393,14.56],[-60.8389,14.5619],[-60.8366,14.5642],[-60.833,14.5663],[-60.8306,14.5694],[-60.827,14.5685],[-60.8281,14.5661],[-60.8297,14.5654],[-60.8308,14.5593],[-60.8327,14.5585],[-60.8337,14.5563],[-60.8356,14.5567],[-60.8366,14.5548],[-60.8362,14.5511],[-60.8396,14.5512],[-60.8356,14.5456],[-60.8333,14.5462],[-60.8291,14.5423],[-60.8275,14.5398],[-60.8278,14.5363],[-60.8299,14.5362],[-60.835,14.5371],[-60.8355,14.5348],[-60.8383,14.5343],[-60.8368,14.5322],[-60.8339,14.533],[-60.8334,14.5309],[-60.8303,14.5319],[-60.8279,14.5312],[-60.8276,14.5288],[-60.829,14.5282],[-60.8345,14.528],[-60.8344,14.5265],[-60.8323,14.5247],[-60.8348,14.5231],[-60.8354,14.5198],[-60.8332,14.5178],[-60.8364,14.5169],[-60.8355,14.5153],[-60.8371,14.5136],[-60.8376,14.5117],[-60.8346,14.5099],[-60.8309,14.5096],[-60.8301,14.5116],[-60.8281,14.5113],[-60.8248,14.5149],[-60.8225,14.5105],[-60.8225,14.5083],[-60.8239,14.5058],[-60.8231,14.5014],[-60.8236,14.4986],[-60.8223,14.494],[-60.8208,14.4929],[-60.8154,14.493],[-60.8141,14.4895],[-60.815,14.4873],[-60.8126,14.4827],[-60.8105,14.48],[-60.8131,14.477],[-60.8136,14.4739],[-60.816,14.4733],[-60.8199,14.4765],[-60.8231,14.4757],[-60.8215,14.4732],[-60.8245,14.4713],[-60.8192,14.47],[-60.8189,14.4674],[-60.8172,14.466],[-60.814,14.4604],[-60.8156,14.4588],[-60.8185,14.4586],[-60.8217,14.4558],[-60.8218,14.4529],[-60.8237,14.4526],[-60.824,14.4489],[-60.8226,14.4465],[-60.8243,14.4439],[-60.8258,14.4373],[-60.827,14.4353],[-60.8294,14.4358],[-60.8326,14.4335],[-60.8341,14.431],[-60.8327,14.4298],[-60.8338,14.427],[-60.8351,14.427],[-60.8352,14.4234],[-60.8393,14.4222],[-60.84,14.4258],[-60.8403,14.4305],[-60.8426,14.4309],[-60.847,14.4349],[-60.8487,14.4327],[-60.8475,14.4305],[-60.8494,14.4273],[-60.849,14.4246],[-60.8502,14.4218],[-60.8496,14.4191],[-60.8463,14.4191],[-60.8442,14.4211],[-60.8432,14.4203],[-60.8447,14.4169],[-60.8475,14.4141],[-60.8504,14.4153],[-60.8517,14.4176],[-60.8541,14.4162],[-60.852,14.4147],[-60.851,14.4104],[-60.8473,14.4139],[-60.8438,14.414],[-60.8424,14.4127],[-60.8397,14.4153],[-60.8379,14.4142],[-60.839,14.4111],[-60.8418,14.4112],[-60.8436,14.4135],[-60.8464,14.4136],[-60.8494,14.4111],[-60.8507,14.4079],[-60.8534,14.4064],[-60.8561,14.4012],[-60.8558,14.3971],[-60.8576,14.3981],[-60.861,14.3971],[-60.8624,14.3958],[-60.8661,14.3969],[-60.8683,14.395],[-60.873,14.3968],[-60.8763,14.3972],[-60.876,14.3998],[-60.8772,14.4022],[-60.8819,14.405],[-60.8845,14.4054],[-60.8848,14.4085],[-60.8871,14.4098],[-60.8851,14.4114],[-60.8865,14.4151],[-60.8933,14.4193],[-60.8928,14.4215],[-60.8907,14.4218],[-60.8861,14.427],[-60.8856,14.4295],[-60.8833,14.4335],[-60.8822,14.4337],[-60.8808,14.4378],[-60.8799,14.4387],[-60.8811,14.4432],[-60.8843,14.4475],[-60.8828,14.4519],[-60.8806,14.4491],[-60.879,14.4455],[-60.8765,14.4461],[-60.8766,14.4487],[-60.8739,14.4484],[-60.8722,14.4456],[-60.871,14.4465],[-60.8725,14.449],[-60.8739,14.4529],[-60.8729,14.4549],[-60.8703,14.4562],[-60.8683,14.4551],[-60.867,14.4529],[-60.8634,14.4523],[-60.8605,14.4577],[-60.8628,14.4571],[-60.8647,14.4582],[-60.8677,14.4583],[-60.8647,14.4609],[-60.8619,14.4606],[-60.862,14.4629],[-60.8599,14.4662],[-60.8602,14.4679],[-60.8635,14.4667],[-60.8664,14.4708],[-60.8726,14.4688],[-60.8753,14.4722],[-60.8781,14.4707],[-60.8784,14.4692],[-60.8816,14.4694],[-60.8844,14.4641],[-60.8854,14.4636],[-60.8907,14.4589],[-60.8929,14.4554],[-60.8925,14.4531],[-60.8976,14.4498],[-60.8992,14.4479],[-60.9006,14.4499],[-60.8999,14.4514],[-60.9014,14.4528],[-60.906,14.4555],[-60.9075,14.4575],[-60.9095,14.46],[-60.9118,14.4605],[-60.9123,14.4619],[-60.9108,14.4689],[-60.9118,14.4694],[-60.919,14.4673],[-60.9203,14.4679],[-60.9261,14.4661],[-60.9281,14.4644],[-60.932,14.4628],[-60.9342,14.4626],[-60.9358,14.4645],[-60.9382,14.4649],[-60.9409,14.4641],[-60.9431,14.4664],[-60.9484,14.4673],[-60.9518,14.4669],[-60.9555,14.4653],[-60.9569,14.4676],[-60.9615,14.4689],[-60.9636,14.4735],[-60.9643,14.4773],[-60.9667,14.4784],[-60.9696,14.4768],[-60.9665,14.474],[-60.9688,14.4728],[-60.9694,14.4704],[-60.9745,14.4683],[-60.9763,14.4691],[-60.9784,14.4716],[-60.9763,14.4734],[-60.9756,14.4755],[-60.9806,14.483],[-60.9821,14.4834],[-60.9835,14.4861],[-60.9852,14.4845],[-60.9832,14.4825],[-60.9848,14.478],[-60.9845,14.4737],[-60.986,14.4729],[-60.988,14.4761],[-60.9904,14.4784],[-60.992,14.4765],[-60.9901,14.4749],[-60.9901,14.4704],[-60.9896,14.4682],[-60.9912,14.4665],[-60.9945,14.4689],[-60.9974,14.4684],[-61.0004,14.471],[-61.0001,14.4732],[-61.0051,14.4811],[-61.0082,14.4817],[-61.0068,14.4761],[-61.0078,14.4732],[-61.0098,14.4736],[-61.0152,14.4769],[-61.017,14.4798],[-61.019,14.4809],[-61.0227,14.4803],[-61.0283,14.4787],[-61.0368,14.4754],[-61.0418,14.473],[-61.0463,14.4683],[-61.0469,14.4667],[-61.0461,14.464],[-61.0472,14.4605],[-61.0498,14.4573],[-61.0534,14.4557]]],[[[-60.8622,14.6084],[-60.8611,14.6097],[-60.8584,14.6106],[-60.8573,14.6131],[-60.8559,14.6126],[-60.8515,14.6143],[-60.8535,14.6112],[-60.8571,14.6109],[-60.8576,14.6095],[-60.8622,14.6084]]],[[[-60.8899,14.6337],[-60.8889,14.635],[-60.8854,14.6314],[-60.8883,14.63],[-60.8885,14.6325],[-60.8899,14.6337]]],[[[-60.8504,14.6253],[-60.8472,14.627],[-60.8461,14.6254],[-60.8488,14.6236],[-60.8504,14.6253]]],[[[-60.8647,14.619],[-60.86,14.621],[-60.8612,14.6185],[-60.8647,14.619]]],[[[-61.0049,14.5778],[-61.0067,14.5743],[-61.009,14.5751],[-61.0063,14.5773],[-61.0084,14.5786],[-61.0081,14.5808],[-61.005,14.5796],[-61.0049,14.5778]]],[[[-60.8985,14.6965],[-60.8956,14.6955],[-60.8935,14.697],[-60.8911,14.6964],[-60.8884,14.6968],[-60.8836,14.6943],[-60.8796,14.6931],[-60.8799,14.6912],[-60.8826,14.6929],[-60.8886,14.6916],[-60.8892,14.6895],[-60.8919,14.6912],[-60.8921,14.6931],[-60.8952,14.6938],[-60.8985,14.6965]]],[[[-60.8846,14.6904],[-60.8824,14.6877],[-60.884,14.6868],[-60.8846,14.6904]]],[[[-60.8301,14.4312],[-60.8293,14.432],[-60.8258,14.4321],[-60.8252,14.4302],[-60.8273,14.4282],[-60.8301,14.4298],[-60.8301,14.4312]]],[[[-61.0218,14.5479],[-61.021,14.5494],[-61.0175,14.5502],[-61.016,14.5486],[-61.0208,14.5466],[-61.0218,14.5479]]],[[[-60.8384,14.5673],[-60.8354,14.5704],[-60.8344,14.5679],[-60.8384,14.5673]]]]}},{"type":"Feature","properties":{"code":"973","nom":"Guyane"},"geometry":{"type":"MultiPolygon","coordinates":[[[[-52.168,4.7768],[-52.1622,4.7801],[-52.1591,4.7791],[-52.1575,4.7813],[-52.155,4.7797],[-52.1534,4.7801],[-52.1522,4.778],[-52.1491,4.7775],[-52.1476,4.7703],[-52.1486,4.7685],[-52.1476,4.767],[-52.144,4.7673],[-52.1386,4.7658],[-52.1372,4.7629],[-52.1333,4.7613],[-52.1301,4.761],[-52.1287,4.7589],[-52.1297,4.7577],[-52.1253,4.7557],[-52.1238,4.7538],[-52.1204,4.751],[-52.1179,4.7507],[-52.1151,4.7445],[-52.1156,4.7421],[-52.114,4.7367],[-52.1085,4.7303],[-52.1043,4.7272],[-52.1048,4.7245],[-52.1035,4.7232],[-52.1041,4.721],[-52.1059,4.7198],[-52.1056,4.7178],[-52.1041,4.7173],[-52.103,4.7192],[-52.0992,4.7183],[-52.0972,4.716],[-52.0962,4.7119],[-52.098,4.7099],[-52.0954,4.7079],[-52.0947,4.7038],[-52.0913,4.7042],[-52.0874,4.7026],[-52.0869,4.701],[-52.0847,4.7009],[-52.0816,4.6978],[-52.0802,4.6906],[-52.0805,4.689],[-52.0778,4.6863],[-52.0738,4.6849],[-52.0722,4.682],[-52.0707,4.6812],[-52.0699,4.6752],[-52.0704,4.6719],[-52.073,4.6663],[-52.0728,4.6589],[-52.0716,4.6546],[-52.0673,4.6503],[-52.0664,4.6521],[-52.0669,4.6577],[-52.0681,4.6591],[-52.0677,4.6633],[-52.0647,4.6666],[-52.0655,4.6719],[-52.0651,4.6749],[-52.0626,4.6753],[-52.0634,4.6782],[-52.0606,4.6793],[-52.0573,4.6822],[-52.0553,4.6846],[-52.0582,4.6878],[-52.0577,4.6914],[-52.0533,4.6889],[-52.0515,4.6914],[-52.0502,4.69],[-52.0497,4.6862],[-52.0485,4.6853],[-52.0437,4.6837],[-52.0409,4.6833],[-52.04,4.6818],[-52.0358,4.6809],[-52.033,4.678],[-52.0345,4.6741],[-52.0317,4.6753],[-52.0279,4.6759],[-52.0267,4.6732],[-52.0235,4.6718],[-52.0224,4.6707],[-52.0173,4.6681],[-52.0171,4.6645],[-52.0182,4.6627],[-52.0171,4.6609],[-52.0149,4.6599],[-52.0144,4.658],[-52.0116,4.654],[-52.0117,4.6498],[-52.0093,4.6423],[-52.0074,4.6412],[-52.0047,4.6378],[-52.0035,4.6337],[-52.0014,4.6283],[-52.0015,4.6236],[-51.9997,4.6205],[-51.9981,4.6197],[-51.998,4.6175],[-51.9956,4.6121],[-51.9957,4.6085],[-51.9946,4.6079],[-51.9922,4.6036],[-51.99,4.5976],[-51.9903,4.5963],[-51.9876,4.5928],[-51.9873,4.5911],[-51.9841,4.5846],[-51.9832,4.5805],[-51.9775,4.5738],[-51.9773,4.5704],[-51.9736,4.566],[-51.9741,4.563],[-51.9711,4.5606],[-51.9691,4.5558],[-51.9673,4.555],[-51.9618,4.5478],[-51.9577,4.5401],[-51.9558,4.5342],[-51.9548,4.528],[-51.9546,4.5234],[-51.9537,4.5206],[-51.9539,4.5146],[-51.956,4.4974],[-51.9557,4.4894],[-51.9545,4.4821],[-51.9522,4.4742],[-51.9499,4.4631],[-51.9487,4.4538],[-51.9482,4.452],[-51.9463,4.4356],[-51.9462,4.4301],[-51.9466,4.4216],[-51.9472,4.4183],[-51.9492,4.4113],[-51.9333,4.4066],[-51.9293,4.4177],[-51.9268,4.4237],[-51.9241,4.4351],[-51.9231,4.4516],[-51.9234,4.466],[-51.9244,4.4764],[-51.9279,4.4956],[-51.9284,4.5058],[-51.9285,4.5179],[-51.9289,4.5324],[-51.9295,4.5363],[-51.9284,4.5442],[-51.9272,4.5599],[-51.9273,4.5708],[-51.927,4.5836],[-51.9282,4.6003],[-51.9296,4.6188],[-51.9299,4.6252],[-51.9317,4.6485],[-51.9316,4.657],[-51.9304,4.6641],[-51.928,4.6703],[-51.9252,4.676],[-51.9239,4.6773],[-51.9224,4.6812],[-51.9205,4.6836],[-51.9171,4.6863],[-51.913,4.6814],[-51.9078,4.6807],[-51.9045,4.6798],[-51.896,4.6807],[-51.8925,4.6785],[-51.8906,4.678],[-51.8885,4.6791],[-51.8826,4.6785],[-51.8827,4.6769],[-51.8804,4.675],[-51.8726,4.6725],[-51.8679,4.6716],[-51.8639,4.6694],[-51.8615,4.6674],[-51.8543,4.6643],[-51.8541,4.663],[-51.8501,4.6597],[-51.8438,4.6575],[-51.84,4.6557],[-51.8387,4.6528],[-51.8365,4.6499],[-51.8337,4.6482],[-51.8331,4.6466],[-51.8287,4.6449],[-51.8292,4.6435],[-51.8254,4.6394],[-51.8238,4.6399],[-51.8215,4.6379],[-51.8217,4.635],[-51.8196,4.6331],[-51.818,4.633],[-51.8139,4.6303],[-51.8133,4.6277],[-51.8112,4.6265],[-51.8102,4.6246],[-51.8097,4.6214],[-51.8011,4.6157],[-51.7976,4.612],[-51.7973,4.6093],[-51.7959,4.6071],[-51.7954,4.6045],[-51.7934,4.6011],[-51.7912,4.5956],[-51.7926,4.5918],[-51.7917,4.5889],[-51.7895,4.5846],[-51.7894,4.5824],[-51.7866,4.5756],[-51.7865,4.5697],[-51.7871,4.5646],[-51.7856,4.5601],[-51.7844,4.5546],[-51.7832,4.5521],[-51.7835,4.5494],[-51.7854,4.5475],[-51.7824,4.5389],[-51.7817,4.5385],[-51.781,4.5311],[-51.7815,4.5261],[-51.7789,4.5187],[-51.7794,4.5181],[-51.7793,4.5129],[-51.78,4.5111],[-51.7786,4.5077],[-51.7759,4.5033],[-51.7759,4.4971],[-51.7782,4.4924],[-51.7778,4.4896],[-51.7758,4.4849],[-51.7742,4.4825],[-51.7694,4.4685],[-51.7654,4.4633],[-51.7628,4.4587],[-51.7537,4.4483],[-51.7506,4.4468],[-51.7485,4.4452],[-51.7473,4.4412],[-51.7474,4.439],[-51.7521,4.4377],[-51.7532,4.4344],[-51.7531,4.4286],[-51.7555,4.4253],[-51.7534,4.4216],[-51.7528,4.419],[-51.7476,4.4198],[-51.7478,4.4154],[-51.7457,4.4157],[-51.7446,4.4134],[-51.7421,4.4115],[-51.7405,4.4077],[-51.7415,4.4064],[-51.7355,4.4016],[-51.7347,4.4017],[-51.7291,4.3974],[-51.7269,4.3963],[-51.7232,4.3964],[-51.7229,4.3954],[-51.715,4.3926],[-51.7117,4.3879],[-51.7089,4.3881],[-51.7045,4.3899],[-51.7027,4.3899],[-51.7013,4.3935],[-51.6996,4.3961],[-51.696,4.3953],[-51.6922,4.3952],[-51.691,4.393],[-51.6912,4.3898],[-51.6929,4.3865],[-51.6924,4.3822],[-51.6962,4.3835],[-51.7005,4.3824],[-51.7025,4.3803],[-51.7053,4.3787],[-51.7073,4.3764],[-51.7089,4.3711],[-51.7114,4.3643],[-51.7166,4.3599],[-51.7177,4.3576],[-51.7178,4.3549],[-51.719,4.3539],[-51.7186,4.351],[-51.7192,4.3489],[-51.718,4.3461],[-51.7186,4.3408],[-51.7182,4.3376],[-51.7164,4.3312],[-51.7156,4.3298],[-51.7139,4.3227],[-51.7105,4.3124],[-51.7085,4.3101],[-51.7072,4.305],[-51.7031,4.2971],[-51.7,4.2929],[-51.6985,4.29],[-51.6962,4.2882],[-51.692,4.2821],[-51.689,4.2764],[-51.6854,4.2724],[-51.6807,4.2688],[-51.6779,4.2673],[-51.6794,4.2659],[-51.6797,4.2618],[-51.6781,4.26],[-51.676,4.2557],[-51.6676,4.2471],[-51.6642,4.247],[-51.6622,4.244],[-51.661,4.2439],[-51.6591,4.2385],[-51.6597,4.2373],[-51.6575,4.2348],[-51.6574,4.2331],[-51.6609,4.2267],[-51.6632,4.2209],[-51.6639,4.2173],[-51.6636,4.2112],[-51.6649,4.2052],[-51.6635,4.2055],[-51.6625,4.2105],[-51.6626,4.2169],[-51.6622,4.2203],[-51.6596,4.2259],[-51.6556,4.2262],[-51.6511,4.2236],[-51.6452,4.2177],[-51.6444,4.2161],[-51.6408,4.2128],[-51.6381,4.2087],[-51.6348,4.2007],[-51.619,4.2011],[-51.6263,4.1951],[-51.6286,4.1916],[-51.6309,4.1869],[-51.6349,4.1763],[-51.6362,4.1675],[-51.6368,4.1572],[-51.6375,4.1332],[-51.6422,4.1162],[-51.6437,4.1029],[-51.6477,4.0795],[-51.6492,4.0734],[-51.6525,4.0678],[-51.6539,4.0635],[-51.6545,4.0593],[-51.656,4.0539],[-51.6595,4.0498],[-51.6695,4.0424],[-51.6725,4.0384],[-51.6757,4.036],[-51.6813,4.0345],[-51.6851,4.0329],[-51.693,4.0284],[-51.6953,4.0278],[-51.7022,4.0243],[-51.7061,4.0198],[-51.7087,4.018],[-51.7166,4.0159],[-51.7251,4.0114],[-51.7295,4.0081],[-51.7359,4.0054],[-51.7397,4.0044],[-51.7457,4.0015],[-51.7538,3.995],[-51.7583,3.9922],[-51.76,3.9891],[-51.7645,3.9841],[-51.7757,3.9765],[-51.7776,3.9745],[-51.781,3.9689],[-51.7823,3.9641],[-51.7821,3.955],[-51.7831,3.9464],[-51.7807,3.9424],[-51.7804,3.94],[-51.7813,3.9355],[-51.7813,3.9252],[-51.7826,3.9207],[-51.7862,3.9122],[-51.7908,3.9023],[-51.7944,3.8963],[-51.7962,3.8913],[-51.7986,3.8869],[-51.8032,3.883],[-51.807,3.8786],[-51.8131,3.8732],[-51.815,3.872],[-51.8198,3.8709],[-51.8222,3.8678],[-51.8227,3.8649],[-51.8224,3.8615],[-51.8234,3.8586],[-51.8311,3.8527],[-51.8369,3.8506],[-51.84,3.8477],[-51.8455,3.841],[-51.8564,3.8326],[-51.8584,3.8265],[-51.864,3.8219],[-51.8674,3.8159],[-51.8695,3.8083],[-51.874,3.8031],[-51.8768,3.8025],[-51.8809,3.803],[-51.8843,3.8014],[-51.8849,3.7974],[-51.886,3.7947],[-51.889,3.7949],[-51.8911,3.7961],[-51.8978,3.7981],[-51.9008,3.8002],[-51.9029,3.8002],[-51.9047,3.7983],[-51.9044,3.7942],[-51.9005,3.7914],[-51.8978,3.7913],[-51.8959,3.7888],[-51.896,3.7859],[-51.8981,3.7838],[-51.903,3.7839],[-51.9046,3.781],[-51.9084,3.7808],[-51.9104,3.7794],[-51.9125,3.7796],[-51.9162,3.7818],[-51.9179,3.7819],[-51.9211,3.7792],[-51.9207,3.7743],[-51.9221,3.7721],[-51.9254,3.7703],[-51.9266,3.7673],[-51.9236,3.7642],[-51.921,3.7593],[-51.9201,3.7511],[-51.9161,3.7456],[-51.9184,3.7417],[-51.9202,3.7373],[-51.9189,3.7316],[-51.9198,3.7282],[-51.9217,3.7243],[-51.9249,3.7222],[-51.928,3.7222],[-51.9324,3.7232],[-51.934,3.7203],[-51.9355,3.7194],[-51.9397,3.7212],[-51.9426,3.7208],[-51.9461,3.7212],[-51.9493,3.7225],[-51.9519,3.7223],[-51.9558,3.7204],[-51.9571,3.7182],[-51.9565,3.715],[-51.9584,3.7129],[-51.9621,3.7131],[-51.966,3.7107],[-51.9689,3.7078],[-51.9726,3.7054],[-51.9734,3.703],[-51.9737,3.699],[-51.9753,3.6936],[-51.9771,3.6924],[-51.9777,3.6853],[-51.9788,3.6824],[-51.9818,3.6779],[-51.9845,3.6765],[-51.9865,3.6721],[-51.9869,3.6679],[-51.9882,3.6643],[-51.9885,3.6606],[-51.9872,3.6573],[-51.9869,3.6541],[-51.9898,3.6482],[-51.9926,3.6462],[-51.9934,3.6429],[-51.9913,3.6407],[-51.9907,3.637],[-51.9891,3.6351],[-51.9881,3.6295],[-51.9888,3.6268],[-51.9921,3.6231],[-51.9955,3.6181],[-51.9982,3.6148],[-51.9996,3.614],[-52.0026,3.6092],[-52.006,3.6066],[-52.0123,3.5998],[-52.0192,3.5937],[-52.0219,3.5885],[-52.0247,3.585],[-52.0272,3.5788],[-52.03,3.5744],[-52.033,3.5708],[-52.0341,3.5672],[-52.0366,3.5636],[-52.0394,3.5573],[-52.0436,3.5506],[-52.0479,3.5425],[-52.0512,3.5376],[-52.0546,3.5316],[-52.0573,3.525],[-52.0611,3.5191],[-52.0641,3.5181],[-52.0691,3.5181],[-52.071,3.5176],[-52.0736,3.5147],[-52.0734,3.5112],[-52.0704,3.5083],[-52.0705,3.5065],[-52.0735,3.4998],[-52.0785,3.4957],[-52.0801,3.4923],[-52.0868,3.4896],[-52.0914,3.4808],[-52.0928,3.479],[-52.094,3.475],[-52.0929,3.4701],[-52.0943,3.4674],[-52.0944,3.463],[-52.0952,3.4617],[-52.0999,3.4595],[-52.103,3.4558],[-52.1067,3.4534],[-52.1086,3.451],[-52.1128,3.4417],[-52.1132,3.4368],[-52.114,3.4343],[-52.1171,3.4332],[-52.1196,3.4296],[-52.1218,3.4237],[-52.124,3.4211],[-52.1267,3.4159],[-52.1293,3.4128],[-52.1312,3.4083],[-52.133,3.4055],[-52.1383,3.3937],[-52.1424,3.3876],[-52.1429,3.3856],[-52.1453,3.3819],[-52.1479,3.3797],[-52.1501,3.3756],[-52.1509,3.3711],[-52.1555,3.3627],[-52.1572,3.3603],[-52.1624,3.3509],[-52.1666,3.348],[-52.1701,3.344],[-52.1739,3.3375],[-52.1737,3.332],[-52.1742,3.3305],[-52.1773,3.3267],[-52.1823,3.3239],[-52.1866,3.32],[-52.1879,3.3175],[-52.1901,3.31],[-52.1926,3.3076],[-52.1923,3.3061],[-52.1891,3.302],[-52.1894,3.2994],[-52.1908,3.2967],[-52.1941,3.2955],[-52.2,3.2908],[-52.2031,3.2875],[-52.2035,3.285],[-52.2066,3.28],[-52.2105,3.2774],[-52.213,3.2725],[-52.2156,3.2686],[-52.2165,3.266],[-52.2232,3.2573],[-52.2232,3.254],[-52.2259,3.2515],[-52.2283,3.2473],[-52.2304,3.2452],[-52.2336,3.2407],[-52.2353,3.2397],[-52.2392,3.2393],[-52.2427,3.2374],[-52.2457,3.239],[-52.247,3.2416],[-52.247,3.2477],[-52.25,3.2508],[-52.2537,3.2518],[-52.2604,3.253],[-52.2632,3.2511],[-52.2639,3.2489],[-52.2635,3.2456],[-52.2646,3.2443],[-52.2723,3.2391],[-52.2739,3.2364],[-52.276,3.2349],[-52.281,3.2336],[-52.2834,3.2308],[-52.2853,3.2305],[-52.2873,3.2283],[-52.2899,3.2279],[-52.2925,3.2264],[-52.2933,3.2172],[-52.2954,3.2122],[-52.2998,3.2055],[-52.3027,3.1999],[-52.3028,3.195],[-52.3012,3.1891],[-52.3012,3.1843],[-52.2993,3.1782],[-52.3002,3.1743],[-52.3032,3.173],[-52.3071,3.1745],[-52.3124,3.1752],[-52.3148,3.174],[-52.3182,3.1711],[-52.321,3.1704],[-52.3305,3.1717],[-52.3316,3.1696],[-52.3295,3.167],[-52.3295,3.1656],[-52.3314,3.1611],[-52.3328,3.1613],[-52.3332,3.1556],[-52.3354,3.1513],[-52.3378,3.1485],[-52.3403,3.1471],[-52.3408,3.1444],[-52.3377,3.1427],[-52.3364,3.1396],[-52.3339,3.1415],[-52.3314,3.1385],[-52.3322,3.136],[-52.3343,3.1345],[-52.3407,3.1351],[-52.3438,3.1345],[-52.3466,3.1365],[-52.3492,3.1351],[-52.3495,3.1332],[-52.3519,3.1301],[-52.3528,3.1265],[-52.3513,3.123],[-52.3493,3.1215],[-52.3454,3.1201],[-52.3422,3.1212],[-52.3392,3.1209],[-52.3382,3.1175],[-52.3427,3.1109],[-52.345,3.1084],[-52.3458,3.1052],[-52.3454,3.0977],[-52.3427,3.0929],[-52.34,3.0918],[-52.3382,3.0887],[-52.3352,3.0874],[-52.3314,3.0847],[-52.3269,3.0804],[-52.3261,3.077],[-52.3277,3.0713],[-52.332,3.066],[-52.3353,3.0597],[-52.3363,3.0569],[-52.3385,3.0535],[-52.3411,3.0512],[-52.3419,3.0484],[-52.3455,3.0424],[-52.3459,3.039],[-52.3487,3.0344],[-52.3497,3.0317],[-52.3515,3.0293],[-52.3526,3.0259],[-52.3525,3.023],[-52.3566,3.0196],[-52.3621,3.0171],[-52.3632,3.0127],[-52.3633,3.0067],[-52.3662,3.0002],[-52.3664,2.9953],[-52.3712,2.9909],[-52.3711,2.9885],[-52.3684,2.9837],[-52.3684,2.9818],[-52.3706,2.9759],[-52.3732,2.9711],[-52.3742,2.9682],[-52.3775,2.9629],[-52.3808,2.9563],[-52.3831,2.9505],[-52.3851,2.9494],[-52.3923,2.9477],[-52.3934,2.9446],[-52.3905,2.9427],[-52.3897,2.9404],[-52.391,2.936],[-52.3927,2.9332],[-52.3949,2.9315],[-52.3954,2.9287],[-52.3944,2.9269],[-52.3904,2.9244],[-52.3895,2.9192],[-52.3882,2.9175],[-52.3816,2.9185],[-52.379,2.9212],[-52.3769,2.9204],[-52.3769,2.9174],[-52.3786,2.9138],[-52.3864,2.905],[-52.3893,2.9008],[-52.3901,2.8982],[-52.3917,2.8973],[-52.3949,2.8968],[-52.3979,2.8974],[-52.4009,2.8969],[-52.4024,2.8977],[-52.4045,2.9008],[-52.408,2.8993],[-52.4097,2.8967],[-52.4097,2.894],[-52.4132,2.893],[-52.4165,2.8939],[-52.4199,2.8931],[-52.4226,2.8903],[-52.4233,2.8871],[-52.4255,2.882],[-52.4299,2.8753],[-52.4314,2.8713],[-52.4344,2.869],[-52.4356,2.8637],[-52.4403,2.8569],[-52.4414,2.8539],[-52.4449,2.85],[-52.4476,2.842],[-52.4502,2.8388],[-52.4516,2.8321],[-52.4531,2.8279],[-52.455,2.8259],[-52.4557,2.8224],[-52.4588,2.8183],[-52.4632,2.8108],[-52.4654,2.8063],[-52.4683,2.8029],[-52.469,2.8008],[-52.4734,2.7939],[-52.4741,2.7871],[-52.475,2.7848],[-52.4778,2.7818],[-52.4781,2.7766],[-52.4759,2.7709],[-52.4772,2.7686],[-52.477,2.767],[-52.4752,2.7649],[-52.4754,2.7634],[-52.4802,2.762],[-52.482,2.7608],[-52.4831,2.7579],[-52.4817,2.7553],[-52.4791,2.7539],[-52.4826,2.7461],[-52.4835,2.7429],[-52.4862,2.7393],[-52.4865,2.7369],[-52.4914,2.7287],[-52.4949,2.7275],[-52.5,2.7213],[-52.4998,2.7169],[-52.5041,2.711],[-52.505,2.7072],[-52.5074,2.7026],[-52.5067,2.6995],[-52.5107,2.6933],[-52.5132,2.6929],[-52.5153,2.6892],[-52.5172,2.6882],[-52.5186,2.6848],[-52.5203,2.6823],[-52.5194,2.6765],[-52.5214,2.6744],[-52.5222,2.6717],[-52.5248,2.6671],[-52.5272,2.6641],[-52.5278,2.6615],[-52.526,2.6598],[-52.5264,2.6585],[-52.529,2.6556],[-52.5293,2.6516],[-52.5313,2.6502],[-52.5334,2.6501],[-52.5358,2.6525],[-52.542,2.6539],[-52.5458,2.6507],[-52.5482,2.6506],[-52.5504,2.6489],[-52.5499,2.6461],[-52.5546,2.641],[-52.5555,2.6395],[-52.5548,2.6361],[-52.5531,2.6344],[-52.5513,2.6312],[-52.5495,2.6306],[-52.5455,2.6309],[-52.5438,2.6285],[-52.5434,2.6249],[-52.5422,2.6219],[-52.5442,2.6159],[-52.5451,2.6145],[-52.5478,2.6146],[-52.5501,2.6121],[-52.5499,2.6109],[-52.5458,2.6085],[-52.5425,2.6076],[-52.5394,2.605],[-52.536,2.6034],[-52.5318,2.5989],[-52.5296,2.5883],[-52.5283,2.5868],[-52.5272,2.5824],[-52.528,2.5806],[-52.5304,2.5791],[-52.5339,2.5749],[-52.5378,2.567],[-52.5384,2.5649],[-52.5378,2.5625],[-52.5357,2.5605],[-52.5369,2.5586],[-52.54,2.5589],[-52.5468,2.5622],[-52.5505,2.5615],[-52.5545,2.5575],[-52.5572,2.5528],[-52.5609,2.5507],[-52.5605,2.5467],[-52.5587,2.5433],[-52.5566,2.5417],[-52.5558,2.534],[-52.5545,2.5317],[-52.5526,2.5313],[-52.5503,2.5324],[-52.5499,2.5292],[-52.5525,2.5263],[-52.5517,2.5208],[-52.5532,2.5195],[-52.5589,2.5196],[-52.5608,2.5178],[-52.5652,2.5163],[-52.5669,2.5138],[-52.5697,2.5112],[-52.571,2.5089],[-52.5746,2.5065],[-52.576,2.504],[-52.5805,2.5007],[-52.5827,2.4983],[-52.584,2.4954],[-52.5871,2.4946],[-52.5886,2.4923],[-52.5872,2.4895],[-52.5878,2.488],[-52.5906,2.487],[-52.5937,2.4815],[-52.594,2.4772],[-52.5976,2.4753],[-52.6006,2.4765],[-52.6034,2.4767],[-52.6044,2.4756],[-52.6077,2.4765],[-52.61,2.4755],[-52.6168,2.4757],[-52.6185,2.4748],[-52.6216,2.4697],[-52.6223,2.4649],[-52.6216,2.462],[-52.6172,2.4598],[-52.6152,2.4579],[-52.6113,2.4555],[-52.6103,2.4525],[-52.6122,2.4504],[-52.6156,2.4483],[-52.6164,2.4456],[-52.6184,2.4451],[-52.6235,2.446],[-52.6259,2.4447],[-52.629,2.4452],[-52.6302,2.4418],[-52.6324,2.4417],[-52.6325,2.4454],[-52.6338,2.4459],[-52.6367,2.4446],[-52.6372,2.443],[-52.6366,2.4401],[-52.6384,2.4395],[-52.641,2.4361],[-52.6443,2.4345],[-52.6463,2.4321],[-52.6455,2.4281],[-52.6434,2.4256],[-52.6444,2.4227],[-52.6439,2.4205],[-52.6447,2.4183],[-52.6478,2.4161],[-52.652,2.4109],[-52.657,2.4041],[-52.6584,2.3992],[-52.6557,2.3985],[-52.6541,2.3957],[-52.6548,2.3915],[-52.6571,2.3897],[-52.6573,2.3866],[-52.6587,2.3821],[-52.6606,2.3807],[-52.6597,2.3784],[-52.6606,2.374],[-52.6623,2.3732],[-52.6647,2.3739],[-52.6693,2.3723],[-52.6702,2.3697],[-52.6738,2.3689],[-52.6763,2.3704],[-52.6802,2.3706],[-52.6861,2.3672],[-52.6897,2.3676],[-52.6922,2.3654],[-52.697,2.3636],[-52.7008,2.3628],[-52.7048,2.3611],[-52.7078,2.3589],[-52.7101,2.3587],[-52.7141,2.3553],[-52.7163,2.3518],[-52.719,2.35],[-52.7182,2.3463],[-52.7168,2.3438],[-52.7192,2.3422],[-52.7221,2.3418],[-52.7258,2.3399],[-52.7338,2.3383],[-52.7353,2.3353],[-52.7398,2.337],[-52.7424,2.3335],[-52.7449,2.3316],[-52.7475,2.3307],[-52.7491,2.3289],[-52.757,2.326],[-52.7647,2.3235],[-52.7648,2.3203],[-52.7666,2.3192],[-52.7681,2.3219],[-52.7699,2.3209],[-52.773,2.315],[-52.7759,2.3143],[-52.7784,2.3179],[-52.7808,2.3159],[-52.7817,2.3121],[-52.7834,2.3098],[-52.785,2.311],[-52.7877,2.3107],[-52.7926,2.3053],[-52.7946,2.3041],[-52.7968,2.3051],[-52.8013,2.302],[-52.8014,2.3002],[-52.8037,2.2996],[-52.8076,2.2999],[-52.8118,2.2969],[-52.8146,2.2966],[-52.8185,2.2947],[-52.8215,2.2952],[-52.8231,2.2941],[-52.8318,2.2926],[-52.8345,2.2927],[-52.835,2.2897],[-52.8368,2.2896],[-52.8395,2.2911],[-52.8421,2.2912],[-52.8429,2.2874],[-52.8393,2.2858],[-52.8382,2.2813],[-52.8442,2.2802],[-52.8467,2.2811],[-52.8484,2.28],[-52.8528,2.2789],[-52.8559,2.2816],[-52.8587,2.2809],[-52.8584,2.2787],[-52.8551,2.2769],[-52.8568,2.2747],[-52.8551,2.2727],[-52.8553,2.2703],[-52.8524,2.2709],[-52.852,2.2681],[-52.854,2.2661],[-52.854,2.2637],[-52.8564,2.2624],[-52.8602,2.2618],[-52.8617,2.2604],[-52.8656,2.2612],[-52.869,2.259],[-52.8714,2.2603],[-52.8726,2.2582],[-52.8714,2.2551],[-52.8717,2.2523],[-52.8734,2.2509],[-52.8729,2.2466],[-52.8748,2.2417],[-52.8772,2.2384],[-52.879,2.238],[-52.8877,2.2384],[-52.8876,2.2365],[-52.8854,2.2329],[-52.8852,2.2301],[-52.887,2.2286],[-52.8876,2.2236],[-52.886,2.2222],[-52.8862,2.2193],[-52.8914,2.2169],[-52.8925,2.2145],[-52.8921,2.2128],[-52.8938,2.2084],[-52.8958,2.2079],[-52.8983,2.2018],[-52.9011,2.1986],[-52.9027,2.1929],[-52.9042,2.1909],[-52.9041,2.1864],[-52.9076,2.1895],[-52.9104,2.188],[-52.9127,2.1919],[-52.9187,2.1924],[-52.9198,2.1933],[-52.9218,2.1904],[-52.9256,2.1903],[-52.9286,2.1916],[-52.9301,2.1899],[-52.9317,2.1932],[-52.9346,2.1943],[-52.9367,2.1914],[-52.9391,2.1899],[-52.938,2.1845],[-52.9383,2.1807],[-52.9408,2.1788],[-52.9491,2.1766],[-52.9568,2.173],[-52.9596,2.1754],[-52.9607,2.174],[-52.9629,2.1739],[-52.968,2.1723],[-52.9696,2.1727],[-52.9753,2.1722],[-52.9761,2.1699],[-52.9778,2.1685],[-52.9809,2.1677],[-52.9821,2.1692],[-52.9849,2.1678],[-52.988,2.1684],[-52.9893,2.1725],[-52.9921,2.1721],[-52.9969,2.1765],[-52.9976,2.1781],[-53.0014,2.1773],[-53.005,2.1795],[-53.0067,2.1792],[-53.0079,2.1774],[-53.0105,2.1797],[-53.0123,2.1783],[-53.0183,2.1821],[-53.0226,2.182],[-53.0241,2.1832],[-53.0261,2.1832],[-53.029,2.1843],[-53.0321,2.187],[-53.0352,2.187],[-53.0389,2.1855],[-53.0416,2.1865],[-53.0421,2.1882],[-53.0473,2.1893],[-53.0503,2.1904],[-53.0529,2.1901],[-53.0561,2.1947],[-53.06,2.1966],[-53.0609,2.1997],[-53.0621,2.2013],[-53.0624,2.2042],[-53.0657,2.2092],[-53.067,2.2095],[-53.0693,2.2128],[-53.0696,2.2145],[-53.0724,2.2158],[-53.0736,2.2187],[-53.0784,2.221],[-53.0797,2.2222],[-53.0833,2.2228],[-53.0856,2.2217],[-53.0901,2.2217],[-53.0925,2.2231],[-53.0937,2.2217],[-53.0986,2.223],[-53.0989,2.2252],[-53.1025,2.2258],[-53.103,2.2239],[-53.1056,2.2246],[-53.1081,2.2231],[-53.1103,2.2247],[-53.1164,2.2236],[-53.1182,2.2243],[-53.1198,2.2232],[-53.1215,2.2241],[-53.123,2.2225],[-53.126,2.2236],[-53.128,2.2225],[-53.1306,2.2255],[-53.1339,2.2254],[-53.1403,2.2224],[-53.1444,2.2193],[-53.1489,2.2193],[-53.1528,2.221],[-53.1557,2.2215],[-53.1587,2.2204],[-53.1602,2.2189],[-53.1602,2.2171],[-53.1627,2.2172],[-53.1673,2.2186],[-53.1707,2.2167],[-53.1732,2.217],[-53.1765,2.2147],[-53.1812,2.2133],[-53.1825,2.2111],[-53.1859,2.2117],[-53.187,2.213],[-53.1908,2.214],[-53.1948,2.2109],[-53.1977,2.2128],[-53.2018,2.2113],[-53.2097,2.2106],[-53.2108,2.2064],[-53.2158,2.2025],[-53.2167,2.2033],[-53.2206,2.2031],[-53.2225,2.2011],[-53.2242,2.2011],[-53.2272,2.2031],[-53.23,2.2039],[-53.2331,2.2058],[-53.2336,2.2083],[-53.2356,2.2103],[-53.2397,2.2103],[-53.2408,2.2111],[-53.2447,2.2111],[-53.2472,2.2103],[-53.2492,2.2083],[-53.2487,2.2036],[-53.2533,2.2003],[-53.2561,2.2003],[-53.2575,2.1989],[-53.2589,2.1958],[-53.2592,2.1933],[-53.2631,2.1892],[-53.2667,2.19],[-53.2685,2.1911],[-53.2705,2.1901],[-53.2738,2.1902],[-53.275,2.191],[-53.277,2.1949],[-53.2804,2.1944],[-53.2815,2.1916],[-53.281,2.1878],[-53.2838,2.1897],[-53.2837,2.1932],[-53.2824,2.1975],[-53.2781,2.1983],[-53.2754,2.2003],[-53.2752,2.2044],[-53.2742,2.2099],[-53.274,2.2152],[-53.2745,2.2169],[-53.2776,2.2169],[-53.2779,2.2193],[-53.2745,2.2213],[-53.2721,2.2221],[-53.2671,2.2211],[-53.2629,2.2197],[-53.2605,2.2235],[-53.2588,2.2247],[-53.2582,2.2274],[-53.2567,2.2303],[-53.259,2.2348],[-53.2594,2.2375],[-53.2583,2.2394],[-53.2581,2.2457],[-53.2599,2.2487],[-53.2559,2.2488],[-53.2518,2.2413],[-53.2424,2.2483],[-53.2385,2.2487],[-53.2382,2.252],[-53.237,2.2521],[-53.234,2.2563],[-53.2308,2.2565],[-53.2295,2.2547],[-53.2269,2.2555],[-53.2274,2.2596],[-53.2268,2.264],[-53.2302,2.2651],[-53.2302,2.2682],[-53.2322,2.2689],[-53.2339,2.2668],[-53.2376,2.27],[-53.2408,2.2686],[-53.2427,2.2695],[-53.2454,2.2692],[-53.256,2.2701],[-53.2596,2.2735],[-53.2601,2.2753],[-53.2602,2.2858],[-53.2663,2.2879],[-53.2679,2.2892],[-53.2679,2.2911],[-53.2716,2.2918],[-53.274,2.2938],[-53.2808,2.3014],[-53.2795,2.3025],[-53.2814,2.305],[-53.2836,2.3039],[-53.286,2.3041],[-53.2922,2.3071],[-53.293,2.3055],[-53.2969,2.3053],[-53.2968,2.3076],[-53.3009,2.307],[-53.3021,2.3105],[-53.3067,2.3131],[-53.3092,2.3158],[-53.31,2.3191],[-53.312,2.3204],[-53.3141,2.3234],[-53.3153,2.327],[-53.3128,2.3282],[-53.3156,2.3324],[-53.3157,2.336],[-53.3172,2.3401],[-53.3192,2.345],[-53.3216,2.343],[-53.3209,2.3411],[-53.3208,2.3375],[-53.3242,2.338],[-53.3277,2.3378],[-53.3282,2.3354],[-53.3319,2.3341],[-53.332,2.3371],[-53.3333,2.3399],[-53.3331,2.346],[-53.3377,2.349],[-53.3408,2.3521],[-53.3439,2.3514],[-53.3459,2.3491],[-53.3467,2.3466],[-53.3507,2.3464],[-53.356,2.3481],[-53.361,2.344],[-53.3611,2.3406],[-53.3587,2.3387],[-53.3582,2.3353],[-53.3597,2.3341],[-53.3579,2.3303],[-53.3591,2.3273],[-53.3612,2.3262],[-53.3619,2.324],[-53.3721,2.313],[-53.3739,2.3118],[-53.3792,2.3129],[-53.3842,2.309],[-53.3868,2.308],[-53.3876,2.3042],[-53.391,2.3038],[-53.394,2.3065],[-53.3996,2.3046],[-53.4029,2.2977],[-53.4043,2.2973],[-53.4054,2.2951],[-53.4045,2.2923],[-53.4057,2.2903],[-53.4116,2.2872],[-53.4137,2.2879],[-53.4168,2.2865],[-53.4188,2.2869],[-53.4215,2.2847],[-53.4237,2.2875],[-53.4265,2.2876],[-53.4308,2.2886],[-53.4321,2.2874],[-53.4309,2.2839],[-53.4313,2.282],[-53.434,2.2828],[-53.436,2.2807],[-53.4379,2.2772],[-53.4403,2.2774],[-53.4456,2.2738],[-53.4448,2.2729],[-53.4448,2.2673],[-53.4474,2.2672],[-53.4507,2.2618],[-53.4506,2.2597],[-53.4536,2.2591],[-53.4545,2.2577],[-53.4587,2.2573],[-53.4615,2.2531],[-53.4648,2.2522],[-53.4675,2.2542],[-53.4689,2.252],[-53.4716,2.2536],[-53.4786,2.2556],[-53.4806,2.2564],[-53.4814,2.2597],[-53.484,2.2621],[-53.4897,2.2618],[-53.4907,2.2581],[-53.492,2.2568],[-53.4952,2.2573],[-53.4958,2.2605],[-53.5017,2.2581],[-53.5057,2.2584],[-53.5105,2.2569],[-53.5127,2.2575],[-53.5151,2.2611],[-53.5197,2.2609],[-53.5214,2.2589],[-53.524,2.2589],[-53.5251,2.2567],[-53.525,2.2539],[-53.5259,2.2529],[-53.5319,2.2513],[-53.5351,2.2517],[-53.5375,2.2565],[-53.5401,2.2549],[-53.542,2.2521],[-53.5429,2.255],[-53.5447,2.2554],[-53.5467,2.2525],[-53.549,2.2525],[-53.5492,2.2547],[-53.5525,2.2571],[-53.5548,2.2572],[-53.5574,2.2601],[-53.5593,2.2609],[-53.5585,2.2627],[-53.56,2.2647],[-53.5641,2.2645],[-53.5668,2.2637],[-53.5675,2.2671],[-53.5725,2.2674],[-53.5744,2.2686],[-53.5784,2.2677],[-53.579,2.2699],[-53.5818,2.2681],[-53.5815,2.2631],[-53.5866,2.2632],[-53.5882,2.2693],[-53.5902,2.2718],[-53.5929,2.2719],[-53.5978,2.2742],[-53.5983,2.2768],[-53.6005,2.2792],[-53.6044,2.2807],[-53.6083,2.2777],[-53.61,2.2787],[-53.6093,2.281],[-53.6121,2.2808],[-53.6128,2.278],[-53.6153,2.2768],[-53.6175,2.2731],[-53.6192,2.2725],[-53.6204,2.2748],[-53.6235,2.2756],[-53.6232,2.2789],[-53.6281,2.28],[-53.6309,2.2794],[-53.6338,2.2766],[-53.6373,2.277],[-53.6406,2.2799],[-53.6433,2.2798],[-53.6447,2.2778],[-53.6525,2.2782],[-53.6569,2.2795],[-53.6576,2.2845],[-53.6564,2.2851],[-53.6547,2.2883],[-53.6545,2.2925],[-53.6519,2.2945],[-53.6518,2.2957],[-53.6544,2.2984],[-53.6586,2.2974],[-53.6605,2.2954],[-53.6632,2.297],[-53.6634,2.301],[-53.6646,2.3018],[-53.6689,2.3017],[-53.6702,2.3035],[-53.6725,2.3017],[-53.6743,2.2972],[-53.6778,2.2963],[-53.679,2.2978],[-53.6824,2.3],[-53.684,2.2983],[-53.6814,2.2966],[-53.6813,2.295],[-53.6828,2.2928],[-53.6858,2.2925],[-53.6892,2.2952],[-53.6886,2.2982],[-53.6905,2.2989],[-53.6917,2.3025],[-53.6904,2.3062],[-53.692,2.3082],[-53.6946,2.3092],[-53.697,2.3089],[-53.6989,2.3112],[-53.7039,2.3111],[-53.7049,2.3085],[-53.7043,2.3054],[-53.7105,2.306],[-53.7124,2.31],[-53.7148,2.3105],[-53.7189,2.309],[-53.7226,2.3125],[-53.7237,2.31],[-53.7269,2.3111],[-53.729,2.3109],[-53.7302,2.3068],[-53.7312,2.3054],[-53.7343,2.3051],[-53.7396,2.3058],[-53.7468,2.3114],[-53.7448,2.3123],[-53.7452,2.3141],[-53.7479,2.3157],[-53.7477,2.3198],[-53.7454,2.3199],[-53.7415,2.3216],[-53.7376,2.3209],[-53.7344,2.3215],[-53.7334,2.3242],[-53.7354,2.3266],[-53.7383,2.3324],[-53.7341,2.3355],[-53.7295,2.3361],[-53.726,2.3388],[-53.7231,2.3441],[-53.7208,2.3499],[-53.7232,2.3496],[-53.7285,2.3479],[-53.7286,2.3525],[-53.7332,2.3566],[-53.7343,2.3592],[-53.736,2.3581],[-53.7382,2.3611],[-53.7401,2.3591],[-53.7425,2.3584],[-53.7442,2.355],[-53.7469,2.3558],[-53.747,2.3579],[-53.7506,2.3578],[-53.7517,2.36],[-53.7498,2.3623],[-53.7447,2.364],[-53.7387,2.3655],[-53.7373,2.3665],[-53.7361,2.3724],[-53.7381,2.374],[-53.7418,2.3734],[-53.7434,2.3695],[-53.7457,2.37],[-53.7511,2.3697],[-53.7565,2.3716],[-53.7565,2.3738],[-53.7576,2.3752],[-53.7607,2.3741],[-53.766,2.3756],[-53.7691,2.3754],[-53.7703,2.3741],[-53.7708,2.3707],[-53.7737,2.3688],[-53.7767,2.3702],[-53.7798,2.3703],[-53.785,2.3676],[-53.7818,2.3622],[-53.7824,2.3612],[-53.7893,2.3611],[-53.7899,2.3624],[-53.7969,2.3615],[-53.7982,2.3594],[-53.7998,2.3542],[-53.8069,2.354],[-53.8105,2.3523],[-53.8089,2.349],[-53.8096,2.3465],[-53.8089,2.3452],[-53.8096,2.3411],[-53.8171,2.3376],[-53.8196,2.3361],[-53.8223,2.3353],[-53.8271,2.3354],[-53.8326,2.3337],[-53.8348,2.3319],[-53.8358,2.327],[-53.8325,2.3271],[-53.831,2.3245],[-53.8289,2.3232],[-53.8225,2.3234],[-53.8197,2.3248],[-53.8148,2.3218],[-53.8146,2.3182],[-53.8136,2.3168],[-53.813,2.3118],[-53.8169,2.3104],[-53.8192,2.3104],[-53.8225,2.3125],[-53.8247,2.3083],[-53.831,2.3082],[-53.8332,2.3055],[-53.8353,2.3055],[-53.8382,2.3021],[-53.8401,2.3023],[-53.8428,2.3046],[-53.8485,2.303],[-53.8527,2.3037],[-53.8528,2.3078],[-53.8537,2.3088],[-53.8556,2.3133],[-53.8575,2.312],[-53.8617,2.3107],[-53.8624,2.3077],[-53.8643,2.3045],[-53.8669,2.3045],[-53.8675,2.3067],[-53.8711,2.3086],[-53.8736,2.3075],[-53.8787,2.3087],[-53.8827,2.3088],[-53.8849,2.3029],[-53.8862,2.2977],[-53.8873,2.2966],[-53.8857,2.2932],[-53.8835,2.2872],[-53.8858,2.2861],[-53.8859,2.2836],[-53.8886,2.2826],[-53.8889,2.2784],[-53.8852,2.2751],[-53.8866,2.2729],[-53.8881,2.2731],[-53.8893,2.2712],[-53.8917,2.2717],[-53.892,2.2768],[-53.894,2.2763],[-53.8965,2.273],[-53.8959,2.2682],[-53.8973,2.2674],[-53.9013,2.2675],[-53.9023,2.2662],[-53.9029,2.2627],[-53.905,2.2609],[-53.9081,2.2612],[-53.9108,2.2605],[-53.915,2.262],[-53.9145,2.2649],[-53.9151,2.2693],[-53.9116,2.2716],[-53.9124,2.2756],[-53.9151,2.2782],[-53.9184,2.2771],[-53.9196,2.2781],[-53.9239,2.2742],[-53.9263,2.2752],[-53.9285,2.2774],[-53.9307,2.2784],[-53.9308,2.2813],[-53.9344,2.2811],[-53.935,2.2778],[-53.9386,2.2746],[-53.9344,2.2733],[-53.9336,2.2694],[-53.9362,2.2675],[-53.9365,2.2635],[-53.938,2.2612],[-53.9413,2.2594],[-53.9393,2.2538],[-53.9342,2.2476],[-53.9378,2.2426],[-53.9328,2.2371],[-53.9364,2.2341],[-53.9397,2.2346],[-53.9411,2.2327],[-53.9414,2.2276],[-53.9411,2.2231],[-53.9401,2.2207],[-53.9423,2.2191],[-53.9439,2.2156],[-53.9452,2.2152],[-53.9499,2.2184],[-53.9508,2.2205],[-53.9526,2.2188],[-53.9558,2.2171],[-53.9585,2.2173],[-53.9618,2.2191],[-53.9644,2.2185],[-53.9664,2.2161],[-53.9675,2.2134],[-53.9703,2.2119],[-53.9725,2.2087],[-53.9731,2.2064],[-53.9778,2.2065],[-53.98,2.2073],[-53.9824,2.2093],[-53.9869,2.2082],[-53.9895,2.2091],[-53.992,2.208],[-53.9941,2.2054],[-53.9968,2.2043],[-53.999,2.2005],[-54.0003,2.2007],[-54.002,2.2036],[-54.0043,2.204],[-54.0037,2.1976],[-54.006,2.1961],[-54.0087,2.1899],[-54.0102,2.1883],[-54.0126,2.188],[-54.0142,2.1865],[-54.0159,2.1825],[-54.0208,2.1824],[-54.0235,2.1813],[-54.0251,2.1859],[-54.0268,2.1873],[-54.0294,2.185],[-54.0331,2.1884],[-54.0389,2.1874],[-54.0424,2.1873],[-54.0461,2.1865],[-54.0488,2.1891],[-54.0529,2.1898],[-54.0555,2.1895],[-54.0579,2.1921],[-54.0579,2.1962],[-54.0588,2.1979],[-54.0621,2.1965],[-54.0654,2.1968],[-54.0664,2.1899],[-54.0729,2.1834],[-54.0723,2.1787],[-54.0762,2.1767],[-54.0781,2.1743],[-54.0809,2.1746],[-54.0829,2.1725],[-54.083,2.1701],[-54.0815,2.1659],[-54.0825,2.163],[-54.0844,2.1617],[-54.0863,2.1584],[-54.0879,2.1536],[-54.0845,2.1505],[-54.0858,2.1457],[-54.0882,2.1447],[-54.087,2.1417],[-54.0837,2.1402],[-54.0843,2.1362],[-54.0879,2.1368],[-54.0897,2.1393],[-54.0932,2.1401],[-54.0935,2.1372],[-54.0954,2.1321],[-54.0985,2.1315],[-54.0987,2.1285],[-54.1011,2.1278],[-54.1065,2.121],[-54.1045,2.1172],[-54.1027,2.1163],[-54.1011,2.1127],[-54.1014,2.1117],[-54.1069,2.1111],[-54.1094,2.1151],[-54.1121,2.1176],[-54.1155,2.1175],[-54.1176,2.1187],[-54.1191,2.1217],[-54.1235,2.1217],[-54.1249,2.1233],[-54.1272,2.124],[-54.1281,2.1224],[-54.1307,2.1206],[-54.1354,2.1219],[-54.1395,2.1176],[-54.1386,2.1157],[-54.1421,2.113],[-54.1447,2.1178],[-54.1443,2.1204],[-54.1477,2.1216],[-54.15,2.1195],[-54.1529,2.1199],[-54.1548,2.1222],[-54.1579,2.122],[-54.1594,2.1235],[-54.1574,2.1271],[-54.1588,2.1292],[-54.1637,2.1294],[-54.1663,2.1279],[-54.1683,2.1293],[-54.1686,2.1328],[-54.1723,2.1349],[-54.1741,2.1367],[-54.1744,2.1404],[-54.1733,2.1447],[-54.1749,2.1472],[-54.1755,2.1498],[-54.1791,2.1494],[-54.1819,2.1516],[-54.1816,2.1549],[-54.1835,2.1585],[-54.1837,2.1617],[-54.1856,2.1656],[-54.185,2.1682],[-54.1851,2.1732],[-54.184,2.1744],[-54.1837,2.178],[-54.1869,2.1788],[-54.1892,2.1784],[-54.1902,2.1766],[-54.1903,2.1713],[-54.1939,2.1699],[-54.1965,2.168],[-54.1992,2.1681],[-54.2013,2.1669],[-54.2016,2.1651],[-54.2036,2.1631],[-54.2065,2.1621],[-54.2105,2.1595],[-54.2124,2.157],[-54.2155,2.1585],[-54.2199,2.1537],[-54.2241,2.1498],[-54.2256,2.1498],[-54.2283,2.1522],[-54.2299,2.1524],[-54.2321,2.1505],[-54.2399,2.1518],[-54.2436,2.1542],[-54.2452,2.156],[-54.2483,2.155],[-54.251,2.1533],[-54.2541,2.1557],[-54.2575,2.1545],[-54.2613,2.1493],[-54.2649,2.1477],[-54.2655,2.1455],[-54.2673,2.1443],[-54.2707,2.1445],[-54.2724,2.1462],[-54.2804,2.1464],[-54.2821,2.1473],[-54.2883,2.1477],[-54.2923,2.1501],[-54.3015,2.1533],[-54.3034,2.1553],[-54.3086,2.1544],[-54.3109,2.1575],[-54.3138,2.1581],[-54.3162,2.1575],[-54.3185,2.1593],[-54.3204,2.1595],[-54.3223,2.1553],[-54.3248,2.1543],[-54.3267,2.1555],[-54.329,2.1543],[-54.3319,2.1551],[-54.3419,2.1518],[-54.3432,2.1526],[-54.3427,2.1548],[-54.3437,2.1569],[-54.3442,2.1605],[-54.3403,2.1657],[-54.3391,2.1693],[-54.3411,2.1709],[-54.3441,2.1707],[-54.3482,2.1737],[-54.3505,2.173],[-54.3508,2.1705],[-54.3532,2.1706],[-54.3543,2.1723],[-54.3579,2.1751],[-54.3607,2.1749],[-54.363,2.1797],[-54.3624,2.183],[-54.3647,2.1847],[-54.3648,2.1869],[-54.3611,2.1881],[-54.361,2.1905],[-54.3623,2.1945],[-54.3577,2.1973],[-54.3571,2.2009],[-54.3545,2.2027],[-54.3564,2.2062],[-54.3594,2.2074],[-54.3604,2.2096],[-54.3627,2.2117],[-54.3667,2.208],[-54.37,2.2059],[-54.3732,2.2054],[-54.3761,2.2034],[-54.3798,2.2026],[-54.3815,2.2033],[-54.3832,2.2055],[-54.3857,2.206],[-54.3875,2.2046],[-54.3906,2.2051],[-54.393,2.2025],[-54.3959,2.2009],[-54.3974,2.197],[-54.4024,2.1977],[-54.4055,2.199],[-54.4074,2.1974],[-54.411,2.1986],[-54.416,2.1949],[-54.4196,2.1971],[-54.421,2.2005],[-54.4191,2.2045],[-54.4159,2.2079],[-54.4188,2.2119],[-54.4267,2.2145],[-54.43,2.2145],[-54.4325,2.2137],[-54.4354,2.2105],[-54.4376,2.2095],[-54.4408,2.2058],[-54.4422,2.2049],[-54.4474,2.2042],[-54.4489,2.2035],[-54.4528,2.2055],[-54.4532,2.2077],[-54.4567,2.2098],[-54.4609,2.2075],[-54.4651,2.2094],[-54.4693,2.212],[-54.4713,2.2121],[-54.4727,2.2143],[-54.4769,2.2133],[-54.4781,2.2162],[-54.4776,2.221],[-54.4763,2.2255],[-54.4779,2.2285],[-54.4831,2.2292],[-54.4855,2.2334],[-54.491,2.2329],[-54.493,2.2312],[-54.4961,2.2331],[-54.4961,2.2363],[-54.4986,2.2405],[-54.4956,2.2428],[-54.4944,2.2445],[-54.496,2.2458],[-54.4959,2.2486],[-54.4987,2.2496],[-54.4995,2.2523],[-54.5009,2.2524],[-54.5053,2.255],[-54.5084,2.2546],[-54.5108,2.2533],[-54.5144,2.2527],[-54.5206,2.2525],[-54.5228,2.252],[-54.5254,2.2555],[-54.5258,2.2582],[-54.5276,2.2611],[-54.531,2.2615],[-54.5339,2.2604],[-54.5359,2.2607],[-54.54,2.264],[-54.5412,2.2662],[-54.5489,2.27],[-54.5478,2.2725],[-54.5453,2.2721],[-54.5393,2.2725],[-54.5329,2.2742],[-54.5293,2.2756],[-54.5268,2.2788],[-54.525,2.2787],[-54.5215,2.2772],[-54.5174,2.2767],[-54.5145,2.2779],[-54.5139,2.2808],[-54.5165,2.2849],[-54.5174,2.2873],[-54.5197,2.2895],[-54.5273,2.2902],[-54.5291,2.2913],[-54.5337,2.2925],[-54.5359,2.2968],[-54.5354,2.3001],[-54.5371,2.3017],[-54.5387,2.3052],[-54.5366,2.3075],[-54.5366,2.3102],[-54.5342,2.3114],[-54.5326,2.3157],[-54.5329,2.3173],[-54.5358,2.3199],[-54.539,2.3207],[-54.5389,2.3245],[-54.5431,2.3268],[-54.5452,2.3258],[-54.5495,2.3253],[-54.5512,2.3262],[-54.5545,2.3256],[-54.5556,2.3298],[-54.5575,2.3301],[-54.5609,2.327],[-54.5674,2.3259],[-54.5711,2.3277],[-54.5756,2.3273],[-54.5789,2.3243],[-54.5842,2.324],[-54.587,2.3217],[-54.5918,2.325],[-54.5933,2.3295],[-54.5961,2.3322],[-54.5983,2.3334],[-54.6023,2.3335],[-54.6015,2.3366],[-54.5982,2.3388],[-54.5967,2.3415],[-54.5931,2.3411],[-54.5917,2.3436],[-54.5937,2.3464],[-54.593,2.3483],[-54.5905,2.3519],[-54.5878,2.3519],[-54.5847,2.3495],[-54.5792,2.3497],[-54.5761,2.3519],[-54.5756,2.3536],[-54.5697,2.3542],[-54.5681,2.3531],[-54.5636,2.3525],[-54.5628,2.3517],[-54.5583,2.3517],[-54.5522,2.3486],[-54.5503,2.3486],[-54.5486,2.3469],[-54.5453,2.3464],[-54.5433,2.3444],[-54.5394,2.3431],[-54.5378,2.3414],[-54.5353,2.3414],[-54.5333,2.3392],[-54.5336,2.3336],[-54.5289,2.3322],[-54.5253,2.3331],[-54.5222,2.3369],[-54.51,2.3367],[-54.5086,2.3358],[-54.5064,2.3381],[-54.5056,2.3422],[-54.5072,2.3447],[-54.5081,2.3475],[-54.5075,2.3489],[-54.5092,2.3506],[-54.51,2.3531],[-54.51,2.3583],[-54.5116,2.36],[-54.5114,2.3642],[-54.5103,2.3653],[-54.5103,2.3714],[-54.505,2.3775],[-54.5056,2.3819],[-54.505,2.3911],[-54.5019,2.3953],[-54.5019,2.3969],[-54.5003,2.3986],[-54.5,2.4017],[-54.4961,2.4056],[-54.4936,2.4067],[-54.4903,2.4097],[-54.4881,2.4097],[-54.4856,2.4122],[-54.4839,2.4192],[-54.4814,2.4231],[-54.4778,2.4267],[-54.4754,2.43],[-54.475,2.4318],[-54.476,2.4353],[-54.4749,2.4363],[-54.47,2.4352],[-54.4684,2.4333],[-54.4656,2.4353],[-54.4615,2.4355],[-54.4585,2.4328],[-54.4566,2.4357],[-54.4547,2.4327],[-54.4523,2.4334],[-54.4507,2.4352],[-54.4479,2.4351],[-54.4456,2.433],[-54.4434,2.4337],[-54.4393,2.4307],[-54.4373,2.4305],[-54.4333,2.4358],[-54.4309,2.4375],[-54.4287,2.4365],[-54.4249,2.4381],[-54.4204,2.4363],[-54.4167,2.4403],[-54.4153,2.4449],[-54.412,2.4454],[-54.4113,2.4477],[-54.4117,2.4506],[-54.4089,2.45],[-54.4078,2.4523],[-54.4057,2.4546],[-54.4031,2.4556],[-54.4034,2.4575],[-54.4018,2.4617],[-54.3984,2.4627],[-54.3994,2.4655],[-54.3992,2.4677],[-54.396,2.4689],[-54.3922,2.4672],[-54.3885,2.4702],[-54.3871,2.4703],[-54.3875,2.4771],[-54.3891,2.4807],[-54.3863,2.4823],[-54.3864,2.4849],[-54.3824,2.4869],[-54.3802,2.4853],[-54.3775,2.4868],[-54.3774,2.4879],[-54.3746,2.4893],[-54.3728,2.4912],[-54.3743,2.4928],[-54.3745,2.496],[-54.3738,2.5004],[-54.3724,2.5051],[-54.37,2.5089],[-54.3663,2.5096],[-54.3629,2.5081],[-54.3604,2.509],[-54.3606,2.5147],[-54.3623,2.5174],[-54.361,2.5206],[-54.3599,2.5172],[-54.3569,2.5174],[-54.3553,2.5168],[-54.3529,2.5186],[-54.3512,2.5228],[-54.3486,2.5256],[-54.3516,2.529],[-54.3487,2.5323],[-54.3464,2.5322],[-54.3442,2.5372],[-54.345,2.5407],[-54.3435,2.5428],[-54.3448,2.5479],[-54.3465,2.549],[-54.3461,2.5518],[-54.343,2.5525],[-54.3436,2.5554],[-54.347,2.5552],[-54.3484,2.5568],[-54.3445,2.5575],[-54.3433,2.5635],[-54.3412,2.5654],[-54.34,2.5636],[-54.3374,2.5652],[-54.3352,2.5652],[-54.3307,2.5698],[-54.3304,2.5723],[-54.3282,2.5745],[-54.3276,2.5761],[-54.3301,2.5775],[-54.3278,2.5848],[-54.3281,2.5872],[-54.3239,2.5893],[-54.3209,2.595],[-54.3226,2.5983],[-54.322,2.6042],[-54.3201,2.6064],[-54.3182,2.6069],[-54.319,2.6112],[-54.3161,2.6103],[-54.3162,2.6136],[-54.3128,2.6133],[-54.3127,2.6175],[-54.3156,2.6176],[-54.3171,2.6195],[-54.3175,2.6283],[-54.316,2.6302],[-54.3127,2.6313],[-54.3112,2.6337],[-54.3101,2.6375],[-54.3077,2.64],[-54.3076,2.6423],[-54.3049,2.6456],[-54.3017,2.6474],[-54.3017,2.6493],[-54.2993,2.6493],[-54.296,2.6515],[-54.2909,2.6606],[-54.2859,2.6638],[-54.2822,2.6628],[-54.2807,2.6641],[-54.2803,2.6664],[-54.2786,2.6701],[-54.2765,2.6717],[-54.2745,2.6754],[-54.2749,2.6778],[-54.2768,2.6794],[-54.2778,2.6834],[-54.276,2.6858],[-54.2708,2.6851],[-54.2674,2.6857],[-54.2659,2.687],[-54.2664,2.6888],[-54.2711,2.6902],[-54.2729,2.6927],[-54.2713,2.6963],[-54.2698,2.7023],[-54.2698,2.7051],[-54.2663,2.7166],[-54.2661,2.7199],[-54.2643,2.7237],[-54.2616,2.7256],[-54.2568,2.73],[-54.2516,2.73],[-54.2468,2.7315],[-54.2444,2.7334],[-54.2458,2.7367],[-54.2455,2.7388],[-54.2407,2.7423],[-54.2396,2.744],[-54.2371,2.7453],[-54.2352,2.7473],[-54.2357,2.7503],[-54.2334,2.7509],[-54.2288,2.7497],[-54.2229,2.754],[-54.2226,2.7555],[-54.2255,2.7576],[-54.2258,2.7611],[-54.2235,2.7636],[-54.2219,2.7638],[-54.221,2.7617],[-54.2191,2.7607],[-54.217,2.761],[-54.2174,2.765],[-54.2133,2.7693],[-54.2127,2.7729],[-54.2087,2.7766],[-54.2081,2.7793],[-54.2108,2.7895],[-54.2082,2.7938],[-54.204,2.7946],[-54.2027,2.7988],[-54.198,2.8039],[-54.2007,2.8076],[-54.2037,2.813],[-54.2034,2.8161],[-54.2056,2.8186],[-54.2053,2.8217],[-54.2027,2.8241],[-54.2029,2.8264],[-54.2081,2.8274],[-54.2078,2.8312],[-54.2031,2.8318],[-54.2002,2.8343],[-54.1969,2.835],[-54.1968,2.8322],[-54.1951,2.831],[-54.1932,2.8321],[-54.1895,2.8355],[-54.1864,2.8373],[-54.1857,2.8392],[-54.1865,2.8417],[-54.1832,2.8464],[-54.1824,2.8509],[-54.1831,2.8548],[-54.1801,2.8565],[-54.1794,2.8585],[-54.181,2.8647],[-54.183,2.8661],[-54.1851,2.8658],[-54.1881,2.8668],[-54.1907,2.8696],[-54.1916,2.8723],[-54.1931,2.8802],[-54.1952,2.885],[-54.1948,2.8867],[-54.192,2.8891],[-54.1931,2.8915],[-54.191,2.8938],[-54.1914,2.8979],[-54.1903,2.8997],[-54.1857,2.9044],[-54.1865,2.9069],[-54.185,2.9123],[-54.1849,2.9152],[-54.1857,2.9172],[-54.1913,2.9193],[-54.1925,2.921],[-54.1911,2.9253],[-54.189,2.9254],[-54.1857,2.9277],[-54.1829,2.9269],[-54.1791,2.9284],[-54.1765,2.9338],[-54.1732,2.9381],[-54.1723,2.9425],[-54.1777,2.9447],[-54.1794,2.9465],[-54.1784,2.948],[-54.176,2.9465],[-54.174,2.9468],[-54.172,2.949],[-54.1725,2.9517],[-54.1752,2.9531],[-54.1759,2.9577],[-54.1746,2.9591],[-54.1745,2.9618],[-54.1716,2.9655],[-54.167,2.9652],[-54.1645,2.9645],[-54.162,2.9657],[-54.1605,2.9683],[-54.1619,2.9694],[-54.1626,2.9725],[-54.1648,2.9735],[-54.1681,2.9738],[-54.1701,2.9732],[-54.1756,2.9754],[-54.1773,2.9766],[-54.1784,2.9794],[-54.1814,2.9837],[-54.1809,2.9916],[-54.1818,2.9946],[-54.1851,2.9982],[-54.1854,3.0001],[-54.1821,3.0017],[-54.1797,3.0003],[-54.1772,3.0011],[-54.1756,3.0037],[-54.1735,3.0043],[-54.1699,3.0069],[-54.1715,3.0093],[-54.1717,3.0116],[-54.1701,3.0132],[-54.1696,3.0156],[-54.1703,3.0194],[-54.1732,3.0256],[-54.1765,3.029],[-54.1778,3.0324],[-54.1784,3.0383],[-54.1821,3.0414],[-54.1825,3.0474],[-54.1851,3.0519],[-54.1882,3.0537],[-54.1902,3.0538],[-54.1922,3.0555],[-54.1925,3.0615],[-54.1943,3.0636],[-54.1946,3.0653],[-54.192,3.0675],[-54.1907,3.0696],[-54.1837,3.0734],[-54.1805,3.0736],[-54.1777,3.0721],[-54.1744,3.0723],[-54.1735,3.0782],[-54.1738,3.0812],[-54.1754,3.0828],[-54.1792,3.0835],[-54.1812,3.0867],[-54.1811,3.0908],[-54.1788,3.0963],[-54.1769,3.0978],[-54.1741,3.1041],[-54.1737,3.1077],[-54.1744,3.1093],[-54.1779,3.1095],[-54.1793,3.1126],[-54.1795,3.1153],[-54.1787,3.1206],[-54.1789,3.1228],[-54.1818,3.1253],[-54.1839,3.1259],[-54.1848,3.1291],[-54.1827,3.1332],[-54.183,3.1352],[-54.1857,3.1355],[-54.1881,3.1326],[-54.1896,3.1329],[-54.1918,3.135],[-54.1939,3.1352],[-54.1956,3.1338],[-54.1966,3.1264],[-54.1985,3.1238],[-54.2036,3.1264],[-54.2074,3.1263],[-54.2114,3.1277],[-54.2143,3.1328],[-54.2141,3.1364],[-54.2101,3.1366],[-54.2021,3.1412],[-54.2007,3.1426],[-54.2014,3.1443],[-54.2039,3.1442],[-54.2068,3.1426],[-54.2112,3.1437],[-54.2116,3.1457],[-54.2141,3.1511],[-54.2139,3.1533],[-54.2123,3.1552],[-54.2083,3.1538],[-54.2031,3.1576],[-54.201,3.1609],[-54.2011,3.1637],[-54.2024,3.1643],[-54.2041,3.1681],[-54.2022,3.1753],[-54.1989,3.1762],[-54.1984,3.179],[-54.1989,3.1827],[-54.197,3.1848],[-54.1957,3.1884],[-54.1964,3.1922],[-54.1947,3.1932],[-54.1946,3.1962],[-54.1915,3.1985],[-54.1888,3.2016],[-54.1891,3.2063],[-54.187,3.208],[-54.1854,3.2068],[-54.1818,3.2073],[-54.1753,3.2061],[-54.174,3.2075],[-54.1725,3.2137],[-54.1715,3.2153],[-54.1676,3.2172],[-54.1668,3.2199],[-54.1666,3.2245],[-54.1633,3.2297],[-54.1584,3.2305],[-54.1537,3.2329],[-54.1527,3.236],[-54.1528,3.2401],[-54.1519,3.2421],[-54.1515,3.2467],[-54.1486,3.2479],[-54.1449,3.2508],[-54.1427,3.2573],[-54.1406,3.2593],[-54.1363,3.266],[-54.1346,3.2671],[-54.1314,3.2678],[-54.1266,3.2701],[-54.1219,3.2719],[-54.12,3.2816],[-54.118,3.2847],[-54.1136,3.2864],[-54.1115,3.2866],[-54.1082,3.2895],[-54.1042,3.2941],[-54.1005,3.3004],[-54.0979,3.2995],[-54.0935,3.2951],[-54.0905,3.2934],[-54.0863,3.2922],[-54.0859,3.2939],[-54.0809,3.2925],[-54.0793,3.2953],[-54.0748,3.299],[-54.0739,3.3014],[-54.0699,3.3027],[-54.0643,3.3127],[-54.0635,3.3163],[-54.0642,3.319],[-54.0672,3.3243],[-54.0654,3.3314],[-54.0631,3.3333],[-54.0636,3.3411],[-54.0613,3.3491],[-54.0583,3.3519],[-54.057,3.354],[-54.0561,3.3585],[-54.0542,3.3617],[-54.0536,3.3677],[-54.054,3.3715],[-54.0553,3.374],[-54.0591,3.378],[-54.06,3.3816],[-54.0594,3.3844],[-54.0567,3.3861],[-54.0536,3.3855],[-54.0502,3.3857],[-54.0479,3.3872],[-54.0459,3.391],[-54.0415,3.3951],[-54.0363,3.403],[-54.0308,3.4069],[-54.0281,3.4074],[-54.026,3.4091],[-54.0224,3.4108],[-54.0193,3.4143],[-54.0147,3.4239],[-54.0121,3.426],[-54.0122,3.4274],[-54.0149,3.4318],[-54.0192,3.4361],[-54.0201,3.4421],[-54.0196,3.4458],[-54.018,3.4474],[-54.0145,3.4474],[-54.013,3.4497],[-54.016,3.4543],[-54.0169,3.4578],[-54.0136,3.4611],[-54.0104,3.463],[-54.0084,3.4665],[-54.0081,3.4778],[-54.0083,3.4865],[-54.0089,3.4919],[-54.0084,3.504],[-54.0077,3.5078],[-54.0049,3.5152],[-54.0007,3.522],[-53.9997,3.5249],[-54.0005,3.5277],[-54.0039,3.5292],[-54.0078,3.5332],[-54.0094,3.537],[-54.0091,3.5392],[-54.0053,3.5433],[-54.0048,3.5449],[-54.0055,3.5494],[-54.005,3.5542],[-54.0067,3.5574],[-54.0081,3.5625],[-54.008,3.5669],[-54.0061,3.5697],[-54.0015,3.5702],[-53.9987,3.5714],[-53.9953,3.5747],[-53.989,3.5785],[-53.9857,3.5817],[-53.9838,3.5883],[-53.9849,3.5934],[-53.9845,3.5962],[-53.983,3.6008],[-53.9805,3.604],[-53.98,3.6072],[-53.9826,3.6104],[-53.9872,3.613],[-53.9912,3.6174],[-53.9918,3.6195],[-53.9917,3.6245],[-53.9928,3.6278],[-53.995,3.6311],[-53.9982,3.6375],[-54.0016,3.641],[-54.0048,3.6471],[-54.01,3.6502],[-54.0119,3.6507],[-54.0156,3.6504],[-54.0241,3.6457],[-54.0264,3.6421],[-54.0256,3.6383],[-54.0269,3.6343],[-54.0296,3.6318],[-54.0325,3.6307],[-54.037,3.6307],[-54.0439,3.6329],[-54.0499,3.6344],[-54.0513,3.6354],[-54.0521,3.6408],[-54.05,3.6465],[-54.0501,3.6515],[-54.0513,3.6546],[-54.0529,3.6567],[-54.0571,3.6602],[-54.0657,3.6647],[-54.0708,3.6684],[-54.0756,3.6703],[-54.0779,3.67],[-54.0823,3.6736],[-54.0838,3.6769],[-54.084,3.6808],[-54.0851,3.6851],[-54.0864,3.6866],[-54.0865,3.6906],[-54.0854,3.6937],[-54.0817,3.6996],[-54.0795,3.7047],[-54.0786,3.7082],[-54.0786,3.7121],[-54.0798,3.7165],[-54.0837,3.7231],[-54.0897,3.7275],[-54.0947,3.7319],[-54.0962,3.734],[-54.0971,3.7381],[-54.0992,3.7452],[-54.101,3.7522],[-54.1056,3.7594],[-54.1111,3.7654],[-54.1133,3.769],[-54.114,3.775],[-54.1157,3.7803],[-54.1183,3.7849],[-54.1197,3.7902],[-54.1271,3.798],[-54.1297,3.7998],[-54.1339,3.8006],[-54.1405,3.8026],[-54.1492,3.8043],[-54.1526,3.8042],[-54.1604,3.8056],[-54.1676,3.805],[-54.1726,3.8026],[-54.1777,3.8018],[-54.1816,3.8007],[-54.1856,3.8005],[-54.1914,3.8009],[-54.1946,3.8033],[-54.1973,3.8068],[-54.1999,3.8141],[-54.2009,3.8224],[-54.2003,3.8259],[-54.1976,3.8299],[-54.1941,3.8321],[-54.1905,3.8366],[-54.1895,3.8412],[-54.1903,3.845],[-54.1936,3.8494],[-54.1952,3.8507],[-54.2003,3.8527],[-54.2051,3.8531],[-54.2108,3.8563],[-54.2179,3.8566],[-54.2248,3.8558],[-54.2335,3.8579],[-54.2371,3.8613],[-54.2401,3.8666],[-54.2416,3.8722],[-54.244,3.8768],[-54.2459,3.8793],[-54.2485,3.884],[-54.2508,3.8873],[-54.251,3.8906],[-54.2519,3.894],[-54.2521,3.8995],[-54.2529,3.901],[-54.2561,3.9033],[-54.2616,3.9096],[-54.2694,3.9135],[-54.273,3.9168],[-54.276,3.9207],[-54.2773,3.9212],[-54.2783,3.9239],[-54.2824,3.9277],[-54.2829,3.9314],[-54.2843,3.9329],[-54.2843,3.9348],[-54.2858,3.9374],[-54.2856,3.9424],[-54.2835,3.9463],[-54.2833,3.9516],[-54.2887,3.9559],[-54.291,3.9601],[-54.2903,3.9655],[-54.2916,3.969],[-54.2936,3.9712],[-54.2924,3.9748],[-54.2935,3.9781],[-54.2923,3.9809],[-54.2934,3.9838],[-54.2956,3.9843],[-54.2961,3.9874],[-54.2985,3.9924],[-54.299,3.9961],[-54.3019,3.9994],[-54.3056,4.0022],[-54.3067,4.0044],[-54.3091,4.0067],[-54.3112,4.0076],[-54.3138,4.0103],[-54.3152,4.0128],[-54.3174,4.0143],[-54.3189,4.0164],[-54.3208,4.0168],[-54.323,4.0188],[-54.3265,4.0191],[-54.329,4.0242],[-54.3288,4.0252],[-54.3307,4.0291],[-54.3339,4.033],[-54.3346,4.0349],[-54.3369,4.0374],[-54.3392,4.0384],[-54.3412,4.0416],[-54.3441,4.0367],[-54.346,4.0371],[-54.3455,4.042],[-54.3478,4.0438],[-54.3498,4.0427],[-54.3521,4.0436],[-54.3558,4.0461],[-54.3577,4.0495],[-54.3599,4.051],[-54.3611,4.0532],[-54.3588,4.0554],[-54.3585,4.0581],[-54.361,4.0583],[-54.3623,4.0607],[-54.3618,4.0627],[-54.3598,4.0647],[-54.3566,4.0639],[-54.3545,4.0649],[-54.3513,4.0698],[-54.3521,4.0724],[-54.3488,4.0765],[-54.3476,4.0807],[-54.3428,4.0887],[-54.3422,4.0915],[-54.344,4.0963],[-54.3463,4.0986],[-54.347,4.1026],[-54.3451,4.1067],[-54.345,4.1119],[-54.3432,4.1153],[-54.3421,4.1203],[-54.3373,4.1224],[-54.3347,4.1227],[-54.3347,4.1244],[-54.3327,4.133],[-54.3276,4.1329],[-54.3242,4.1338],[-54.3227,4.135],[-54.3233,4.1383],[-54.3231,4.1462],[-54.3238,4.1483],[-54.3264,4.1495],[-54.3295,4.149],[-54.335,4.1532],[-54.3407,4.1555],[-54.347,4.163],[-54.3493,4.1687],[-54.3511,4.1695],[-54.356,4.169],[-54.3584,4.1721],[-54.3611,4.171],[-54.3659,4.1759],[-54.3682,4.1771],[-54.3712,4.1775],[-54.3772,4.177],[-54.3814,4.177],[-54.3853,4.178],[-54.3878,4.1806],[-54.3888,4.1862],[-54.3913,4.1902],[-54.3935,4.1949],[-54.3961,4.2027],[-54.3967,4.2061],[-54.3939,4.2127],[-54.3923,4.2185],[-54.3935,4.2211],[-54.3936,4.2233],[-54.3924,4.2272],[-54.3902,4.2317],[-54.3903,4.2355],[-54.3891,4.2415],[-54.3887,4.246],[-54.3879,4.2487],[-54.3823,4.2624],[-54.3826,4.2692],[-54.3834,4.2721],[-54.3866,4.2749],[-54.3907,4.2807],[-54.3917,4.2832],[-54.3926,4.2882],[-54.3926,4.2949],[-54.3935,4.301],[-54.3945,4.305],[-54.393,4.3123],[-54.3911,4.3245],[-54.3894,4.3261],[-54.3889,4.3296],[-54.3911,4.3331],[-54.3894,4.341],[-54.3882,4.343],[-54.3856,4.3496],[-54.3865,4.3531],[-54.391,4.3602],[-54.3949,4.3648],[-54.3998,4.3687],[-54.4079,4.3701],[-54.411,4.3682],[-54.4137,4.3694],[-54.4177,4.367],[-54.4219,4.3698],[-54.4249,4.3709],[-54.4272,4.3732],[-54.4267,4.3769],[-54.425,4.3792],[-54.424,4.3847],[-54.4252,4.3913],[-54.428,4.3944],[-54.4287,4.3978],[-54.429,4.4039],[-54.4285,4.4059],[-54.4265,4.4092],[-54.4262,4.4117],[-54.4274,4.4136],[-54.4334,4.418],[-54.4334,4.422],[-54.4349,4.4257],[-54.4384,4.427],[-54.4397,4.4288],[-54.4397,4.431],[-54.4415,4.4349],[-54.4416,4.4383],[-54.4395,4.4416],[-54.4391,4.4446],[-54.4364,4.4466],[-54.4348,4.4488],[-54.4337,4.4553],[-54.4317,4.4638],[-54.4316,4.4663],[-54.4338,4.472],[-54.4362,4.4745],[-54.4403,4.4761],[-54.442,4.4779],[-54.4418,4.4811],[-54.4408,4.4848],[-54.4414,4.4905],[-54.4395,4.4947],[-54.4397,4.4982],[-54.4443,4.5072],[-54.4475,4.5154],[-54.4493,4.5256],[-54.4477,4.5296],[-54.4443,4.5319],[-54.4404,4.5374],[-54.4386,4.5426],[-54.4357,4.5438],[-54.432,4.5425],[-54.4287,4.5438],[-54.4277,4.5432],[-54.42,4.5473],[-54.4199,4.551],[-54.4183,4.5521],[-54.4179,4.5558],[-54.42,4.5609],[-54.4174,4.562],[-54.415,4.5657],[-54.4129,4.5679],[-54.411,4.5745],[-54.4113,4.5775],[-54.415,4.5797],[-54.4153,4.5838],[-54.4165,4.5853],[-54.4164,4.5974],[-54.4152,4.6058],[-54.4139,4.6093],[-54.4147,4.611],[-54.4172,4.6134],[-54.4206,4.6137],[-54.4232,4.6174],[-54.4239,4.6203],[-54.4252,4.621],[-54.4291,4.6259],[-54.4304,4.6362],[-54.4316,4.6401],[-54.4306,4.6418],[-54.4278,4.6435],[-54.4272,4.6459],[-54.425,4.6498],[-54.4231,4.6505],[-54.4238,4.6546],[-54.4262,4.6555],[-54.427,4.6572],[-54.426,4.6608],[-54.4227,4.6649],[-54.4226,4.667],[-54.4239,4.6697],[-54.4268,4.6717],[-54.428,4.6741],[-54.4262,4.6822],[-54.4254,4.6896],[-54.424,4.6919],[-54.4213,4.6946],[-54.4184,4.6992],[-54.4172,4.7022],[-54.4176,4.7049],[-54.4213,4.7059],[-54.4206,4.7173],[-54.4236,4.7216],[-54.426,4.7228],[-54.4309,4.7241],[-54.436,4.7247],[-54.4518,4.7239],[-54.4564,4.7242],[-54.4593,4.727],[-54.4616,4.7318],[-54.464,4.734],[-54.4659,4.7397],[-54.4663,4.7426],[-54.4647,4.7451],[-54.4641,4.7506],[-54.4645,4.7589],[-54.4634,4.7623],[-54.4615,4.7731],[-54.4599,4.7768],[-54.4602,4.7826],[-54.4628,4.7867],[-54.4639,4.7897],[-54.4642,4.7965],[-54.4639,4.8],[-54.4642,4.8038],[-54.4665,4.8071],[-54.4674,4.8128],[-54.4662,4.8188],[-54.4656,4.8263],[-54.466,4.8301],[-54.4682,4.8377],[-54.4681,4.845],[-54.4683,4.8514],[-54.4691,4.8554],[-54.4695,4.8607],[-54.4663,4.8721],[-54.469,4.8781],[-54.4703,4.8797],[-54.4708,4.8842],[-54.4689,4.8863],[-54.4688,4.8902],[-54.4713,4.8932],[-54.4745,4.8935],[-54.4775,4.8952],[-54.4794,4.9005],[-54.4788,4.9027],[-54.4768,4.9052],[-54.4729,4.9082],[-54.4687,4.9147],[-54.4621,4.9189],[-54.4595,4.9229],[-54.4574,4.9249],[-54.4557,4.9293],[-54.4503,4.9325],[-54.4468,4.935],[-54.4435,4.9403],[-54.4426,4.9448],[-54.4407,4.9491],[-54.4399,4.9524],[-54.4399,4.9564],[-54.4392,4.96],[-54.4395,4.9634],[-54.4393,4.9696],[-54.4402,4.9754],[-54.4426,4.9784],[-54.4428,4.9819],[-54.4411,4.9842],[-54.439,4.9853],[-54.4379,4.9872],[-54.4366,4.992],[-54.4361,4.996],[-54.4365,4.9993],[-54.4379,5.0045],[-54.438,5.0159],[-54.4367,5.0192],[-54.4348,5.0218],[-54.4278,5.0295],[-54.4262,5.0321],[-54.4243,5.0375],[-54.4237,5.0404],[-54.4206,5.0489],[-54.4188,5.0555],[-54.4168,5.0579],[-54.4169,5.0605],[-54.416,5.0631],[-54.418,5.0699],[-54.4178,5.0772],[-54.4163,5.0829],[-54.4106,5.0889],[-54.4046,5.0914],[-54.3989,5.0927],[-54.3943,5.0946],[-54.385,5.1011],[-54.3833,5.1018],[-54.3766,5.1066],[-54.3724,5.1111],[-54.3699,5.1165],[-54.3685,5.1236],[-54.3701,5.1278],[-54.3701,5.1303],[-54.366,5.1341],[-54.3646,5.1374],[-54.3629,5.1382],[-54.3582,5.1391],[-54.3499,5.1453],[-54.3479,5.1499],[-54.3484,5.1577],[-54.346,5.1632],[-54.344,5.1658],[-54.3388,5.1702],[-54.3345,5.1754],[-54.332,5.1795],[-54.3273,5.1907],[-54.3231,5.1967],[-54.3209,5.1992],[-54.3168,5.2057],[-54.315,5.2112],[-54.3118,5.2151],[-54.3098,5.223],[-54.3067,5.2278],[-54.3034,5.232],[-54.297,5.2371],[-54.2886,5.2456],[-54.2823,5.2546],[-54.2813,5.258],[-54.2792,5.262],[-54.2771,5.2645],[-54.274,5.2671],[-54.2676,5.2715],[-54.2629,5.2761],[-54.2594,5.2786],[-54.2521,5.2819],[-54.2437,5.2838],[-54.241,5.285],[-54.2352,5.2922],[-54.2274,5.2989],[-54.2238,5.3007],[-54.2201,5.3016],[-54.2105,5.3022],[-54.208,5.3032],[-54.2066,5.3046],[-54.2044,5.3112],[-54.2015,5.3148],[-54.1978,5.3184],[-54.1943,5.3197],[-54.1898,5.3205],[-54.1862,5.3223],[-54.1825,5.3255],[-54.1803,5.3283],[-54.1753,5.3391],[-54.1717,5.3442],[-54.1655,5.3501],[-54.161,5.352],[-54.1526,5.3583],[-54.1474,5.3636],[-54.1435,5.3683],[-54.1369,5.3787],[-54.131,5.3883],[-54.1302,5.3909],[-54.1299,5.3954],[-54.1291,5.3982],[-54.1228,5.4085],[-54.1203,5.4134],[-54.1134,5.421],[-54.1072,5.4247],[-54.0971,5.4275],[-54.0938,5.4318],[-54.0908,5.441],[-54.0886,5.4485],[-54.0847,5.4547],[-54.079,5.4616],[-54.072,5.4718],[-54.0668,5.4771],[-54.0651,5.4793],[-54.0627,5.4851],[-54.0594,5.4871],[-54.0525,5.4886],[-54.0494,5.4908],[-54.046,5.4958],[-54.043,5.5017],[-54.0405,5.5085],[-54.0358,5.513],[-54.0302,5.5158],[-54.0251,5.5178],[-54.0222,5.5196],[-54.0179,5.526],[-54.0167,5.5309],[-54.0164,5.5431],[-54.0145,5.5482],[-54.0104,5.5517],[-54.0092,5.5536],[-54.0083,5.5574],[-54.0092,5.5609],[-54.0125,5.5663],[-54.0144,5.5708],[-54.0152,5.5741],[-54.0156,5.5814],[-54.0141,5.5873],[-54.014,5.5918],[-54.0189,5.6051],[-54.0209,5.6086],[-54.026,5.6131],[-54.0282,5.6179],[-54.0274,5.6241],[-54.0244,5.6276],[-54.0189,5.6318],[-54.014,5.6382],[-54.013,5.6439],[-54.0137,5.6551],[-54.0128,5.6627],[-54.0079,5.6708],[-53.9982,5.6911],[-53.9941,5.7017],[-53.988,5.7146],[-53.9816,5.7244],[-53.9723,5.7338],[-53.9693,5.7378],[-53.9682,5.7452],[-53.9505,5.7434],[-53.9473,5.7459],[-53.9431,5.7467],[-53.9376,5.7467],[-53.9356,5.7481],[-53.9312,5.7487],[-53.9236,5.7484],[-53.9204,5.7477],[-53.9081,5.7477],[-53.9034,5.748],[-53.896,5.7473],[-53.8903,5.7477],[-53.8828,5.7475],[-53.876,5.7461],[-53.8686,5.7441],[-53.8617,5.7409],[-53.8578,5.738],[-53.8603,5.7365],[-53.869,5.7369],[-53.8742,5.7361],[-53.8817,5.7343],[-53.8928,5.7346],[-53.892,5.7334],[-53.8768,5.7318],[-53.8708,5.7333],[-53.8637,5.7321],[-53.8602,5.7321],[-53.8561,5.7311],[-53.8485,5.7271],[-53.8461,5.7264],[-53.8393,5.7257],[-53.8321,5.7224],[-53.8243,5.7196],[-53.8185,5.7177],[-53.8142,5.7156],[-53.8071,5.711],[-53.801,5.7068],[-53.7882,5.6997],[-53.7827,5.6954],[-53.7798,5.6923],[-53.7776,5.6881],[-53.777,5.6854],[-53.7758,5.6728],[-53.776,5.6669],[-53.7768,5.6625],[-53.7763,5.6594],[-53.7735,5.6596],[-53.7721,5.6696],[-53.7729,5.6766],[-53.7722,5.6836],[-53.7738,5.6896],[-53.7772,5.6956],[-53.782,5.7008],[-53.7889,5.7062],[-53.7915,5.7088],[-53.7988,5.7138],[-53.8095,5.7199],[-53.8222,5.7256],[-53.8319,5.7299],[-53.8336,5.7311],[-53.8334,5.734],[-53.8289,5.7326],[-53.8263,5.7332],[-53.8208,5.7328],[-53.8198,5.7321],[-53.817,5.7322],[-53.8146,5.7307],[-53.8085,5.7308],[-53.8033,5.7298],[-53.8014,5.7275],[-53.8015,5.7257],[-53.7899,5.7186],[-53.7874,5.7185],[-53.7845,5.7173],[-53.7764,5.7131],[-53.7675,5.7068],[-53.7639,5.7058],[-53.7551,5.7001],[-53.7529,5.6999],[-53.7513,5.6985],[-53.7444,5.6947],[-53.7374,5.6898],[-53.7268,5.6818],[-53.7154,5.6722],[-53.7062,5.6648],[-53.7021,5.6607],[-53.6917,5.6534],[-53.6912,5.6522],[-53.6806,5.6464],[-53.6745,5.6446],[-53.6718,5.6422],[-53.6672,5.6399],[-53.6645,5.6396],[-53.6587,5.6369],[-53.6499,5.6321],[-53.6482,5.6322],[-53.6437,5.6299],[-53.6418,5.6299],[-53.637,5.6273],[-53.6326,5.6243],[-53.6297,5.6231],[-53.6264,5.6232],[-53.6233,5.6198],[-53.6208,5.6189],[-53.6135,5.6141],[-53.6095,5.6121],[-53.6076,5.612],[-53.6024,5.6101],[-53.5934,5.6079],[-53.5897,5.6078],[-53.5836,5.6087],[-53.5825,5.6074],[-53.5795,5.6064],[-53.5762,5.6064],[-53.569,5.6036],[-53.566,5.6018],[-53.5654,5.6005],[-53.5585,5.5989],[-53.5565,5.5974],[-53.5533,5.5965],[-53.5468,5.5937],[-53.5393,5.5913],[-53.538,5.5898],[-53.5322,5.5875],[-53.5246,5.5841],[-53.519,5.5822],[-53.5094,5.5774],[-53.5033,5.5752],[-53.4901,5.5716],[-53.4825,5.5688],[-53.4793,5.5668],[-53.4712,5.5636],[-53.4678,5.5619],[-53.462,5.5606],[-53.4636,5.5586],[-53.4569,5.5579],[-53.4543,5.5585],[-53.4533,5.56],[-53.4487,5.5596],[-53.4446,5.5575],[-53.4419,5.5579],[-53.4353,5.5569],[-53.4343,5.5556],[-53.4223,5.5506],[-53.4149,5.548],[-53.4137,5.5469],[-53.4026,5.5434],[-53.3945,5.5412],[-53.3857,5.5379],[-53.3791,5.536],[-53.3737,5.5347],[-53.3627,5.5307],[-53.3567,5.529],[-53.3525,5.5274],[-53.3477,5.5266],[-53.3456,5.527],[-53.3314,5.5238],[-53.3247,5.5236],[-53.318,5.5227],[-53.3027,5.5167],[-53.3001,5.516],[-53.2959,5.5162],[-53.2859,5.5139],[-53.2799,5.512],[-53.2735,5.5104],[-53.2688,5.5088],[-53.2589,5.5044],[-53.2536,5.5025],[-53.249,5.5018],[-53.2473,5.5028],[-53.2468,5.5054],[-53.2448,5.5042],[-53.2383,5.5016],[-53.2337,5.4982],[-53.224,5.4924],[-53.2149,5.4878],[-53.2067,5.4848],[-53.2032,5.4815],[-53.1974,5.4805],[-53.1692,5.4667],[-53.1656,5.4654],[-53.1557,5.461],[-53.1506,5.4585],[-53.1415,5.4547],[-53.137,5.4533],[-53.1298,5.4498],[-53.1299,5.4482],[-53.1218,5.4451],[-53.1115,5.4405],[-53.1077,5.4383],[-53.0989,5.4349],[-53.0954,5.4332],[-53.0921,5.4362],[-53.0896,5.4372],[-53.0867,5.4333],[-53.0842,5.4321],[-53.0799,5.428],[-53.073,5.426],[-53.0701,5.4272],[-53.0686,5.4312],[-53.0684,5.4327],[-53.0699,5.4355],[-53.0692,5.4368],[-53.0646,5.4386],[-53.0616,5.443],[-53.0582,5.4432],[-53.0579,5.4422],[-53.0594,5.4361],[-53.0619,5.4373],[-53.066,5.4349],[-53.0643,5.4335],[-53.0631,5.4301],[-53.0608,5.4331],[-53.0578,5.4332],[-53.0518,5.4347],[-53.0519,5.4373],[-53.0502,5.4409],[-53.0511,5.4472],[-53.0497,5.449],[-53.0468,5.4497],[-53.0446,5.4492],[-53.0409,5.4414],[-53.0433,5.4395],[-53.043,5.4366],[-53.0413,5.435],[-53.0396,5.4355],[-53.0379,5.4339],[-53.035,5.4332],[-53.0352,5.4353],[-53.033,5.4389],[-53.0305,5.438],[-53.028,5.4385],[-53.0254,5.438],[-53.0209,5.4356],[-53.0181,5.4302],[-53.016,5.4286],[-53.0147,5.4258],[-53.0046,5.4239],[-53.0001,5.4267],[-52.9968,5.4252],[-52.996,5.4204],[-52.9947,5.4213],[-52.9944,5.4241],[-52.9973,5.4279],[-52.9992,5.4273],[-53.0023,5.4311],[-53.0013,5.4324],[-52.998,5.4297],[-52.9899,5.4245],[-52.9784,5.4181],[-52.9759,5.417],[-52.9694,5.4122],[-52.9675,5.4097],[-52.9616,5.4044],[-52.9602,5.3989],[-52.9604,5.3933],[-52.9627,5.3887],[-52.968,5.3848],[-52.9676,5.3833],[-52.9614,5.3872],[-52.9592,5.3909],[-52.9582,5.3955],[-52.9577,5.402],[-52.9561,5.4028],[-52.9531,5.4019],[-52.9501,5.4001],[-52.949,5.3981],[-52.942,5.3944],[-52.9376,5.3925],[-52.9351,5.3906],[-52.9344,5.3891],[-52.9256,5.3842],[-52.9218,5.3818],[-52.9178,5.3802],[-52.9134,5.3775],[-52.9106,5.3764],[-52.9064,5.3765],[-52.9036,5.3754],[-52.9024,5.3775],[-52.9,5.3768],[-52.8991,5.3747],[-52.8962,5.3746],[-52.8893,5.3686],[-52.8979,5.3669],[-52.8987,5.3645],[-52.8964,5.3622],[-52.8931,5.3637],[-52.8879,5.3602],[-52.8837,5.3602],[-52.883,5.3576],[-52.87,5.352],[-52.8674,5.3505],[-52.8674,5.3493],[-52.8627,5.3482],[-52.8586,5.3485],[-52.8574,5.3465],[-52.8595,5.3444],[-52.857,5.3429],[-52.8552,5.3371],[-52.856,5.3355],[-52.8547,5.3325],[-52.8509,5.3337],[-52.8524,5.3355],[-52.8519,5.3373],[-52.8484,5.3391],[-52.8471,5.3389],[-52.8479,5.3343],[-52.8451,5.3331],[-52.8428,5.331],[-52.8443,5.3293],[-52.8418,5.3263],[-52.8418,5.3249],[-52.8446,5.3231],[-52.8413,5.3214],[-52.8377,5.3214],[-52.8354,5.3192],[-52.8334,5.3198],[-52.8304,5.3195],[-52.8271,5.3228],[-52.8218,5.3208],[-52.8191,5.3181],[-52.8156,5.3161],[-52.8163,5.3136],[-52.8189,5.3135],[-52.8207,5.3156],[-52.8225,5.3145],[-52.8205,5.3111],[-52.8171,5.313],[-52.8142,5.3118],[-52.8131,5.31],[-52.8109,5.3112],[-52.8086,5.3109],[-52.8089,5.3086],[-52.8072,5.3061],[-52.8029,5.3084],[-52.7974,5.3047],[-52.7957,5.2997],[-52.7934,5.2964],[-52.7886,5.2959],[-52.793,5.301],[-52.7922,5.3021],[-52.7888,5.2991],[-52.783,5.2923],[-52.781,5.2896],[-52.7722,5.2806],[-52.769,5.2779],[-52.7687,5.2762],[-52.7626,5.2713],[-52.7558,5.2678],[-52.7501,5.2613],[-52.7462,5.2588],[-52.7452,5.257],[-52.7407,5.2528],[-52.7374,5.2518],[-52.7347,5.2494],[-52.7326,5.246],[-52.7295,5.2427],[-52.7186,5.2343],[-52.717,5.2328],[-52.7103,5.2287],[-52.7043,5.2247],[-52.7017,5.2223],[-52.6969,5.2191],[-52.6912,5.2146],[-52.6872,5.2138],[-52.6846,5.2124],[-52.6835,5.2108],[-52.6744,5.2054],[-52.6704,5.2017],[-52.6662,5.1998],[-52.6646,5.1963],[-52.6598,5.1903],[-52.6521,5.1824],[-52.6388,5.1675],[-52.6354,5.1647],[-52.6323,5.1633],[-52.6307,5.164],[-52.6266,5.1603],[-52.6276,5.1582],[-52.63,5.1591],[-52.633,5.1577],[-52.6341,5.1555],[-52.6379,5.1527],[-52.6385,5.1508],[-52.6407,5.149],[-52.6436,5.1484],[-52.6566,5.1505],[-52.6648,5.1524],[-52.6682,5.1522],[-52.672,5.1514],[-52.671,5.1484],[-52.6683,5.1491],[-52.6559,5.1461],[-52.6466,5.1452],[-52.6433,5.1445],[-52.6411,5.1448],[-52.6357,5.1473],[-52.6348,5.1489],[-52.6325,5.1495],[-52.6285,5.1456],[-52.624,5.1427],[-52.6204,5.1387],[-52.6144,5.133],[-52.6063,5.1269],[-52.6006,5.1211],[-52.5943,5.1159],[-52.5862,5.1083],[-52.5723,5.0963],[-52.5656,5.0906],[-52.5613,5.0865],[-52.554,5.0805],[-52.5485,5.0763],[-52.5479,5.0775],[-52.5448,5.0773],[-52.5399,5.0744],[-52.5394,5.0731],[-52.5333,5.0671],[-52.5327,5.0647],[-52.5336,5.0633],[-52.5315,5.0612],[-52.5213,5.0537],[-52.5093,5.0464],[-52.5053,5.0432],[-52.5049,5.0409],[-52.5029,5.0415],[-52.5004,5.0393],[-52.4948,5.0357],[-52.4939,5.0332],[-52.4898,5.0289],[-52.4844,5.0293],[-52.4822,5.0277],[-52.481,5.0256],[-52.4774,5.0219],[-52.4756,5.0219],[-52.4671,5.0173],[-52.4645,5.0127],[-52.4616,5.0113],[-52.4602,5.0078],[-52.4548,5.0049],[-52.4495,5],[-52.4476,4.9996],[-52.4445,4.9965],[-52.4357,4.9887],[-52.4355,4.9881],[-52.4292,4.982],[-52.4249,4.979],[-52.4225,4.9788],[-52.4033,4.9601],[-52.3948,4.9507],[-52.3873,4.9416],[-52.3779,4.9316],[-52.3738,4.9284],[-52.3647,4.9207],[-52.3608,4.919],[-52.3559,4.9175],[-52.3566,4.9148],[-52.3578,4.9138],[-52.3705,4.9109],[-52.3675,4.9069],[-52.364,4.9024],[-52.361,4.9047],[-52.359,4.9053],[-52.3569,4.9037],[-52.354,4.9035],[-52.3485,4.9051],[-52.3442,4.9088],[-52.34,4.9158],[-52.34,4.9167],[-52.3367,4.9201],[-52.335,4.9242],[-52.3343,4.9313],[-52.3352,4.934],[-52.3366,4.9342],[-52.3382,4.9367],[-52.3358,4.9412],[-52.3337,4.9422],[-52.332,4.9443],[-52.3292,4.9431],[-52.3254,4.9448],[-52.3229,4.9441],[-52.3215,4.9447],[-52.3192,4.9439],[-52.3129,4.9495],[-52.3049,4.9503],[-52.3039,4.9513],[-52.3011,4.9509],[-52.301,4.9487],[-52.2974,4.9438],[-52.2922,4.9402],[-52.2893,4.9402],[-52.2866,4.9425],[-52.2829,4.9394],[-52.2838,4.936],[-52.2834,4.9345],[-52.2801,4.9314],[-52.272,4.9243],[-52.2632,4.9143],[-52.2605,4.9127],[-52.2588,4.9135],[-52.2574,4.9101],[-52.2595,4.9088],[-52.2614,4.9098],[-52.2635,4.9068],[-52.2628,4.9001],[-52.2608,4.8973],[-52.2549,4.8932],[-52.2524,4.8904],[-52.2508,4.8902],[-52.2462,4.8865],[-52.2458,4.8825],[-52.2438,4.8781],[-52.2472,4.8711],[-52.2492,4.8698],[-52.2495,4.8679],[-52.2568,4.8601],[-52.2562,4.8579],[-52.2599,4.8559],[-52.2606,4.8541],[-52.2626,4.8548],[-52.2669,4.8526],[-52.2699,4.8536],[-52.2728,4.8531],[-52.279,4.8542],[-52.2817,4.8536],[-52.2842,4.8521],[-52.2876,4.8479],[-52.2895,4.8485],[-52.2878,4.8475],[-52.2913,4.842],[-52.2969,4.8321],[-52.2987,4.8247],[-52.2958,4.8236],[-52.2852,4.8186],[-52.2811,4.8243],[-52.281,4.8274],[-52.2794,4.829],[-52.2743,4.8246],[-52.2792,4.8335],[-52.281,4.8354],[-52.2775,4.8359],[-52.2757,4.8391],[-52.2747,4.8363],[-52.2699,4.8337],[-52.2713,4.8324],[-52.2677,4.8304],[-52.2698,4.827],[-52.2684,4.8259],[-52.2652,4.826],[-52.2639,4.8287],[-52.2611,4.8295],[-52.26,4.8307],[-52.2544,4.8254],[-52.2523,4.8254],[-52.2497,4.8236],[-52.2472,4.8265],[-52.2446,4.8271],[-52.2433,4.8309],[-52.2453,4.8373],[-52.2437,4.8383],[-52.2382,4.838],[-52.2368,4.8385],[-52.2325,4.8367],[-52.2315,4.8382],[-52.2334,4.8405],[-52.2315,4.8413],[-52.2282,4.8412],[-52.2263,4.8386],[-52.2248,4.8411],[-52.2225,4.8402],[-52.2198,4.8411],[-52.2155,4.8388],[-52.2144,4.8389],[-52.2125,4.8359],[-52.2106,4.836],[-52.2101,4.8339],[-52.2123,4.8309],[-52.211,4.8295],[-52.2081,4.8317],[-52.2041,4.8301],[-52.2019,4.8284],[-52.2003,4.8256],[-52.1962,4.8253],[-52.1953,4.8223],[-52.1942,4.8221],[-52.192,4.8194],[-52.1875,4.819],[-52.1839,4.8165],[-52.1815,4.8156],[-52.1807,4.8134],[-52.1768,4.8096],[-52.1778,4.8086],[-52.1753,4.8068],[-52.1735,4.8042],[-52.175,4.8023],[-52.1731,4.7995],[-52.1747,4.7968],[-52.1731,4.7949],[-52.1711,4.7884],[-52.1671,4.786],[-52.1668,4.7793],[-52.168,4.7768]]],[[[-51.9369,4.4665],[-51.9352,4.455],[-51.9348,4.4468],[-51.9352,4.4396],[-51.9366,4.4293],[-51.9396,4.4139],[-51.9406,4.4118],[-51.9429,4.4106],[-51.9405,4.4198],[-51.9395,4.4264],[-51.9393,4.4308],[-51.9397,4.4365],[-51.9408,4.4433],[-51.9409,4.4482],[-51.9429,4.4598],[-51.9436,4.4689],[-51.945,4.4757],[-51.9446,4.478],[-51.9417,4.4841],[-51.9404,4.4844],[-51.9382,4.4741],[-51.9369,4.4665]]],[[[-51.9426,4.5031],[-51.9423,4.4995],[-51.9434,4.4893],[-51.9444,4.4837],[-51.9466,4.477],[-51.9481,4.4778],[-51.9501,4.4826],[-51.9508,4.4854],[-51.9511,4.4909],[-51.9508,4.4977],[-51.9498,4.5038],[-51.9486,4.5081],[-51.9466,4.5093],[-51.943,4.5063],[-51.9426,4.5031]]],[[[-51.7367,4.4542],[-51.735,4.4531],[-51.738,4.4499],[-51.7389,4.4479],[-51.7407,4.4494],[-51.7397,4.4536],[-51.7367,4.4542]]],[[[-52.1895,4.895],[-52.1851,4.8938],[-52.1816,4.8944],[-52.1797,4.893],[-52.1796,4.8906],[-52.1814,4.8896],[-52.185,4.8895],[-52.1896,4.8924],[-52.1895,4.895]]],[[[-52.2011,4.9261],[-52.2037,4.9256],[-52.2069,4.9315],[-52.2049,4.9319],[-52.201,4.9312],[-52.2011,4.9261]]],[[[-52.5853,5.2872],[-52.5875,5.2862],[-52.5917,5.2856],[-52.5935,5.2863],[-52.5928,5.289],[-52.5901,5.2895],[-52.588,5.288],[-52.5853,5.2872]]],[[[-52.5788,5.2817],[-52.5811,5.2809],[-52.5821,5.2792],[-52.5842,5.2794],[-52.5844,5.283],[-52.5792,5.2826],[-52.5788,5.2817]]],[[[-52.58,5.2956],[-52.5829,5.2933],[-52.5831,5.2964],[-52.5809,5.2973],[-52.58,5.2956]]],[[[-53.0674,5.4964],[-53.0696,5.4963],[-53.0698,5.498],[-53.0658,5.4986],[-53.0679,5.5007],[-53.0669,5.5019],[-53.0644,5.5003],[-53.0634,5.5012],[-53.0603,5.5],[-53.0554,5.4968],[-53.0547,5.4953],[-53.0622,5.4944],[-53.0643,5.4946],[-53.0674,5.4964]]],[[[-53.0485,5.4934],[-53.0451,5.493],[-53.0466,5.4909],[-53.0506,5.4907],[-53.0485,5.4934]]]]}},{"type":"Feature","properties":{"code":"974","nom":"La Réunion"},"geometry":{"type":"Polygon","coordinates":[[[55.3223,-21.2529],[55.3206,-21.2491],[55.3157,-21.2452],[55.3131,-21.2447],[55.3109,-21.2403],[55.3082,-21.2391],[55.3067,-21.237],[55.3018,-21.2363],[55.2974,-21.2334],[55.2939,-21.2305],[55.2922,-21.2272],[55.2924,-21.2241],[55.289,-21.2193],[55.288,-21.2161],[55.2858,-21.2116],[55.2858,-21.2079],[55.2819,-21.2038],[55.2808,-21.2019],[55.2827,-21.201],[55.2828,-21.1976],[55.2847,-21.1951],[55.2849,-21.1926],[55.2868,-21.1863],[55.2873,-21.1826],[55.2867,-21.1796],[55.2868,-21.1749],[55.286,-21.1702],[55.286,-21.1655],[55.2875,-21.1632],[55.2868,-21.1607],[55.2825,-21.1554],[55.2815,-21.1534],[55.2788,-21.1527],[55.2755,-21.1504],[55.2721,-21.1495],[55.2723,-21.1466],[55.2713,-21.1455],[55.2711,-21.1416],[55.2715,-21.1356],[55.2711,-21.1317],[55.268,-21.1304],[55.2678,-21.1278],[55.2633,-21.1251],[55.2607,-21.1229],[55.2597,-21.1205],[55.2573,-21.1183],[55.2562,-21.116],[55.2529,-21.1132],[55.2543,-21.1118],[55.2542,-21.1097],[55.248,-21.1062],[55.2461,-21.1027],[55.2436,-21.1012],[55.2348,-21.0948],[55.231,-21.0914],[55.228,-21.0873],[55.2268,-21.0847],[55.2235,-21.0814],[55.2206,-21.0764],[55.2203,-21.0714],[55.2216,-21.0635],[55.2219,-21.0579],[55.224,-21.0534],[55.2213,-21.05],[55.2179,-21.0438],[55.2165,-21.0392],[55.2169,-21.0371],[55.2214,-21.0323],[55.2251,-21.0291],[55.2296,-21.0235],[55.2329,-21.0213],[55.2354,-21.018],[55.2389,-21.0189],[55.2475,-21.0199],[55.2557,-21.0165],[55.264,-21.0118],[55.2693,-21.008],[55.2724,-21.0052],[55.2763,-21.0008],[55.2784,-20.9977],[55.2802,-20.9918],[55.281,-20.9859],[55.2826,-20.9782],[55.2821,-20.9704],[55.2806,-20.9657],[55.2793,-20.9635],[55.2773,-20.9578],[55.2779,-20.9527],[55.2803,-20.9493],[55.2807,-20.945],[55.2838,-20.9442],[55.2833,-20.941],[55.2878,-20.9405],[55.2881,-20.9368],[55.2869,-20.9358],[55.2881,-20.9333],[55.2865,-20.9325],[55.2844,-20.9356],[55.2836,-20.9268],[55.2843,-20.9255],[55.289,-20.923],[55.295,-20.9261],[55.2998,-20.928],[55.3042,-20.9291],[55.3078,-20.9294],[55.318,-20.9283],[55.3195,-20.929],[55.3194,-20.9312],[55.313,-20.9317],[55.3145,-20.9331],[55.3195,-20.9328],[55.3224,-20.9353],[55.3251,-20.935],[55.3253,-20.9286],[55.3303,-20.9276],[55.3365,-20.9255],[55.3443,-20.9217],[55.348,-20.9171],[55.3498,-20.9141],[55.3523,-20.9114],[55.3589,-20.9086],[55.3627,-20.9061],[55.3673,-20.9014],[55.3675,-20.8996],[55.371,-20.8972],[55.3757,-20.896],[55.3768,-20.8944],[55.381,-20.8919],[55.3845,-20.8906],[55.39,-20.8871],[55.3956,-20.8815],[55.4008,-20.88],[55.4103,-20.8782],[55.415,-20.8763],[55.4215,-20.8744],[55.4263,-20.8743],[55.4283,-20.8735],[55.4335,-20.8742],[55.4397,-20.8763],[55.445,-20.8752],[55.4478,-20.8721],[55.4508,-20.8719],[55.4539,-20.8737],[55.4571,-20.877],[55.4606,-20.8795],[55.4675,-20.8834],[55.4708,-20.8845],[55.4778,-20.8852],[55.4802,-20.8848],[55.4824,-20.8856],[55.4889,-20.8859],[55.4916,-20.8855],[55.4974,-20.8834],[55.5021,-20.8824],[55.504,-20.8823],[55.5113,-20.884],[55.5164,-20.887],[55.5191,-20.8879],[55.5361,-20.8913],[55.5384,-20.8932],[55.5417,-20.8945],[55.5466,-20.8953],[55.5513,-20.8953],[55.5551,-20.8926],[55.5575,-20.8916],[55.5614,-20.8924],[55.5649,-20.8921],[55.5674,-20.8931],[55.5702,-20.8928],[55.5736,-20.8936],[55.5753,-20.8947],[55.5799,-20.8971],[55.5836,-20.8977],[55.589,-20.896],[55.592,-20.8959],[55.5971,-20.8985],[55.6005,-20.8995],[55.6026,-20.9014],[55.6078,-20.9043],[55.6143,-20.9075],[55.6224,-20.9109],[55.6287,-20.9106],[55.6351,-20.9126],[55.64,-20.9129],[55.6499,-20.9165],[55.6562,-20.9204],[55.6659,-20.9261],[55.6697,-20.9323],[55.6759,-20.9383],[55.6823,-20.9436],[55.6875,-20.9508],[55.6899,-20.956],[55.6946,-20.9628],[55.6964,-20.9647],[55.6979,-20.968],[55.6994,-20.9751],[55.7007,-20.9786],[55.7001,-20.9862],[55.7006,-20.9933],[55.7008,-21.0049],[55.7023,-21.0158],[55.7029,-21.0177],[55.7052,-21.0197],[55.7044,-21.0211],[55.7063,-21.0257],[55.7076,-21.0277],[55.7152,-21.0301],[55.7176,-21.0317],[55.7208,-21.0354],[55.7226,-21.0388],[55.7239,-21.0389],[55.7265,-21.0453],[55.7309,-21.0483],[55.7322,-21.0505],[55.7312,-21.0528],[55.7308,-21.0572],[55.7315,-21.0606],[55.7355,-21.0663],[55.7373,-21.0699],[55.7409,-21.0737],[55.7426,-21.0763],[55.7472,-21.081],[55.7499,-21.0827],[55.7552,-21.088],[55.7577,-21.0913],[55.7618,-21.0995],[55.7656,-21.1028],[55.7673,-21.1036],[55.77,-21.1054],[55.7721,-21.1077],[55.7784,-21.1193],[55.78,-21.1218],[55.7831,-21.1247],[55.786,-21.1258],[55.7912,-21.1246],[55.7969,-21.1258],[55.7995,-21.1271],[55.8027,-21.1302],[55.8074,-21.1336],[55.8073,-21.1351],[55.811,-21.1382],[55.816,-21.1397],[55.8183,-21.1394],[55.8224,-21.1426],[55.8254,-21.1435],[55.8268,-21.145],[55.8262,-21.1475],[55.8276,-21.1491],[55.8288,-21.1524],[55.8316,-21.1582],[55.8348,-21.1616],[55.835,-21.1643],[55.8326,-21.1655],[55.8334,-21.1701],[55.8337,-21.1763],[55.8366,-21.1826],[55.8317,-21.1864],[55.8258,-21.1861],[55.8248,-21.1895],[55.8245,-21.1963],[55.8255,-21.2005],[55.8247,-21.2031],[55.8223,-21.2069],[55.8177,-21.2095],[55.8141,-21.2142],[55.8127,-21.2216],[55.8085,-21.2272],[55.8079,-21.2338],[55.8086,-21.2355],[55.8079,-21.2387],[55.8059,-21.2419],[55.8048,-21.2458],[55.8043,-21.252],[55.8019,-21.2578],[55.8016,-21.2622],[55.8033,-21.2669],[55.804,-21.2721],[55.8031,-21.2753],[55.8033,-21.2783],[55.8066,-21.2858],[55.8081,-21.2875],[55.8071,-21.2915],[55.8055,-21.2929],[55.8055,-21.2977],[55.8045,-21.3025],[55.8047,-21.3076],[55.8038,-21.3094],[55.8047,-21.3138],[55.8049,-21.3196],[55.8064,-21.3273],[55.8091,-21.3311],[55.8069,-21.3368],[55.8046,-21.3393],[55.7994,-21.3475],[55.7971,-21.3497],[55.7927,-21.3521],[55.7913,-21.354],[55.7891,-21.3544],[55.7865,-21.3573],[55.7831,-21.3593],[55.781,-21.3617],[55.7762,-21.3638],[55.7747,-21.3654],[55.7726,-21.3648],[55.7681,-21.3655],[55.7633,-21.3635],[55.7598,-21.3642],[55.7561,-21.3631],[55.7541,-21.3641],[55.7528,-21.3664],[55.7505,-21.3677],[55.7432,-21.3691],[55.7391,-21.3692],[55.734,-21.3687],[55.7316,-21.3699],[55.7293,-21.3694],[55.7198,-21.3737],[55.7155,-21.3751],[55.7113,-21.3749],[55.7063,-21.3764],[55.7004,-21.3764],[55.6959,-21.3754],[55.6937,-21.3759],[55.687,-21.3747],[55.6813,-21.3746],[55.6796,-21.375],[55.6756,-21.3787],[55.6749,-21.381],[55.6717,-21.383],[55.6688,-21.3838],[55.6639,-21.3823],[55.6591,-21.3827],[55.6506,-21.3864],[55.6491,-21.3888],[55.6469,-21.3891],[55.6433,-21.3876],[55.6435,-21.3856],[55.638,-21.3828],[55.6316,-21.3824],[55.6277,-21.3826],[55.6229,-21.3835],[55.6193,-21.3853],[55.6156,-21.3863],[55.6096,-21.387],[55.6073,-21.3855],[55.6021,-21.3833],[55.5996,-21.3795],[55.5957,-21.3786],[55.594,-21.3772],[55.5896,-21.3763],[55.5896,-21.3746],[55.5864,-21.3714],[55.5832,-21.3724],[55.5806,-21.3731],[55.5754,-21.3756],[55.5718,-21.3764],[55.5668,-21.3737],[55.5626,-21.3723],[55.5591,-21.3729],[55.555,-21.3712],[55.5517,-21.3732],[55.545,-21.3675],[55.5438,-21.368],[55.5364,-21.3633],[55.5332,-21.3635],[55.5287,-21.3625],[55.5187,-21.358],[55.5161,-21.3581],[55.508,-21.3539],[55.5058,-21.3537],[55.5012,-21.3507],[55.4965,-21.3509],[55.4928,-21.35],[55.4913,-21.3507],[55.4877,-21.3505],[55.484,-21.3518],[55.4829,-21.3489],[55.4802,-21.3473],[55.48,-21.345],[55.4756,-21.344],[55.475,-21.3446],[55.4704,-21.3447],[55.4636,-21.3421],[55.4598,-21.3414],[55.4562,-21.3381],[55.456,-21.3365],[55.4541,-21.3348],[55.455,-21.3318],[55.4492,-21.3283],[55.4409,-21.3279],[55.436,-21.3267],[55.4298,-21.3262],[55.4257,-21.3247],[55.4192,-21.3212],[55.4152,-21.3182],[55.4115,-21.3144],[55.4103,-21.3107],[55.4085,-21.3075],[55.4042,-21.3033],[55.4009,-21.3007],[55.3969,-21.2957],[55.3912,-21.2926],[55.3882,-21.2908],[55.3758,-21.2867],[55.3703,-21.2858],[55.3639,-21.2842],[55.356,-21.2833],[55.3392,-21.2807],[55.3383,-21.2789],[55.3355,-21.2779],[55.3335,-21.2755],[55.3322,-21.2725],[55.3344,-21.2703],[55.3341,-21.2683],[55.3317,-21.2654],[55.3318,-21.2619],[55.3306,-21.2588],[55.3257,-21.2548],[55.3223,-21.2529]]]}},{"type":"Feature","properties":{"code":"976","nom":"Mayotte"},"geometry":{"type":"MultiPolygon","coordinates":[[[[45.0432,-12.7481],[45.0426,-12.744],[45.0459,-12.741],[45.046,-12.74],[45.051,-12.7383],[45.0541,-12.735],[45.058,-12.7281],[45.0553,-12.7233],[45.052,-12.7237],[45.0497,-12.7223],[45.0446,-12.7226],[45.0425,-12.7217],[45.0445,-12.7189],[45.0472,-12.7167],[45.0485,-12.7134],[45.05,-12.7122],[45.0515,-12.7074],[45.05,-12.7027],[45.0516,-12.7017],[45.0535,-12.6999],[45.0549,-12.7014],[45.0597,-12.7008],[45.0623,-12.7018],[45.0642,-12.7002],[45.066,-12.7001],[45.0692,-12.6967],[45.0734,-12.6901],[45.0729,-12.6853],[45.0707,-12.6835],[45.0761,-12.6837],[45.079,-12.6829],[45.0833,-12.6791],[45.0821,-12.674],[45.0823,-12.6718],[45.0856,-12.67],[45.086,-12.6664],[45.0908,-12.6654],[45.0935,-12.6624],[45.0937,-12.6583],[45.0968,-12.6588],[45.101,-12.6564],[45.1051,-12.6511],[45.1071,-12.6527],[45.1036,-12.6546],[45.1026,-12.6566],[45.1024,-12.6603],[45.1016,-12.6625],[45.0949,-12.665],[45.092,-12.667],[45.0901,-12.6674],[45.0883,-12.6695],[45.0903,-12.6724],[45.0928,-12.6722],[45.0962,-12.6728],[45.098,-12.6753],[45.1013,-12.6756],[45.1031,-12.679],[45.101,-12.6801],[45.1026,-12.6836],[45.1081,-12.683],[45.109,-12.6857],[45.112,-12.6862],[45.1112,-12.6912],[45.1146,-12.6958],[45.1169,-12.6962],[45.1205,-12.6985],[45.1264,-12.7012],[45.1305,-12.7004],[45.1307,-12.7041],[45.1259,-12.7022],[45.1233,-12.7058],[45.1243,-12.7115],[45.1267,-12.7126],[45.1294,-12.7152],[45.1301,-12.718],[45.1294,-12.72],[45.1305,-12.7222],[45.128,-12.7228],[45.126,-12.7244],[45.1254,-12.7273],[45.1296,-12.7275],[45.131,-12.7309],[45.1325,-12.7297],[45.134,-12.7315],[45.1377,-12.7309],[45.1381,-12.732],[45.1413,-12.7331],[45.144,-12.732],[45.1432,-12.7291],[45.1464,-12.728],[45.1507,-12.7292],[45.1499,-12.7323],[45.1507,-12.7346],[45.1548,-12.7367],[45.1581,-12.7351],[45.1621,-12.7302],[45.1615,-12.7279],[45.1645,-12.7264],[45.1635,-12.7233],[45.1668,-12.7243],[45.1672,-12.7219],[45.1636,-12.7199],[45.1663,-12.7176],[45.1701,-12.7232],[45.1697,-12.7251],[45.1733,-12.7273],[45.1768,-12.7301],[45.1793,-12.7304],[45.1832,-12.7269],[45.1851,-12.7273],[45.1863,-12.7296],[45.1904,-12.7289],[45.1938,-12.7307],[45.1988,-12.731],[45.2039,-12.7302],[45.2069,-12.7326],[45.2065,-12.7341],[45.2113,-12.7356],[45.2134,-12.7322],[45.2145,-12.7335],[45.2137,-12.7359],[45.2119,-12.7373],[45.2135,-12.7411],[45.2159,-12.7422],[45.2185,-12.7419],[45.2211,-12.7444],[45.2243,-12.7444],[45.2283,-12.7477],[45.2279,-12.7488],[45.2317,-12.7525],[45.236,-12.7528],[45.2369,-12.7543],[45.2352,-12.756],[45.2366,-12.7596],[45.2398,-12.7612],[45.2358,-12.7652],[45.2362,-12.7671],[45.2348,-12.7697],[45.2343,-12.7729],[45.2305,-12.7736],[45.2308,-12.7712],[45.233,-12.7691],[45.2337,-12.7671],[45.2317,-12.7632],[45.2301,-12.7642],[45.2302,-12.7672],[45.2291,-12.7702],[45.2272,-12.7722],[45.2288,-12.7747],[45.2337,-12.7762],[45.2325,-12.7789],[45.2352,-12.7818],[45.2383,-12.782],[45.2379,-12.7848],[45.2363,-12.7863],[45.2347,-12.7833],[45.2307,-12.7845],[45.2296,-12.7859],[45.2275,-12.7859],[45.2232,-12.7908],[45.2182,-12.7947],[45.2168,-12.7947],[45.216,-12.8002],[45.2139,-12.803],[45.2091,-12.8064],[45.2039,-12.8086],[45.2031,-12.8102],[45.2038,-12.8125],[45.2034,-12.8199],[45.2003,-12.8206],[45.1978,-12.8222],[45.1946,-12.8244],[45.1931,-12.8275],[45.1931,-12.8302],[45.1954,-12.8311],[45.1964,-12.8332],[45.1936,-12.8346],[45.1923,-12.8367],[45.1893,-12.8386],[45.1855,-12.8383],[45.1862,-12.8427],[45.1873,-12.8437],[45.1902,-12.8421],[45.1926,-12.8428],[45.1942,-12.8444],[45.1949,-12.8497],[45.1966,-12.8515],[45.1972,-12.8548],[45.2007,-12.8541],[45.2024,-12.8589],[45.2015,-12.8625],[45.2066,-12.8636],[45.2087,-12.8636],[45.2101,-12.8624],[45.2124,-12.863],[45.21,-12.8689],[45.2121,-12.872],[45.2139,-12.8735],[45.2203,-12.871],[45.222,-12.8723],[45.2217,-12.8735],[45.2173,-12.8777],[45.2159,-12.8818],[45.2167,-12.8862],[45.2149,-12.8868],[45.2117,-12.8895],[45.2108,-12.8914],[45.1984,-12.8961],[45.1933,-12.9071],[45.1956,-12.9079],[45.1971,-12.9142],[45.2009,-12.9158],[45.2037,-12.9196],[45.2004,-12.9202],[45.1965,-12.919],[45.1954,-12.9177],[45.1917,-12.9168],[45.1877,-12.9164],[45.1843,-12.9199],[45.1848,-12.9227],[45.1837,-12.9244],[45.1805,-12.9252],[45.1771,-12.9294],[45.1757,-12.935],[45.1797,-12.9392],[45.1794,-12.9433],[45.1727,-12.9416],[45.1696,-12.9432],[45.1688,-12.9495],[45.1707,-12.9533],[45.1725,-12.9539],[45.1751,-12.9563],[45.176,-12.9604],[45.1781,-12.9659],[45.1828,-12.9684],[45.1847,-12.9701],[45.1905,-12.9712],[45.1919,-12.9737],[45.1966,-12.9759],[45.1988,-12.9744],[45.2038,-12.9742],[45.2043,-12.9751],[45.2008,-12.979],[45.2009,-12.9806],[45.1978,-12.9815],[45.1947,-12.9845],[45.1937,-12.9871],[45.1922,-12.9874],[45.1894,-12.9856],[45.1834,-12.984],[45.1802,-12.9852],[45.1775,-12.9907],[45.1781,-12.9949],[45.1754,-12.9946],[45.1755,-12.9923],[45.1745,-12.9895],[45.1743,-12.9843],[45.172,-12.9804],[45.1722,-12.9789],[45.1703,-12.9769],[45.1665,-12.9749],[45.1632,-12.9755],[45.1609,-12.9744],[45.1584,-12.9763],[45.1568,-12.9794],[45.1568,-12.9827],[45.1579,-12.9887],[45.1536,-12.9943],[45.153,-12.9968],[45.1502,-12.9993],[45.1481,-13.0001],[45.1413,-12.9988],[45.1395,-12.9947],[45.1394,-12.9922],[45.134,-12.9902],[45.1322,-12.9916],[45.1297,-12.9948],[45.1263,-12.9942],[45.125,-12.9909],[45.1265,-12.9864],[45.125,-12.9825],[45.1196,-12.9803],[45.1157,-12.981],[45.1136,-12.9824],[45.1112,-12.9855],[45.11,-12.9888],[45.1093,-12.9928],[45.106,-12.9892],[45.1057,-12.9867],[45.1083,-12.9819],[45.1074,-12.9794],[45.1076,-12.9771],[45.1065,-12.9746],[45.109,-12.9717],[45.1107,-12.9677],[45.1108,-12.9604],[45.1051,-12.9576],[45.1008,-12.9617],[45.0997,-12.9645],[45.0976,-12.9643],[45.0924,-12.9665],[45.0855,-12.9622],[45.0836,-12.9614],[45.0801,-12.9629],[45.0789,-12.962],[45.0882,-12.9563],[45.0935,-12.9547],[45.0982,-12.9489],[45.1002,-12.9471],[45.1016,-12.9435],[45.1019,-12.9366],[45.1037,-12.9351],[45.1043,-12.9328],[45.1038,-12.9308],[45.1012,-12.9269],[45.0986,-12.9252],[45.096,-12.925],[45.094,-12.9272],[45.0909,-12.9283],[45.0892,-12.928],[45.0891,-12.9256],[45.0867,-12.922],[45.0834,-12.9221],[45.0822,-12.9182],[45.0793,-12.9123],[45.0779,-12.9067],[45.0763,-12.9039],[45.0718,-12.9009],[45.0714,-12.8992],[45.0748,-12.8991],[45.0784,-12.8982],[45.0813,-12.8989],[45.0848,-12.8978],[45.088,-12.8984],[45.092,-12.8979],[45.0948,-12.8986],[45.0992,-12.8987],[45.1001,-12.9015],[45.1022,-12.9031],[45.1027,-12.9062],[45.1016,-12.9097],[45.1023,-12.9124],[45.1025,-12.9181],[45.1057,-12.9232],[45.1154,-12.9262],[45.1208,-12.9291],[45.1237,-12.9291],[45.1252,-12.9334],[45.1264,-12.9336],[45.131,-12.936],[45.1411,-12.9363],[45.1446,-12.9357],[45.1491,-12.9332],[45.1515,-12.9306],[45.1517,-12.927],[45.1544,-12.925],[45.155,-12.9224],[45.1536,-12.9206],[45.1533,-12.9167],[45.1502,-12.9139],[45.1485,-12.91],[45.1488,-12.9075],[45.1458,-12.9069],[45.1441,-12.9044],[45.1454,-12.9018],[45.144,-12.8986],[45.1415,-12.8954],[45.1393,-12.8938],[45.1379,-12.8906],[45.1365,-12.8896],[45.1323,-12.8889],[45.1301,-12.8847],[45.1265,-12.8819],[45.1243,-12.882],[45.1216,-12.8796],[45.1202,-12.877],[45.1188,-12.8768],[45.1165,-12.8729],[45.1138,-12.8666],[45.1112,-12.8636],[45.1043,-12.8632],[45.1031,-12.8614],[45.1005,-12.8607],[45.0992,-12.8582],[45.095,-12.8537],[45.0929,-12.8531],[45.0939,-12.8505],[45.0962,-12.8514],[45.0987,-12.8495],[45.1018,-12.8454],[45.1025,-12.8435],[45.1063,-12.8447],[45.1082,-12.8437],[45.1102,-12.8443],[45.1154,-12.8441],[45.1173,-12.8418],[45.1213,-12.8396],[45.1159,-12.8388],[45.1121,-12.8366],[45.1072,-12.8364],[45.1029,-12.8356],[45.1008,-12.8338],[45.1023,-12.8296],[45.1029,-12.8258],[45.1038,-12.8249],[45.1033,-12.8214],[45.106,-12.8195],[45.1056,-12.8137],[45.1032,-12.8107],[45.0996,-12.8074],[45.1004,-12.8059],[45.0993,-12.8035],[45.0998,-12.8019],[45.1005,-12.7976],[45.1078,-12.7954],[45.1122,-12.7961],[45.1126,-12.794],[45.1097,-12.7913],[45.1069,-12.7912],[45.1053,-12.7929],[45.0977,-12.7924],[45.0965,-12.7895],[45.0971,-12.7864],[45.0943,-12.7846],[45.0982,-12.7827],[45.0998,-12.7809],[45.1014,-12.7809],[45.1017,-12.7776],[45.1013,-12.7744],[45.1033,-12.7733],[45.102,-12.7695],[45.1019,-12.7662],[45.0998,-12.7649],[45.0977,-12.7656],[45.0954,-12.7679],[45.0949,-12.7703],[45.0919,-12.7712],[45.0917,-12.7697],[45.0871,-12.7652],[45.0807,-12.764],[45.0791,-12.7669],[45.0746,-12.7652],[45.0728,-12.7616],[45.0713,-12.7614],[45.0678,-12.7583],[45.0647,-12.7571],[45.0646,-12.7553],[45.0627,-12.7523],[45.0602,-12.7511],[45.0543,-12.7521],[45.0543,-12.754],[45.0517,-12.7562],[45.049,-12.7511],[45.047,-12.7514],[45.0432,-12.7481]]],[[[45.1181,-12.6751],[45.1128,-12.6764],[45.111,-12.6752],[45.1136,-12.6732],[45.1159,-12.675],[45.1181,-12.6751]]],[[[45.2342,-12.8987],[45.2321,-12.9016],[45.2295,-12.8991],[45.2303,-12.8962],[45.2314,-12.8952],[45.234,-12.8965],[45.2342,-12.8987]]],[[[45.1437,-12.92],[45.1421,-12.9217],[45.1391,-12.9214],[45.1428,-12.9179],[45.1437,-12.92]]],[[[45.2713,-12.7933],[45.2683,-12.7914],[45.2677,-12.7899],[45.2654,-12.7889],[45.2629,-12.7869],[45.2602,-12.7878],[45.2606,-12.7857],[45.2584,-12.7841],[45.2542,-12.7829],[45.255,-12.7806],[45.2566,-12.7804],[45.2586,-12.7841],[45.266,-12.7889],[45.2681,-12.7893],[45.2681,-12.787],[45.2704,-12.786],[45.2711,-12.7832],[45.2725,-12.7819],[45.2745,-12.7779],[45.2748,-12.7755],[45.277,-12.7735],[45.2754,-12.7714],[45.281,-12.7649],[45.2846,-12.7588],[45.286,-12.7598],[45.2876,-12.7634],[45.2895,-12.7655],[45.2929,-12.768],[45.2939,-12.7713],[45.2938,-12.7754],[45.2968,-12.777],[45.298,-12.7792],[45.2961,-12.7801],[45.2965,-12.7841],[45.2942,-12.7876],[45.2951,-12.7933],[45.2969,-12.7953],[45.2923,-12.7995],[45.288,-12.7992],[45.2868,-12.8],[45.2847,-12.8038],[45.2843,-12.8078],[45.2845,-12.8116],[45.2878,-12.817],[45.2861,-12.8176],[45.2838,-12.8137],[45.2813,-12.8134],[45.2793,-12.8115],[45.2787,-12.8049],[45.2767,-12.8014],[45.2736,-12.7993],[45.2721,-12.7941],[45.2713,-12.7933]]],[[[45.2378,-12.8101],[45.2403,-12.812],[45.2366,-12.8157],[45.2341,-12.8168],[45.2323,-12.814],[45.2321,-12.8113],[45.231,-12.8077],[45.2339,-12.8049],[45.2362,-12.8051],[45.2378,-12.8101]]],[[[45.0288,-12.6551],[45.0302,-12.651],[45.0278,-12.6486],[45.0235,-12.6463],[45.0212,-12.6477],[45.0187,-12.6469],[45.0185,-12.6433],[45.0203,-12.6431],[45.0247,-12.64],[45.0266,-12.6366],[45.0332,-12.64],[45.0343,-12.6418],[45.0363,-12.6431],[45.042,-12.6481],[45.0408,-12.6493],[45.0364,-12.6506],[45.0331,-12.6555],[45.0288,-12.6551]]]]}}]}